subject_id,unit_type,segment_kind,physicsKind,pendulum_E_J,pendulum_T_sec,pendulum_regime,total_time_T,show_T,fade_T,hide_T,total_time_sec,show_sec,fade_sec,hide_sec,w_max_deg,theta_actual_deg,theta_estimated_deg,delta_theta_deg,abs_delta_theta_deg,theta_actual_rad,theta_estimated_rad,delta_theta_rad,abs_delta_theta_rad,rt_estimate_sec,source_file,E_level,E_bin,E_bin_label,rt_outlier,subject_sensitivity_flag
0002,pendulumStimulus,block,pendulum,53.40999999999889,5.235252547606952,oscillation,1.196416441763728,1.0722581525333226,0.0286519128993242,0.0955063763310809,6.263542224742401,5.6135422247424005,0.15,0.5,111.25380918535794,-58.38903035366612,-43.07405891603047,15.314971437635656,15.314971437635656,-1.0190808267183828,-0.7517841502827513,0.2672966764356316,0.2672966764356316,1.9645999999046329,experiment_data_subject0002.csv,53.41,1,中,False,False
0002,pendulumStimulus,block,pendulum,53.410000000031445,5.235252547608416,oscillation,1.4371174803869218,1.3129591911565512,0.0286519128993162,0.0955063763310542,7.523672950408221,6.873672950408221,0.15,0.5,111.253809185409,0.1222199485384722,-29.576611973176647,-29.698831921715115,29.698831921715115,0.0021331405136143,-0.5162092605167092,-0.5183424010303236,0.5183424010303236,1.8563000001907348,experiment_data_subject0002.csv,53.41,1,中,False,False
0002,pendulumStimulus,block,pendulum,53.409999999974175,5.235252547605838,oscillation,1.4950112152779509,1.3708529260475188,0.0286519128993303,0.0955063763311013,7.826761273483191,7.176761273483191,0.15,0.5,111.25380918531916,-39.60999415367407,-31.076713902576948,8.533280251097118,8.533280251097118,-0.6913248146773172,-0.5423909783002641,0.1489338363770531,0.1489338363770531,2.133,experiment_data_subject0002.csv,53.41,1,中,False,False
0002,pendulumStimulus,block,pendulum,53.40999999995992,5.235252547605197,oscillation,1.1517591962525804,1.0276009070221337,0.0286519128993339,0.095506376331113,6.029750266409035,5.379750266409035,0.15,0.5,111.25380918529682,57.6978301622319,57.140721431872535,-0.5571087303593646,0.5571087303593646,1.0070171075874406,0.9972937259510644,-0.0097233816363762,0.0097233816363762,2.264,experiment_data_subject0002.csv,53.41,1,中,False,False
0002,pendulumStimulus,block,pendulum,53.41000000003845,5.235252547608733,oscillation,2.032164538226025,1.9080062489956615,0.0286519128993145,0.0955063763310485,10.63889457590792,9.98889457590792,0.15,0.5,111.25380918542,74.68020155052079,49.89393266800285,-24.786268882517945,24.78626888251796,1.3034154031095622,0.8708134018250084,-0.4326020012845537,0.4326020012845539,2.026799999713898,experiment_data_subject0002.csv,53.41,1,中,False,False
0002,pendulumStimulus,block,pendulum,62.23000000000641,5.732602578907544,oscillation,1.601877950451183,1.488491405500099,0.0261661257579424,0.0872204191931415,9.182929669851584,8.532929669851583,0.15,0.5,125.97980059748582,-76.8066241472845,-60.28302655022508,16.523597597059414,16.523597597059414,-1.3405284787118965,-1.0521372963685864,0.28839118234331,0.28839118234331,1.6645999999046326,experiment_data_subject0002.csv,62.23,2,高,False,False
0002,pendulumStimulus,block,pendulum,62.22999999999972,5.732602578907063,oscillation,2.0070208384123123,1.8936342934612185,0.0261661257579446,0.0872204191931488,11.505452834202636,10.855452834202636,0.15,0.5,125.9798005974737,-22.712407263271125,-26.290823311676668,-3.5784160484055416,3.5784160484055416,-0.3964062877979556,-0.4588614298488371,-0.0624551420508814,0.0624551420508814,1.612400000095367,experiment_data_subject0002.csv,62.23,2,高,False,False
0002,pendulumStimulus,block,pendulum,62.22999999999155,5.732602578906477,oscillation,1.7394209532931986,1.6260344083420932,0.0261661257579473,0.0872204191931577,9.971409042652551,9.321409042652553,0.15,0.5,125.97980059745896,-67.03900799069511,-51.00114971499745,16.03785827569766,16.03785827569766,-1.1700514167084175,-0.8901379848292731,0.2799134318791446,0.2799134318791446,4.075799999713897,experiment_data_subject0002.csv,62.23,2,高,False,False
0002,pendulumStimulus,block,pendulum,62.22999999998352,5.732602578905904,oscillation,1.907576380384033,1.7941898354329169,0.0261661257579499,0.0872204191931664,10.9353772776495,10.285377277649498,0.15,0.5,125.97980059744444,4.132482159621666,13.97533041127546,9.842848251653797,9.842848251653797,0.0721254199653239,0.24391552973085,0.1717901097655261,0.1717901097655261,1.7604000000953677,experiment_data_subject0002.csv,62.23,2,高,False,False
0002,pendulumStimulus,block,pendulum,62.23000000005212,5.732602578910818,oscillation,1.9510487395737,1.8376621946226803,0.0261661257579275,0.0872204191930916,11.184587036060892,10.534587036060891,0.15,0.5,125.97980059756831,69.04159582280889,56.1048920069183,-12.936703815890588,12.936703815890588,1.2050031679391786,0.9792150919965736,-0.225788075942605,0.225788075942605,2.3508999996185302,experiment_data_subject0002.csv,62.23,2,高,False,False
0002,pendulumStimulus,block,pendulum,32.83000000001258,4.576276236944559,oscillation,1.9019195506426188,1.7598826703615489,0.0327777416033238,0.1092591386777461,8.70370924418609,8.05370924418609,0.15,0.5,80.64796494245549,-3.899998386772967,2.2571024607286243,6.157100847501592,6.157100847501591,-0.0680678126716555,0.0393938694945805,0.107461682166236,0.107461682166236,2.5144000000953675,experiment_data_subject0002.csv,32.83,1,中,False,False
0002,pendulumStimulus,block,pendulum,32.8300000000078,4.576276236944446,oscillation,1.906968318771822,1.7649314384907484,0.0327777416033246,0.1092591386777488,8.726813801801391,8.076813801801391,0.15,0.5,80.6479649424484,-3.917784434620536,10.49100618304162,14.408790617662158,14.408790617662158,-0.0683782377675128,0.1831025997411591,0.251480837508672,0.251480837508672,2.0785,experiment_data_subject0002.csv,32.83,1,中,False,False
0002,pendulumStimulus,block,pendulum,32.82999999998555,4.576276236943927,oscillation,1.6509881563561846,1.508951276075095,0.0327777416033283,0.1092591386777612,7.555377867408672,6.905377867408672,0.15,0.5,80.64796494241546,-53.16473252134247,-50.35023344191142,2.814499079431046,2.814499079431046,-0.9278996284395326,-0.8787773527091114,0.0491222757304211,0.0491222757304211,2.224700000286102,experiment_data_subject0002.csv,32.83,1,中,False,False
0002,pendulumStimulus,block,pendulum,32.82999999998545,4.576276236943924,oscillation,1.8821510273574729,1.7401141470763832,0.0327777416033284,0.1092591386777613,8.613243020835597,7.963243020835597,0.15,0.5,80.6479649424153,-31.40394574367884,-36.331102726560175,-4.927156982881336,4.927156982881329,-0.548102251344855,-0.6340973634587642,-0.0859951121139092,0.085995112113909,1.7364000000953674,experiment_data_subject0002.csv,32.83,1,中,False,False
0002,pendulumStimulus,block,pendulum,32.82999999999631,4.576276236944178,oscillation,2.1278809405940384,1.9858440603129568,0.0327777416033265,0.1092591386777552,9.737770983486923,9.087770983486925,0.15,0.5,80.64796494243139,53.04569456417455,23.15639156022832,-29.889303003946235,29.889303003946235,0.9258220241521044,0.404155275607011,-0.5216667485450934,0.5216667485450934,1.9059000000953676,experiment_data_subject0002.csv,32.83,1,中,False,False
0002,pendulumStimulus,block,pendulum,21.06999999999463,4.334270153866481,oscillation,1.7658497599357423,1.615882181329653,0.0346079027552514,0.1153596758508382,7.65366991070178,7.003669910701779,0.15,0.5,62.451454040507016,35.93585703983892,15.839018911800755,-20.09683812803816,20.09683812803817,0.6271990248711722,0.2764430302965725,-0.3507559945745996,0.3507559945745997,2.451699999809265,experiment_data_subject0002.csv,21.07,0,低,False,False
0002,pendulumStimulus,block,pendulum,21.0700000000121,4.334270153866799,oscillation,1.4447078950641252,1.2947403164580464,0.0346079027552489,0.1153596758508297,6.261754310632164,5.611754310632164,0.15,0.5,62.45145404053582,12.203524261091657,21.816664359527145,9.613140098435489,9.613140098435489,0.2129916787030575,0.3807726248762486,0.167780946173191,0.167780946173191,2.3755999999046327,experiment_data_subject0002.csv,21.07,0,低,False,False
0002,pendulumStimulus,block,pendulum,21.070000000008417,4.334270153866732,oscillation,1.5422564378412038,1.3922888592351228,0.0346079027552494,0.1153596758508315,6.6845560481439525,6.034556048143952,0.15,0.5,62.45145404052973,-0.681115637090949,9.529696092621377,10.210811729712322,10.210811729712324,-0.0118877104540558,0.1663245735306814,0.1782122839847373,0.1782122839847373,2.3307999997138977,experiment_data_subject0002.csv,21.07,0,低,False,False
0002,pendulumStimulus,block,pendulum,21.070000000003727,4.334270153866647,oscillation,1.907334235164672,1.757366656558588,0.0346079027552501,0.1153596758508338,8.266901848922306,7.616901848922306,0.15,0.5,62.451454040522,-8.187595170250905,-5.845557966424512,2.342037203826393,2.342037203826393,-0.1429004935412639,-0.1020242331302918,0.040876260410972,0.040876260410972,2.1589000000953678,experiment_data_subject0002.csv,21.07,0,低,False,False
0002,pendulumStimulus,block,pendulum,21.07000000000654,4.334270153866698,oscillation,1.6438788374824058,1.4939112588763237,0.0346079027552497,0.1153596758508324,7.125014981873076,6.475014981873076,0.15,0.5,62.45145404052665,-39.100509741652594,-23.026371644405412,16.07413809724718,16.074138097247182,-0.6824326341999551,-0.4018859999827354,0.2805466342172197,0.2805466342172197,2.8650999999046327,experiment_data_subject0002.csv,21.07,0,低,False,False
0002,pendulumStimulus,block,pendulum,71.05000000001104,6.6660371264547775,oscillation,1.3831097208821128,1.2856005129870027,0.0225021248988715,0.0750070829962384,9.219860749360668,8.569860749360668,0.15,0.5,144.34091230388893,68.52513655736114,54.24158195596976,-14.283554601391382,14.283554601391367,1.195989253304684,0.9466941966220184,-0.2492950566826658,0.2492950566826656,2.2775999999046324,experiment_data_subject0002.csv,71.05,2,高,False,False
0002,pendulumStimulus,block,pendulum,71.04999999995005,6.666037126444771,oscillation,1.5516003337616546,1.4540911258663982,0.0225021248989052,0.0750070829963509,10.343025430259289,9.693025430259288,0.15,0.5,144.34091230373596,42.04523097189253,23.062033625663386,-18.98319734622915,18.98319734622915,0.7338277152210201,0.4025084189734714,-0.3313192962475486,0.3313192962475486,2.204900000095368,experiment_data_subject0002.csv,71.05,2,高,False,False
0002,pendulumStimulus,block,pendulum,71.05000000000508,6.6660371264538,oscillation,1.9276669972968343,1.83015778940171,0.0225021248988748,0.0750070829962494,12.849899771420414,12.199899771420414,0.15,0.5,144.34091230387398,-88.80136074909458,-44.55671467135813,44.24464607773645,44.24464607773645,-1.5498761253229585,-0.7776613748868625,0.772214750436096,0.772214750436096,1.4884000000953674,experiment_data_subject0002.csv,71.05,2,高,False,False
0002,pendulumStimulus,block,pendulum,71.0500000000366,6.666037126458969,oscillation,2.044284653842472,1.946775445947424,0.0225021248988573,0.0750070829961912,13.62727739956424,12.97727739956424,0.15,0.5,144.34091230395302,14.525449344628326,23.239556670733844,8.71410732610552,8.714107326105518,0.2535169163954168,0.4056067806081173,0.1520898642127005,0.1520898642127005,1.815300000190735,experiment_data_subject0002.csv,71.05,2,高,False,False
0002,pendulumStimulus,block,pendulum,71.05000000001829,6.666037126455962,oscillation,1.5020672494937404,1.4045580415986478,0.0225021248988675,0.075007082996225,10.012836051558864,9.362836051558864,0.15,0.5,144.34091230390706,78.85832026476606,41.444086734905845,-37.41423352986023,37.41423352986021,1.3763373312123344,0.7233357690062133,-0.6530015622061212,0.6530015622061208,1.5112000002861024,experiment_data_subject0002.csv,71.05,2,高,False,False
0002,pendulumStimulus,block,pendulum,68.10999999999811,6.263260624859384,oscillation,2.0845276230390657,1.980747812660411,0.0239491870104587,0.0798306233681957,13.055939782812304,12.405939782812304,0.15,0.5,137.51888712456355,-64.05463190155992,-40.78297719132784,23.271654710232077,23.271654710232077,-1.1179642278352169,-0.7117972307544203,0.4061669970807966,0.4061669970807966,1.8265,experiment_data_subject0002.csv,68.11,2,高,False,False
0002,pendulumStimulus,block,pendulum,68.11000000001746,6.263260624861619,oscillation,1.4632692296433365,1.359489419264719,0.0239491870104501,0.0798306233681672,9.164836549596703,8.514836549596703,0.15,0.5,137.51888712460547,21.814672839930637,38.56800497023541,16.75333213030478,16.75333213030478,0.3807378663021715,0.6731386726561456,0.2924008063539741,0.2924008063539741,1.533,experiment_data_subject0002.csv,68.11,2,高,False,False
0002,pendulumStimulus,block,pendulum,68.10999999999443,6.263260624858959,oscillation,1.9665798013008744,1.8627999909222128,0.0239491870104603,0.0798306233682012,12.31720183513072,11.66720183513072,0.15,0.5,137.51888712455556,5.89834884451313,-14.248194132680158,-20.14654297719329,20.14654297719329,0.1029456077679571,-0.2486779000786065,-0.3516235078465637,0.3516235078465637,1.4929000000953674,experiment_data_subject0002.csv,68.11,2,高,False,False
0002,pendulumStimulus,block,pendulum,68.10999999995984,6.263260624854967,oscillation,1.3555086754638976,1.2517288650851697,0.0239491870104756,0.079830623368252,8.48990411368234,7.839904113682338,0.15,0.5,137.51888712448073,-75.5904760393677,-73.18331835504756,2.407157684320138,2.407157684320151,-1.3193026900368492,-1.2772898628307805,0.0420128272060686,0.0420128272060689,2.8445,experiment_data_subject0002.csv,68.11,2,高,False,False
0002,pendulumStimulus,block,pendulum,68.10999999997854,6.263260624857125,oscillation,1.485180562958485,1.3814007525797931,0.0239491870104673,0.0798306233682245,9.30207294078102,8.65207294078102,0.15,0.5,137.5188871245212,-40.14890304745336,7.196324594395626,47.34522764184898,47.34522764184898,-0.7007305492420463,0.1255995582144491,0.8263301074564953,0.8263301074564953,1.798800000190735,experiment_data_subject0002.csv,68.11,2,高,False,False
0002,pendulumStimulus,block,pendulum,18.129999999989003,4.282342728140963,oscillation,1.6360478798439917,1.4842618035618216,0.0350275560651161,0.1167585202170538,7.006117741140358,6.356117741140357,0.15,0.5,57.48638536675957,-31.92027180789672,-28.43270276003021,3.487569047866513,3.487569047866513,-0.5571138411793207,-0.4962442784034063,0.0608695627759143,0.0608695627759143,1.7257999997138975,experiment_data_subject0002.csv,18.13,0,低,False,False
0002,pendulumStimulus,block,pendulum,18.129999999990662,4.282342728140993,oscillation,2.091070719906147,1.939284643623978,0.0350275560651159,0.116758520217053,8.954681491418638,8.304681491418638,0.15,0.5,57.48638536676246,29.615557161893243,23.42529844168075,-6.190258720212492,6.190258720212492,0.5168889822876244,0.4088485860696259,-0.1080403962179984,0.1080403962179984,1.8185999999046325,experiment_data_subject0002.csv,18.13,0,低,False,False
0002,pendulumStimulus,block,pendulum,18.12999999999908,4.282342728141137,oscillation,2.0647298753308263,1.9129437990486624,0.0350275560651147,0.116758520217049,8.841880967198719,8.191880967198719,0.15,0.5,57.48638536677704,1.295836383047411,-9.280707013019171,-10.576543396066583,10.576543396066583,0.0226166114513117,-0.1619788942901128,-0.1845955057414245,0.1845955057414245,1.9027000002861023,experiment_data_subject0002.csv,18.13,0,低,False,False
0002,pendulumStimulus,block,pendulum,18.12999999998656,4.282342728140922,oscillation,1.9162552474579049,1.7644691711757332,0.0350275560651164,0.1167585202170549,8.20606172421324,7.55606172421324,0.15,0.5,57.48638536675534,19.837949006410376,15.328639182942569,-4.5093098234678095,4.5093098234678095,0.3462375270045987,0.2675352235925612,-0.0787023034120375,0.0787023034120375,1.8813999996185304,experiment_data_subject0002.csv,18.13,0,低,False,False
0002,pendulumStimulus,block,pendulum,18.129999999987323,4.282342728140935,oscillation,1.3868331070104811,1.2350470307283103,0.0350275560651163,0.1167585202170545,5.938894670951434,5.288894670951434,0.15,0.5,57.48638536675666,-13.67420963002778,-0.2561522463957771,13.418057383632,13.418057383632,-0.2386599806519004,-0.004470700085986,0.2341892805659143,0.2341892805659143,1.5800999999046326,experiment_data_subject0002.csv,18.13,0,低,False,False
0002,pendulumStimulus,block,pendulum,59.28999999999724,5.53999641147991,oscillation,1.825459466567799,1.708130870712921,0.0270758298126641,0.0902527660422137,10.113038894087635,9.463038894087637,0.15,0.5,120.8304974317832,66.65715932542803,58.43704695394719,-8.22011237148083,8.220112371480843,1.1633869002551611,1.0199188744889016,-0.1434680257662597,0.1434680257662599,2.97289999961853,experiment_data_subject0002.csv,59.29,2,高,False,False
0002,pendulumStimulus,block,pendulum,59.29000000002486,5.539996411481567,oscillation,1.5860461674356252,1.4687175715807823,0.027075829812656,0.0902527660421867,8.786690076037457,8.136690076037457,0.15,0.5,120.8304974318302,53.661251689898656,63.25968356379024,9.598431873891585,9.598431873891585,0.9365655227301029,1.10408976195788,0.1675242392277772,0.1675242392277772,2.399699999809265,experiment_data_subject0002.csv,59.29,2,高,False,False
0002,pendulumStimulus,block,pendulum,59.28999999996398,5.539996411477914,oscillation,1.1337432076880902,1.01641461183317,0.0270758298126738,0.0902527660422462,6.28093330212948,5.630933302129479,0.15,0.5,120.83049743172658,44.04662044512716,-5.500163033546972,-49.546783478674136,49.546783478674136,0.7687585511437193,-0.095995954331874,-0.8647545054755933,0.8647545054755933,1.716,experiment_data_subject0002.csv,59.29,2,高,False,False
0002,pendulumStimulus,block,pendulum,59.29000000002487,5.539996411481568,oscillation,1.4824266184778303,1.3650980226229876,0.027075829812656,0.0902527660421867,8.212638146651937,7.562638146651937,0.15,0.5,120.83049743183024,-22.174304766364315,-2.396157679036148,19.77814708732817,19.77814708732817,-0.3870146275137293,-0.0418208408961262,0.3451937866176029,0.3451937866176029,2.3075,experiment_data_subject0002.csv,59.29,2,高,False,False
0002,pendulumStimulus,block,pendulum,59.28999999997045,5.539996411478303,oscillation,1.9405656890204288,1.8232370931655169,0.0270758298126719,0.0902527660422399,10.750726953411094,10.100726953411094,0.15,0.5,120.8304974317376,-37.60181017170568,-39.15114465828111,-1.5493344865754206,1.5493344865754206,-0.6562753922061585,-0.6833163802115955,-0.0270409880054369,0.0270409880054369,3.292,experiment_data_subject0002.csv,59.29,2,高,False,False
0002,pendulumStimulus,block,pendulum,41.65000000001152,4.80817510827583,oscillation,1.3182493264244886,1.183062902186066,0.0311968671319436,0.1039895571064789,6.338373597815606,5.688373597815605,0.15,0.5,93.58332169848885,31.65301693420857,23.921499622647143,-7.73151731156142,7.73151731156142,0.5524493636914608,0.4175089304297738,-0.134940433261687,0.134940433261687,1.9935999999046323,experiment_data_subject0002.csv,41.65,1,中,False,False
0002,pendulumStimulus,block,pendulum,41.64999999997228,4.808175108274667,oscillation,1.4402891029527756,1.30510267871432,0.0311968671319512,0.1039895571065041,6.925162213536784,6.275162213536784,0.15,0.5,93.58332169843138,22.625928243048325,23.766748986807805,1.1408207437594815,1.1408207437594784,0.394896944161169,0.4148080223148225,0.0199110781536535,0.0199110781536534,1.4873999996185303,experiment_data_subject0002.csv,41.65,1,中,False,False
0002,pendulumStimulus,block,pendulum,41.650000000033245,4.808175108276474,oscillation,2.042041874017364,1.9068554497789592,0.0311968671319395,0.103989557106465,9.818494908708532,9.168494908708531,0.15,0.5,93.58332169852063,6.10946897183693,21.59918958425518,15.48972061241825,15.48972061241825,0.1066303491069871,0.376976974007718,0.2703466249007309,0.2703466249007309,2.021,experiment_data_subject0002.csv,41.65,1,中,False,False
0002,pendulumStimulus,block,pendulum,41.649999999983294,4.808175108274994,oscillation,1.9769615121109665,1.84177508787252,0.0311968671319491,0.103989557106497,9.50557713254964,8.85557713254964,0.15,0.5,93.5833216984475,64.30270703103707,37.311719997293146,-26.990987033743927,26.990987033743927,1.1222939556369045,0.6512123635349751,-0.4710815921019293,0.4710815921019293,2.0475,experiment_data_subject0002.csv,41.65,1,中,False,False
0002,pendulumStimulus,block,pendulum,6.369999999983104,4.099668686115496,oscillation,1.709320181264409,1.5507707837969065,0.0365883224925006,0.121961074975002,7.007646421674962,6.3576464216749615,0.15,0.5,33.12294020769859,12.343331029542576,4.770366004377831,-7.572965025164744,7.572965025164744,0.2154317671290994,0.0832585933015993,-0.1321731738275,0.1321731738275,1.4971000003814696,experiment_data_subject0002.csv,6.37,0,低,False,False
0002,pendulumStimulus,block,pendulum,6.369999999996763,4.099668686115688,oscillation,2.1030490328379434,1.944499635370448,0.0365883224924988,0.1219610749749963,8.6218042652916,7.9718042652916,0.15,0.5,33.12294020773512,1.231178686587428,13.510739517908856,12.279560831321428,12.279560831321428,0.0214881217613299,0.2358068889668209,0.2143187672054909,0.2143187672054909,1.7387999997138976,experiment_data_subject0002.csv,6.37,0,低,False,False
0002,pendulumStimulus,block,pendulum,6.369999999987395,4.099668686115557,oscillation,1.345919135940126,1.1873697384726256,0.0365883224925,0.1219610749750002,5.517822535657442,4.867822535657441,0.15,0.5,33.12294020771007,-7.048800396483199,-4.1257469718069615,2.9230534246762376,2.9230534246762376,-0.1230247752345135,-0.0720078687622171,0.0510169064722964,0.0510169064722964,1.760599999904633,experiment_data_subject0002.csv,6.37,0,低,False,False
0002,pendulumStimulus,block,pendulum,6.370000000011106,4.099668686115891,oscillation,2.129446434072071,1.9708970366045837,0.036588322492497,0.1219610749749902,8.730024864526415,8.080024864526415,0.15,0.5,33.12294020777349,22.430323421685536,14.700608075292308,-7.729715346393227,7.729715346393227,0.391482995995613,0.2565740129591172,-0.1349089830364958,0.1349089830364958,1.9095999999046325,experiment_data_subject0002.csv,6.37,0,低,False,False
0002,pendulumStimulus,block,pendulum,6.370000000007654,4.099668686115842,oscillation,1.499431758868362,1.3408823614008725,0.0365883224924975,0.1219610749749917,6.147173428800222,5.497173428800222,0.15,0.5,33.122940207764266,-1.7164274684102634,6.647349833931768,8.363777302342031,8.363777302342031,-0.02995731069543,0.1160181411340076,0.1459754518294377,0.1459754518294377,1.5534000000953674,experiment_data_subject0002.csv,6.37,0,低,False,False
0002,pendulumStimulus,block,pendulum,38.70999999997702,4.724659585306799,oscillation,1.5608710142377715,1.4232949649449438,0.0317483190675756,0.1058277302252522,7.374584198846033,6.724584198846032,0.15,0.5,89.28378410377147,-28.56212525998887,-1.5393296850798197,27.02279557490905,27.02279557490905,-0.4985031271538472,-0.0268663712783302,0.4716367558755169,0.4716367558755169,1.5846000003814698,experiment_data_subject0002.csv,38.71,1,中,False,False
0002,pendulumStimulus,block,pendulum,38.7100000000119,4.724659585307749,oscillation,1.6228184684704663,1.4852424191776663,0.0317483190675692,0.1058277302252309,7.667264832273431,7.017264832273431,0.15,0.5,89.28378410382246,-44.5129898527784,-22.782908793952483,21.73008105882592,21.73008105882592,-0.7768982328378091,-0.3976367716360412,0.3792614612017679,0.3792614612017679,1.3862000002861024,experiment_data_subject0002.csv,38.71,1,中,False,False
0002,pendulumStimulus,block,pendulum,38.71000000001529,4.724659585307841,oscillation,2.036726327479223,1.8991502781864256,0.0317483190675686,0.1058277302252288,9.622838565773549,8.972838565773548,0.15,0.5,89.28378410382741,-33.29657668048556,-14.556645642509077,18.739931037976483,18.739931037976483,-0.581134892717237,-0.2540613945078688,0.3270734982093681,0.3270734982093681,1.708,experiment_data_subject0002.csv,38.71,1,中,False,False
0002,pendulumStimulus,block,pendulum,38.71000000001188,4.724659585307748,oscillation,1.8911627653114176,1.7535867160186172,0.0317483190675692,0.1058277302252309,8.935100286505696,8.285100286505696,0.15,0.5,89.28378410382241,44.9103393746591,31.18188481177664,-13.728454562882456,13.728454562882456,0.7838332902758525,0.5442265569431147,-0.2396067333327377,0.2396067333327377,1.679,experiment_data_subject0002.csv,38.71,1,中,False,False
0002,pendulumStimulus,block,pendulum,38.70999999998376,4.7246595853069815,oscillation,1.9396151784866948,1.802039129193872,0.0317483190675744,0.1058277302252481,9.164021444844074,8.514021444844074,0.15,0.5,89.28378410378131,55.3365853043145,50.46484636716947,-4.871738937145022,4.871738937145028,0.9658056103709962,0.8807777256202065,-0.0850278847507897,0.0850278847507898,1.6696999998092652,experiment_data_subject0002.csv,38.71,1,中,False,False
0002,pendulumStimulus,block,pendulum,35.77000000001148,4.647657590940955,oscillation,1.207633626785445,1.0677782292477789,0.0322743225086922,0.1075810750289741,5.6126675926049305,4.96266759260493,0.15,0.5,84.98019986833873,-46.52964148499244,-33.7106906915094,12.818950793483038,12.818950793483046,-0.8120954436856618,-0.5883625456882431,0.2237328979974187,0.2237328979974188,1.948,experiment_data_subject0002.csv,35.77,1,中,False,False
0002,pendulumStimulus,block,pendulum,35.76999999995443,4.647657590939518,oscillation,1.9381420888457312,1.7982866913080215,0.0322743225087022,0.1075810750290073,9.007820791543235,8.357820791543237,0.15,0.5,84.98019986825501,-32.17120752596336,-6.134506011299606,26.036701514663758,26.03670151466376,-0.5614934956704398,-0.1070673278805625,0.4544261677898771,0.4544261677898772,2.107300000190735,experiment_data_subject0002.csv,35.77,1,中,False,False
0002,pendulumStimulus,block,pendulum,35.769999999986965,4.647657590940337,oscillation,1.7251336194093887,1.585278221871704,0.0322743225086965,0.1075810750289884,8.017830361634424,7.367830361634424,0.15,0.5,84.98019986830276,-51.58054820367828,-49.30135308455303,2.2791951191252475,2.279195119125254,-0.9002503961378326,-0.8604709370137127,0.0397794591241199,0.03977945912412,2.597800000190735,experiment_data_subject0002.csv,35.77,1,中,False,False
0002,pendulumStimulus,block,pendulum,35.76999999999438,4.647657590940525,oscillation,1.7966809281132676,1.6568255305755883,0.0322743225086952,0.107581075028984,8.350357754043696,7.700357754043695,0.15,0.5,84.98019986831365,-26.97590825640656,-22.59938136152783,4.376526894878726,4.3765268948787295,-0.4708184177902171,-0.3944336136724996,0.0763848041177175,0.0763848041177175,1.7380999999046325,experiment_data_subject0002.csv,35.77,1,中,False,False
0002,pendulumStimulus,block,pendulum,35.76999999998756,4.647657590940353,oscillation,1.997460531208998,1.8576051336713133,0.0322743225086964,0.107581075028988,9.28351260047725,8.63351260047725,0.15,0.5,84.98019986830363,19.48291530823132,16.112709607330743,-3.370205700900578,3.370205700900578,0.3400410200158424,0.2812198340656441,-0.0588211859501983,0.0588211859501983,1.6197000002861024,experiment_data_subject0002.csv,35.77,1,中,False,False
0002,pendulumStimulus,block,pendulum,47.53000000002646,4.999536822393662,oscillation,1.4525251865669286,1.3225131428334862,0.030002779323102,0.1000092644103402,7.261953155695583,6.611953155695582,0.15,0.5,102.26889899599614,-59.78206322575805,-53.96483148952658,5.81723173623147,5.817231736231464,-1.0433938369249,-0.9418639897761546,0.1015298471487454,0.1015298471487453,2.853,experiment_data_subject0002.csv,47.53,1,中,False,False
0002,pendulumStimulus,block,pendulum,47.53000000002817,4.999536822393723,oscillation,1.212549170460843,1.0825371267274022,0.0300027793231017,0.100009264410339,6.062184226681948,5.412184226681948,0.15,0.5,102.26889899599868,39.56169555091977,13.115104740475651,-26.44659081044412,26.44659081044412,0.690481845035142,0.2289017594652165,-0.4615800855699254,0.4615800855699254,1.9551000003814696,experiment_data_subject0002.csv,47.53,1,中,False,False
0002,pendulumStimulus,block,pendulum,47.52999999998907,4.999536822392323,oscillation,2.019001936288878,1.8889898925554007,0.0300027793231101,0.100009264410367,10.094074524957644,9.444074524957644,0.15,0.5,102.26889899594022,-43.20212542473213,-33.84394831898529,9.358177105746837,9.358177105746837,-0.7540193325211293,-0.5906883300410934,0.1633310024800358,0.1633310024800358,1.5075,experiment_data_subject0002.csv,47.53,1,中,False,False
0002,pendulumStimulus,block,pendulum,47.530000000023406,4.999536822393552,oscillation,1.9627782569549208,1.8327662132214757,0.0300027793231027,0.1000092644103424,9.812982169839556,9.162982169839555,0.15,0.5,102.26889899599156,-32.065767256359976,-17.528805118411007,14.536962137948972,14.536962137948972,-0.5596532158016703,-0.3059353632567065,0.2537178525449637,0.2537178525449637,2.384,experiment_data_subject0002.csv,47.53,1,中,False,False
0002,pendulumStimulus,block,pendulum,47.52999999996641,4.99953682239151,oscillation,2.057812678609392,1.9278006348758936,0.0300027793231149,0.1000092644103832,10.28811026029176,9.63811026029176,0.15,0.5,102.26889899590633,-69.69635239174367,-79.08555324979058,-9.389200858046904,9.389200858046904,-1.2164308258661518,-1.380303294970147,-0.1638724691039952,0.1638724691039952,3.077,experiment_data_subject0002.csv,47.53,1,中,False,False
0002,pendulumStimulus,block,pendulum,24.009999999993703,4.38924304071656,oscillation,1.502594051287085,1.3545047352090478,0.0341744575564701,0.1139148585215671,6.595250482633939,5.945250482633939,0.15,0.5,67.2009687281012,-25.93871840768824,-25.11608715239864,0.822631255289603,0.822631255289603,-0.4527160399618206,-0.438358416027203,0.0143576239346175,0.0143576239346175,1.6220999999046326,experiment_data_subject0002.csv,24.01,0,低,False,False
0002,pendulumStimulus,block,pendulum,24.010000000004965,4.389243040716776,oscillation,1.281992583172895,1.1339032670948654,0.0341744575564684,0.1139148585215615,5.626977023942154,4.976977023942154,0.15,0.5,67.20096872811907,-24.817187826320023,-31.330407375396103,-6.51321954907608,6.51321954907608,-0.433141638655139,-0.546818764691777,-0.1136771260366379,0.1136771260366379,2.102,experiment_data_subject0002.csv,24.01,0,低,False,False
0002,pendulumStimulus,block,pendulum,24.01000000001564,4.389243040716981,oscillation,2.054082303178058,1.905992987100035,0.0341744575564668,0.1139148585215561,9.0158664542842,8.3658664542842,0.15,0.5,67.20096872813598,40.11198247656594,31.77131099020686,-8.340671486359083,8.340671486359083,0.7000861637183449,0.5545139844541696,-0.1455721792641753,0.1455721792641753,1.9907000002861024,experiment_data_subject0002.csv,24.01,0,低,False,False
0002,pendulumStimulus,block,pendulum,24.009999999993347,4.389243040716552,oscillation,1.6455091129620971,1.49741979688406,0.0341744575564701,0.1139148585215673,7.222539422504553,6.572539422504553,0.15,0.5,67.20096872810065,-11.78421194592477,5.342820969257914,17.12703291518268,17.12703291518268,-0.2056732982092352,0.0932498172581453,0.2989231154673805,0.2989231154673805,2.5607000002861025,experiment_data_subject0002.csv,24.01,0,低,False,False
0002,pendulumStimulus,block,pendulum,24.009999999978245,4.389243040716261,oscillation,2.0786790099093277,1.93058969383128,0.0341744575564724,0.1139148585215748,9.123827378127483,8.473827378127483,0.15,0.5,67.20096872807669,12.348548321247929,31.49869501295964,19.15014669171171,19.15014669171171,0.2155228260473948,0.5497559380576637,0.3342331120102688,0.3342331120102688,2.1373000001907347,experiment_data_subject0002.csv,24.01,0,低,False,False
0002,pendulumStimulus,block,pendulum,50.46999999997219,5.110679999167186,oscillation,1.492224837616496,1.3650401968043298,0.0293503017258844,0.0978343390862816,7.626283631867127,6.976283631867127,0.15,0.5,106.7083437156128,-32.94759606683661,-16.835652723742786,16.111943343093827,16.111943343093827,-0.5750440319834326,-0.2938375717516629,0.2812064602317696,0.2812064602317696,1.6907999997138976,experiment_data_subject0002.csv,50.47,1,中,False,False
0002,pendulumStimulus,block,pendulum,50.47000000002599,5.110679999169334,oscillation,1.8535453274011453,1.7263606865890324,0.0293503017258721,0.0978343390862405,9.472877032302808,8.822877032302808,0.15,0.5,106.70834371569492,61.38265049649964,47.42250014673768,-13.960150349761964,13.960150349761964,1.0713293547648508,0.8276787670880665,-0.2436505876767842,0.2436505876767842,1.9892000002861023,experiment_data_subject0002.csv,50.47,1,中,False,False
0002,pendulumStimulus,block,pendulum,50.47000000003874,5.110679999169843,oscillation,1.4471818306114237,1.3199971897993237,0.0293503017258692,0.0978343390862307,7.396083236867803,6.746083236867802,0.15,0.5,106.70834371571436,28.79379887468313,55.50158264100195,26.707783766318823,26.707783766318823,0.5025465945202587,0.968685357153214,0.4661387626329553,0.4661387626329553,2.206299999713898,experiment_data_subject0002.csv,50.47,1,中,False,False
0002,pendulumStimulus,block,pendulum,50.46999999999524,5.110679999168107,oscillation,1.6614496879842278,1.5342650471720845,0.0293503017258792,0.097834339086264,8.491137690005084,7.841137690005084,0.15,0.5,106.70834371564796,-0.9420354741165666,-13.58076695384156,-12.638731479724994,12.638731479724994,-0.0164416206939199,-0.2370290982905759,-0.2205874775966561,0.2205874775966561,2.240900000095368,experiment_data_subject0002.csv,50.47,1,中,False,False
0002,pendulumStimulus,block,pendulum,50.47000000000818,5.110679999168624,oscillation,1.831406360920893,1.7042217201087624,0.0293503017258762,0.0978343390862541,9.3597318591086,8.7097318591086,0.15,0.5,106.70834371566772,57.91907846802704,22.98079467581512,-34.93828379221191,34.93828379221191,1.010878618988025,0.4010905318177568,-0.6097880871702682,0.6097880871702682,2.4114000000953677,experiment_data_subject0002.csv,50.47,1,中,False,False
0002,pendulumStimulus,block,pendulum,26.95000000000959,4.447612408439625,oscillation,1.9491867447704048,1.803040916332975,0.0337259604086375,0.1124198680287919,8.669227152406892,8.019227152406891,0.15,0.5,71.79004313573175,-16.24941512068547,-0.085634616572492,16.163780504112978,16.163780504112978,-0.2836057953793132,-0.0014946060128728,0.2821111893664403,0.2821111893664403,1.5273999996185303,experiment_data_subject0002.csv,26.95,0,低,False,False
0002,pendulumStimulus,block,pendulum,26.94999999998493,4.447612408439119,oscillation,1.5455185239169882,1.399372695479542,0.0337259604086414,0.1124198680288047,6.873867364445709,6.2238673644457085,0.15,0.5,71.79004313569381,-23.776136543628432,6.503182542260131,30.27931908588856,30.27931908588856,-0.4149718660900605,0.1135019472206545,0.5284738133107151,0.5284738133107151,1.5089000000953674,experiment_data_subject0002.csv,26.95,0,低,False,False
0002,pendulumStimulus,block,pendulum,26.94999999998661,4.447612408439154,oscillation,2.1382799832116937,1.9921341547742488,0.0337259604086411,0.1124198680288038,9.510240586049395,8.860240586049395,0.15,0.5,71.7900431356964,-46.33850563884611,-38.61912275089015,7.719382887955961,7.719382887955961,-0.808759493851823,-0.674030846234883,0.13472864761694,0.13472864761694,1.5275999999046326,experiment_data_subject0002.csv,26.95,0,低,False,False
0002,pendulumStimulus,block,pendulum,26.950000000038617,4.447612408440219,oscillation,1.5308539091110005,1.3847080806735903,0.033725960408633,0.1124198680287769,6.8086448416713,6.1586448416713,0.15,0.5,71.79004313577641,-29.82446836516909,-29.75444031974317,0.0700280454259142,0.0700280454259142,-0.520535170629091,-0.5193129506676727,0.0012222199614183,0.0012222199614183,1.6515999999046325,experiment_data_subject0002.csv,26.95,0,低,False,False
0002,pendulumStimulus,block,pendulum,26.949999999987085,4.447612408439164,oscillation,1.2036128243398043,1.0574669959023597,0.033725960408641,0.1124198680288035,5.353203332490221,4.7032033324902205,0.15,0.5,71.79004313569712,43.13085713541034,25.55884077968163,-17.5720163557287,17.5720163557287,0.7527754662202001,0.4460859245984391,-0.3066895416217609,0.3066895416217609,1.4107999997138978,experiment_data_subject0002.csv,26.95,0,低,False,False
0002,pendulumStimulus,block,pendulum,15.189999999976587,4.233160722010175,oscillation,2.1440546488700587,1.990505080902949,0.0354345156847175,0.1181150522823919,9.07612792544005,8.42612792544005,0.15,0.5,52.22951041132093,11.17950940602828,17.56146582674666,6.381956420718379,6.381956420718381,0.1951192478928691,0.3065054001531972,0.1113861522603281,0.1113861522603281,1.3888999996185305,experiment_data_subject0002.csv,15.19,0,低,False,False
0002,pendulumStimulus,block,pendulum,15.190000000020497,4.233160722010891,oscillation,1.5078485782103506,1.3542990102432668,0.0354345156847116,0.118115052282372,6.382965376020023,5.732965376020022,0.15,0.5,52.22951041140213,11.331414235581786,11.691601659119796,0.3601874235380121,0.3601874235380137,0.1977704873182585,0.2040569437832722,0.0062864564650136,0.0062864564650136,1.5611999998092652,experiment_data_subject0002.csv,15.19,0,低,False,False
0002,pendulumStimulus,block,pendulum,15.189999999984453,4.233160722010304,oscillation,2.042545838685158,1.888996270718053,0.0354345156847165,0.1181150522823883,8.646424817227604,7.996424817227605,0.15,0.5,52.22951041133548,-31.89722362430921,-17.214243010410406,14.682980613898804,14.6829806138988,-0.5567115744891145,-0.300445218770082,0.2562663557190324,0.2562663557190323,1.5875,experiment_data_subject0002.csv,15.19,0,低,False,False
0002,pendulumStimulus,block,pendulum,15.189999999995257,4.23316072201048,oscillation,1.7626189647087869,1.6090693967416885,0.035434515684715,0.1181150522823834,7.461449369276012,6.811449369276012,0.15,0.5,52.22951041135545,27.767935194690644,34.469790920345545,6.701855725654903,6.701855725654903,0.4846418956277644,0.6016113440340762,0.1169694484063118,0.1169694484063118,1.6469000000953675,experiment_data_subject0002.csv,15.19,0,低,False,False
0002,pendulumStimulus,block,pendulum,15.190000000006936,4.23316072201067,oscillation,1.8036395478373368,1.6500899798702449,0.0354345156847134,0.1181150522823781,7.635096090570098,6.985096090570098,0.15,0.5,52.229510411377056,22.600147442208232,32.095798421404766,9.495650979196537,9.495650979196531,0.3944469843027085,0.5601773585099117,0.1657303742072031,0.165730374207203,1.9739000000953677,experiment_data_subject0002.csv,15.19,0,低,False,False
0002,pendulumStimulus,block,pendulum,12.249999999982244,4.186465708941215,oscillation,2.058893306720752,1.9036310771480205,0.035829745286015,0.1194324842867167,8.619486226955015,7.969486226955015,0.15,0.5,46.567463442174486,12.138536092697588,10.644007911359813,-1.4945281813377778,1.4945281813377778,0.2118574211897405,0.1857729836615534,-0.026084437528187,0.026084437528187,2.5704000000953675,experiment_data_subject0002.csv,12.25,0,低,False,False
0002,pendulumStimulus,block,pendulum,12.25000000000141,4.186465708941512,oscillation,1.8379131221023572,1.6826508925296366,0.0358297452860124,0.1194324842867082,7.694360261695153,7.044360261695153,0.15,0.5,46.56746344221306,-1.0486270384555372,8.600299125202984,9.64892616365852,9.64892616365852,-0.0183019944464863,0.1501035363911801,0.1684055308376664,0.1684055308376664,4.380599999904633,experiment_data_subject0002.csv,12.25,0,低,False,False
0002,pendulumStimulus,block,pendulum,12.250000000011925,4.186465708941675,oscillation,1.6308309348111163,1.475568705238402,0.035829745286011,0.1194324842867035,6.827417785668036,6.177417785668036,0.15,0.5,46.56746344223424,-3.964890521980497,-2.21194301860547,1.7529475033750277,1.7529475033750277,-0.0692003940896762,-0.0386056885411676,0.0305947055485086,0.0305947055485086,2.2919000000953678,experiment_data_subject0002.csv,12.25,0,低,False,False
0002,pendulumStimulus,block,pendulum,12.249999999990903,4.186465708941349,oscillation,2.021842470932497,1.8665802413597703,0.0358297452860138,0.1194324842867128,8.464374173440145,7.814374173440146,0.15,0.5,46.56746344219192,18.946403520150064,25.980416551875603,7.0340130317255385,7.0340130317255385,0.3306771228380624,0.4534438098698614,0.122766687031799,0.122766687031799,3.456200000286102,experiment_data_subject0002.csv,12.25,0,低,False,False
0002,pendulumStimulus,block,pendulum,9.310000000013394,4.142033564160633,oscillation,1.648570576485774,1.4916428283322605,0.0362140957277338,0.1207136524257796,6.82843466069172,6.178434660691719,0.15,0.5,40.31490917473901,24.827119895479164,13.670722240663832,-11.156397654815333,11.156397654815333,0.4333149859635018,0.2385991142252004,-0.1947158717383013,0.1947158717383013,1.6868999996185303,experiment_data_subject0002.csv,9.31,0,低,False,False
0002,pendulumStimulus,block,pendulum,9.30999999998786,4.142033564160258,oscillation,1.4699543861565942,1.3130266380030662,0.0362140957277371,0.1207136524257906,6.088600405245201,5.438600405245201,0.15,0.5,40.31490917468133,25.46550000356318,15.021602388497172,-10.443897615066009,10.443897615066009,0.4444568207288051,0.26217642060472,-0.1822804001240851,0.1822804001240851,1.836,experiment_data_subject0002.csv,9.31,0,低,False,False
0002,pendulumStimulus,block,pendulum,9.310000000015508,4.1420335641606645,oscillation,1.1800811274801988,1.0231533793266865,0.0362140957277336,0.1207136524257787,4.887935638455543,4.237935638455543,0.15,0.5,40.31490917474379,8.656923126886564,12.73978441379938,4.082861286912814,4.082861286912814,0.1510918116562134,0.2223511840150548,0.0712593723588414,0.0712593723588414,2.039800000190735,experiment_data_subject0002.csv,9.31,0,低,False,False
0002,pendulumStimulus,block,pendulum,9.30999999998394,4.142033564160199,oscillation,1.891226683779232,1.734298935625702,0.0362140957277376,0.1207136524257923,7.833524401648967,7.183524401648967,0.15,0.5,40.31490917467247,13.09987310305043,10.074702048457333,-3.0251710545930965,3.0251710545930965,0.2286359172416764,0.1758367219029977,-0.0527991953386786,0.0527991953386786,1.7802999997138975,experiment_data_subject0002.csv,9.31,0,低,False,False
0002,pendulumStimulus,block,pendulum,9.309999999984807,4.142033564160212,oscillation,1.2506963778646512,1.093768629711121,0.0362140957277375,0.1207136524257919,5.180426375688987,4.530426375688987,0.15,0.5,40.31490917467444,24.57406671144952,16.30030266002889,-8.273764051420628,8.273764051420631,0.4288983747195294,0.284493950489094,-0.1444044242304353,0.1444044242304354,2.292,experiment_data_subject0002.csv,9.31,0,低,False,False
0002,pendulumStimulus,block,pendulum,3.4299999999902835,4.059199382272173,oscillation,1.5461611436744214,1.386031044414267,0.0369530998292663,0.1231769994308879,6.276176359296447,5.626176359296447,0.15,0.5,24.146847996467667,11.547111397179227,7.556829371980425,-3.990282025198802,3.990282025198803,0.2015351129753401,0.1318915535524737,-0.0696435594228664,0.0696435594228664,1.4912000002861023,experiment_data_subject0002.csv,3.43,0,低,False,False
0002,pendulumStimulus,block,pendulum,3.4299999999987816,4.059199382272287,oscillation,1.4975039897085116,1.3373738904483616,0.0369530998292653,0.1231769994308844,6.0786672699750754,5.428667269975075,0.15,0.5,24.146847996498032,-3.95413863515849,-3.130733313965477,0.823405321193013,0.823405321193013,-0.0690127382638304,-0.0546416043305709,0.0143711339332595,0.0143711339332595,1.9753000001907348,experiment_data_subject0002.csv,3.43,0,低,False,False
0002,pendulumStimulus,block,pendulum,3.4299999999970114,4.059199382272263,oscillation,2.0516675788507754,1.8915374795906248,0.0369530998292655,0.1231769994308851,8.328127768699098,7.678127768699097,0.15,0.5,24.146847996491708,11.30529294662945,11.247272753863063,-0.0580201927663864,0.0580201927663864,0.1973145848211754,0.1963019414247602,-0.0010126433964152,0.0010126433964152,1.6675999999046325,experiment_data_subject0002.csv,3.43,0,低,False,False
0002,pendulumStimulus,block,pendulum,3.430000000001871,4.059199382272329,oscillation,1.537809961807814,1.3776798625476658,0.0369530998292649,0.1231769994308831,6.242277247022512,5.592277247022512,0.15,0.5,24.14684799650908,8.49824538246085,9.270652840545456,0.7724074580846051,0.7724074580846066,0.1483223625663466,0.161803415876883,0.0134810533105364,0.0134810533105364,3.0059000000953677,experiment_data_subject0002.csv,3.43,0,低,False,False
0002,pendulumStimulus,block,pendulum,3.429999999996049,4.05919938227225,oscillation,2.0247976680816118,1.86466756882146,0.0369530998292656,0.1231769994308855,8.219057443503168,7.569057443503168,0.15,0.5,24.146847996488276,-9.106953972184884,-4.398509004718145,4.708444967466738,4.708444967466738,-0.1589463316422023,-0.0767684643109504,0.0821778673312518,0.0821778673312518,2.1125,experiment_data_subject0002.csv,3.43,0,低,False,False
0002,pendulumStimulus,block,pendulum,65.16999999996462,5.966582060673352,oscillation,1.2924252022895932,1.183485110057518,0.025140021284325,0.0838000709477501,7.711361026743215,7.061361026743215,0.15,0.5,131.49081685558278,-90.90222002569544,-92.74747984124166,-1.8452598155462347,1.845259815546222,-1.5865430368207096,-1.618748896156735,-0.032205859336025,0.0322058593360248,2.649699999809265,experiment_data_subject0002.csv,65.17,2,高,False,False
0002,pendulumStimulus,block,pendulum,65.16999999998114,5.966582060674819,oscillation,1.430030391868174,1.3210902996361256,0.0251400212843188,0.0838000709477295,8.532393682340428,7.882393682340428,0.15,0.5,131.49081685561504,10.46019039960716,-31.67711237593995,-42.13730277554711,42.13730277554711,0.1825647628586463,-0.5528699084843959,-0.7354346713430421,0.7354346713430421,2.4145,experiment_data_subject0002.csv,65.17,2,高,False,False
0002,pendulumStimulus,block,pendulum,65.17000000001966,5.96658206067823,oscillation,2.038747086273414,1.929806994041428,0.0251400212843044,0.0838000709476816,12.164351791218964,11.514351791218964,0.15,0.5,131.49081685569016,46.89684515531296,40.97168823707121,-5.925156918241747,5.925156918241754,0.8185043567581627,0.7150908598375237,-0.1034134969206389,0.103413496920639,2.1905999999046326,experiment_data_subject0002.csv,65.17,2,高,False,False
0002,pendulumStimulus,block,pendulum,65.1699999999753,5.9665820606743,oscillation,1.5784944427106324,1.4695543504785746,0.025140021284321,0.0838000709477368,9.418216624751336,8.768216624751336,0.15,0.5,131.49081685560364,27.29625719493472,46.01718370000548,18.72092650507076,18.720926505070757,0.4764095615228025,0.8031513680601622,0.3267418065373597,0.3267418065373595,2.314699999809265,experiment_data_subject0002.csv,65.17,2,高,False,False
0002,pendulumStimulus,block,pendulum,65.16999999998545,5.966582060675199,oscillation,1.1548760508559277,1.045935958623886,0.0251400212843172,0.0838000709477241,6.890662727340397,6.240662727340396,0.15,0.5,131.49081685562342,87.76287383746154,67.06252417346862,-20.700349663992927,20.700349663992927,1.5317511094760947,1.1704618515253162,-0.3612892579507785,0.3612892579507785,2.2544000000953672,experiment_data_subject0002.csv,65.17,2,高,False,False
0002,pendulumStimulus,block,pendulum,56.34999999999472,5.376706026623823,oscillation,1.443563872542688,1.3226720110978931,0.0278981218718757,0.092993739572919,7.761618573316694,7.111618573316694,0.15,0.5,115.94447977236142,47.66920888074832,30.249144392255637,-17.42006448849268,17.42006448849268,0.8319846467899791,0.5279471655560399,-0.3040374812339391,0.3040374812339391,1.8638000001907349,experiment_data_subject0002.csv,56.35,2,高,False,False
0002,pendulumStimulus,block,pendulum,56.35000000001729,5.376706026624985,oscillation,1.664693261323926,1.5438013998791575,0.0278981218718696,0.0929937395728989,8.950566290642355,8.300566290642355,0.15,0.5,115.94447977239813,-31.8368856928448,-14.603265116966057,17.233620575878746,17.233620575878746,-0.5556584789212179,-0.2548750578326925,0.3007834210885253,0.3007834210885253,2.4497000002861022,experiment_data_subject0002.csv,56.35,2,高,False,False
0002,pendulumStimulus,block,pendulum,56.34999999996143,5.376706026622109,oscillation,1.4045465973341191,1.2836547358892858,0.0278981218718845,0.0929937395729486,7.551834154557936,6.901834154557935,0.15,0.5,115.94447977230732,-25.701225863434527,6.176524272841693,31.87775013627622,31.87775013627622,-0.448571013115655,0.1078006848904361,0.5563716980060911,0.5563716980060911,1.516,experiment_data_subject0002.csv,56.35,2,高,False,False
0002,pendulumStimulus,block,pendulum,56.34999999996448,5.376706026622265,oscillation,1.5295626444877377,1.4086707830429075,0.0278981218718837,0.0929937395729459,8.224008688713507,7.574008688713507,0.15,0.5,115.94447977231223,-16.335055887731198,-33.18478536853796,-16.849729480806758,16.849729480806758,-0.2851005087381946,-0.5791837662486272,-0.2940832575104325,0.2940832575104325,1.7923999996185302,experiment_data_subject0002.csv,56.35,2,高,False,False
0002,pendulumStimulus,block,pendulum,56.34999999999515,5.376706026623844,oscillation,1.3296596613381884,1.208767799893394,0.0278981218718755,0.0929937395729186,7.149189114475657,6.499189114475657,0.15,0.5,115.94447977236211,51.39226798611382,46.6182000573797,-4.774067928734125,4.774067928734119,0.8969642864249617,0.8136410823546852,-0.0833232040702764,0.0833232040702763,1.5015,experiment_data_subject0002.csv,56.35,2,高,False,False
0002,pendulumStimulus,block,pendulum,73.99000000000197,7.2875466641281585,oscillation,1.9816560674390016,1.8924628135282544,0.0205830585947877,0.0686101953159592,14.44141106371442,13.79141106371442,0.15,0.5,152.56075984932514,48.29622442828536,58.65971169287793,10.363487264592564,10.363487264592564,0.8429281325556955,1.0238051073113366,0.180876974755641,0.180876974755641,1.8147000002861025,experiment_data_subject0002.csv,73.99,2,高,False,False
0002,pendulumStimulus,block,pendulum,73.98999999999316,7.287546664125708,oscillation,1.4850226972649363,1.3958294433541596,0.0205830585947946,0.0686101953159822,10.82217220360405,10.172172203604047,0.15,0.5,152.56075984929723,-21.47050787762497,-25.0651830789024,-3.5946752012774263,3.59467520127742,-0.3747310545399355,-0.4374699723420164,-0.0627389178020809,0.0627389178020808,2.03360000038147,experiment_data_subject0002.csv,73.99,2,高,False,False
0002,pendulumStimulus,block,pendulum,73.98999999998739,7.287546664124098,oscillation,1.2646003166611064,1.1754070627503097,0.0205830585947992,0.0686101953159974,9.215833819133923,8.565833819133923,0.15,0.5,152.5607598492789,-102.2400102500812,-83.1746388510412,19.065371399039982,19.065371399039982,-1.784424806136668,-1.4516713021078624,0.3327535040288054,0.3327535040288054,2.032,experiment_data_subject0002.csv,73.99,2,高,False,False
0002,pendulumStimulus,block,pendulum,73.9899999999932,7.287546664125715,oscillation,1.6716559933430075,1.5824627394322306,0.0205830585947946,0.0686101953159822,12.182271057852594,11.532271057852594,0.15,0.5,152.56075984929734,-73.28648681659831,-57.601983148647165,15.68450366795115,15.68450366795115,-1.2790904921690582,-1.0053442616221833,0.2737462305468749,0.2737462305468749,1.9229000000953675,experiment_data_subject0002.csv,73.99,2,高,False,False
0002,pendulumStimulus,block,pendulum,73.98999999998975,7.287546664124757,oscillation,1.3913009363623945,1.3021076824516058,0.0205830585947973,0.0686101953159912,10.139170497581418,9.489170497581418,0.15,0.5,152.56075984928637,57.28936647390744,25.730481297693093,-31.558885176214343,31.55888517621436,0.999888071351339,0.4490816167675677,-0.5508064545837712,0.5508064545837714,1.5554000000953674,experiment_data_subject0002.csv,73.99,2,高,False,False
0002,pendulumStimulus,block,pendulum,29.890000000014133,4.509792396992138,oscillation,1.4979997523286426,1.353868949227035,0.0332609545619094,0.110869848539698,6.755667893747818,6.1056678937478175,0.15,0.5,76.26096482565153,52.1244537559113,43.08914247191376,-9.035311283997542,9.035311283997537,0.9097433388441768,0.7520474079958234,-0.1576959308483535,0.1576959308483534,1.8634000000953677,experiment_data_subject0002.csv,29.89,1,中,False,False
0002,pendulumStimulus,block,pendulum,29.8899999999968,4.50979239699176,oscillation,1.4902102331788445,1.346079430077225,0.0332609545619121,0.1108698485397073,6.72053877950927,6.07053877950927,0.15,0.5,76.26096482562544,35.302463491003955,28.07612508073456,-7.226338410269395,7.226338410269392,0.6161442219831106,0.4900208238605768,-0.1261233981225337,0.1261233981225337,2.5457000002861023,experiment_data_subject0002.csv,29.89,1,中,False,False
0002,pendulumStimulus,block,pendulum,29.89000000001551,4.509792396992168,oscillation,1.572788856147699,1.4286580530460924,0.0332609545619091,0.1108698485396972,7.092951225528902,6.442951225528901,0.15,0.5,76.26096482565359,-16.43391665538651,-12.484356012055947,3.949560643330562,3.949560643330562,-0.2868259546348289,-0.2178931174015251,0.0689328372333037,0.0689328372333037,1.5991000003814697,experiment_data_subject0002.csv,29.89,1,中,False,False
0002,pendulumStimulus,block,pendulum,29.89000000002689,4.509792396992417,oscillation,2.0467358275008345,1.902605024399236,0.0332609545619073,0.1108698485396911,9.230353673515246,8.580353673515246,0.15,0.5,76.26096482567073,8.961992958080438,32.43189123729151,23.46989827921107,23.46989827921107,0.1564162846590498,0.5660432847394343,0.4096270000803846,0.4096270000803846,1.6219000000953674,experiment_data_subject0002.csv,29.89,1,中,False,False
0002,pendulumStimulus,block,pendulum,29.889999999983893,4.509792396991477,oscillation,2.114628319784,1.9704975166823715,0.0332609545619142,0.1108698485397142,9.536534719024743,8.886534719024745,0.15,0.5,76.26096482560602,-16.366230028326516,-19.93163575829633,-3.565405729969813,3.565405729969813,-0.2856446001330625,-0.3478726692905076,-0.0622280691574451,0.0622280691574451,2.0745,experiment_data_subject0002.csv,29.89,1,中,False,False
0002,pendulumStimulus,block,pendulum,44.59000000000797,4.899324052706065,oscillation,1.6536639796875396,1.5209926166571677,0.0306164683916243,0.1020548946387477,8.101835710776797,7.451835710776797,0.15,0.5,97.90320773349634,29.62496746117881,18.171320836702225,-11.453646624476582,11.453646624476582,0.5170532229937556,0.3171493780367047,-0.1999038449570509,0.1999038449570509,1.4865,experiment_data_subject0002.csv,44.59,1,中,False,False
0002,pendulumStimulus,block,pendulum,44.58999999998635,4.899324052705364,oscillation,1.1503661380455068,1.0176947750151155,0.0306164683916287,0.1020548946387623,5.63601648954413,4.98601648954413,0.15,0.5,97.90320773346444,-29.562358009383654,-37.83445935193003,-8.27210134254637,8.27210134254637,-0.5159604819170616,-0.660335886403139,-0.1443754044860774,0.1443754044860774,2.368300000190735,experiment_data_subject0002.csv,44.59,1,中,False,False
0002,pendulumStimulus,block,pendulum,44.59000000001397,4.899324052706261,oscillation,1.6209418169062513,1.4882704538758844,0.030616468391623,0.1020548946387436,7.941519231606184,7.291519231606184,0.15,0.5,97.9032077335052,-8.468725202655696,-1.852727244341903,6.615997958313794,6.615997958313794,-0.1478071382329659,-0.0323361905551676,0.1154709476777982,0.1154709476777982,2.2155,experiment_data_subject0002.csv,44.59,1,中,False,False
0002,pendulumStimulus,block,pendulum,44.58999999997671,4.899324052705052,oscillation,2.0226179215431466,1.8899465585127475,0.0306164683916306,0.1020548946387688,9.90946063244864,9.259460632448638,0.15,0.5,97.90320773345022,-25.670925006712057,-18.535651393319142,7.135273613392915,7.135273613392915,-0.4480421633996728,-0.3235081458152935,0.1245340175843793,0.1245340175843793,1.6657999997138977,experiment_data_subject0002.csv,44.59,1,中,False,False
0003,pendulumStimulus,block,pendulum,50.47000000000581,5.1106799991685286,oscillation,2.1229524586446624,1.995767817832529,0.0293503017258767,0.0978343390862559,10.849730669580929,10.199730669580928,0.15,0.5,106.70834371566411,-26.133673472113674,6.012636013726629,32.1463094858403,32.14630948584031,-0.4561186477294821,0.1049402951635166,0.5610589428929986,0.561058942892999,4.37210000000149,experiment_data_subject0003.csv,50.47,1,中,False,False
0003,pendulumStimulus,block,pendulum,50.469999999983,5.110679999167618,oscillation,1.349351464966711,1.2221668241545558,0.029350301725882,0.0978343390862733,6.896103543852896,6.246103543852896,0.15,0.5,106.7083437156293,38.08426731061064,28.307188806927588,-9.777078503683056,9.777078503683056,0.6646958577798017,0.4940536466645718,-0.1706422111152298,0.1706422111152298,2.97710000000149,experiment_data_subject0003.csv,50.47,1,中,False,False
0003,pendulumStimulus,block,pendulum,50.47000000004016,5.110679999169899,oscillation,1.3596366368796375,1.2324519960675389,0.0293503017258689,0.0978343390862297,6.948667766239391,6.29866776623939,0.15,0.5,106.70834371571652,52.57819556378883,34.17105413377359,-18.407141430015244,18.407141430015244,0.9176626273455912,0.596397403511568,-0.3212652238340234,0.3212652238340234,3.294699999995529,experiment_data_subject0003.csv,50.47,1,中,False,False
0003,pendulumStimulus,block,pendulum,50.47000000003487,5.1106799991696885,oscillation,1.524213856514891,1.397029215702787,0.0293503017258701,0.0978343390862337,7.789769270947951,7.139769270947951,0.15,0.5,106.70834371570844,-33.39891287892516,-30.127500925156895,3.271411953768263,3.271411953768257,-0.5829209963239823,-0.5258240865416256,0.0570969097823567,0.0570969097823566,3.63009999999404,experiment_data_subject0003.csv,50.47,1,中,False,False
0003,pendulumStimulus,block,pendulum,50.470000000023575,5.110679999169238,oscillation,2.0086026682615143,1.8814180274493992,0.0293503017258727,0.0978343390862423,10.265325482962083,9.615325482962083,0.15,0.5,106.70834371569124,-20.96741304156535,-27.333612045362884,-6.366199003797532,6.3661990037975285,-0.365950393200914,-0.4770615266543639,-0.1111111334534499,0.1111111334534498,2.4541000000014903,experiment_data_subject0003.csv,50.47,1,中,False,False
0003,pendulumStimulus,block,pendulum,56.3499999999887,5.376706026623513,oscillation,1.4884916477040355,1.367599786259234,0.0278981218718773,0.0929937395729244,8.00318201278905,7.353182012789051,0.15,0.5,115.94447977235164,-55.95762758467102,-36.977185635146334,18.980441949524685,18.980441949524693,-0.9766448429573114,-0.6453736374544542,0.3312712055028571,0.3312712055028572,3.95610000000149,experiment_data_subject0003.csv,56.35,2,高,False,False
0003,pendulumStimulus,block,pendulum,56.34999999999946,5.376706026624068,oscillation,1.1474676470407128,1.0265757855959237,0.0278981218718744,0.0929937395729147,6.16959621319994,5.519596213199939,0.15,0.5,115.94447977236916,-34.32368709837647,-5.672121994574657,28.651565103801808,28.651565103801808,-0.5990613512909682,-0.0989972043801157,0.5000641469108524,0.5000641469108524,2.3845,experiment_data_subject0003.csv,56.35,2,高,False,False
0003,pendulumStimulus,block,pendulum,56.350000000017545,5.376706026624998,oscillation,1.8499856684957263,1.7290938070509585,0.0278981218718696,0.0929937395728987,9.946829092970848,9.296829092970848,0.15,0.5,115.94447977239852,52.02575130236136,41.63767042721472,-10.388080875146642,10.388080875146631,0.9080206560499336,0.7267144418151708,-0.1813062142347628,0.1813062142347626,3.00810000000149,experiment_data_subject0003.csv,56.35,2,高,False,False
0003,pendulumStimulus,block,pendulum,56.35000000001759,5.376706026625,oscillation,2.072750050867405,1.9518581894226368,0.0278981218718696,0.0929937395728986,11.144567690186054,10.494567690186054,0.15,0.5,115.94447977239858,45.037695850556496,40.763152984028295,-4.274542866528202,4.274542866528202,0.7860560801039989,0.7114512330654452,-0.0746048470385536,0.0746048470385536,3.15539999999851,experiment_data_subject0003.csv,56.35,2,高,False,False
0003,pendulumStimulus,block,pendulum,56.3499999999851,5.376706026623327,oscillation,1.9092504536402424,1.7883585921954364,0.0278981218718782,0.0929937395729276,10.265478420420813,9.615478420420812,0.15,0.5,115.9444797723458,-13.676840387434412,22.36392818569472,36.04076857312913,36.04076857312913,-0.2387058960304673,0.3903241805199346,0.629030076550402,0.629030076550402,3.1295,experiment_data_subject0003.csv,56.35,2,高,False,False
0003,pendulumStimulus,block,pendulum,53.4099999999865,5.235252547606393,oscillation,1.989279588864175,1.8651212996337565,0.0286519128993273,0.0955063763310911,10.41438103550257,9.76438103550257,0.15,0.5,111.25380918533853,49.14909084843183,19.900467038670623,-29.24862380976121,29.24862380976121,0.8578134596669488,0.3473286725094081,-0.5104847871575406,0.5104847871575406,2.42459999999404,experiment_data_subject0003.csv,53.41,1,中,False,False
0003,pendulumStimulus,block,pendulum,53.41000000002111,5.23525254760795,oscillation,1.95498603227823,1.8308277430478483,0.0286519128993188,0.0955063763310627,10.234845606022562,9.584845606022562,0.15,0.5,111.25380918539278,47.29004631329093,40.51774980239236,-6.772296510898579,6.772296510898567,0.8253670115875327,0.7071681395510284,-0.1181988720365042,0.118198872036504,3.0268000000044704,experiment_data_subject0003.csv,53.41,1,中,False,False
0003,pendulumStimulus,block,pendulum,53.4099999999609,5.235252547605241,oscillation,2.07783944759799,1.9536811583675444,0.0286519128993336,0.0955063763311121,10.878014261552046,10.228014261552046,0.15,0.5,111.25380918529837,66.02198631312521,51.90044941483478,-14.121536898290424,14.121536898290424,1.1523010398706668,0.9058337255536312,-0.2464673143170355,0.2464673143170355,2.61280000000447,experiment_data_subject0003.csv,53.41,1,中,False,False
0003,pendulumStimulus,block,pendulum,53.409999999971504,5.235252547605718,oscillation,2.0101414750730675,1.8859831858426328,0.028651912899331,0.0955063763311035,10.523598278424194,9.873598278424192,0.15,0.5,111.253809185315,38.75523694176668,32.47700296556247,-6.278233976204202,6.278233976204208,0.6764064870243663,0.5668306329290277,-0.1095758540953386,0.1095758540953387,2.19629999999702,experiment_data_subject0003.csv,53.41,1,中,False,False
0003,pendulumStimulus,block,pendulum,53.41000000001705,5.235252547607769,oscillation,1.3281097285849548,1.2039514393545687,0.0286519128993198,0.095506376331066,6.952989840077047,6.302989840077046,0.15,0.5,111.25380918538642,-30.052780030162893,-0.4098690490656579,29.64291098109724,29.64291098109724,-0.5245199609039433,-0.0071535644082139,0.5173663964957294,0.5173663964957294,2.93840000000596,experiment_data_subject0003.csv,53.41,1,中,False,False
0003,pendulumStimulus,block,pendulum,18.12999999998325,4.282342728140865,oscillation,2.000851707211718,1.8490656309295448,0.0350275560651169,0.1167585202170564,8.568332758466335,7.918332758466335,0.15,0.5,57.486385366749616,-10.399129798176128,-6.218821447093823,4.180308351082306,4.180308351082306,-0.1814990543204268,-0.1085389098454255,0.0729601444750012,0.0729601444750012,2.5193000000044705,experiment_data_subject0003.csv,18.13,0,低,False,False
0003,pendulumStimulus,block,pendulum,18.13000000002112,4.282342728141516,oscillation,2.1299673576420166,1.9781812813598665,0.0350275560651116,0.1167585202170387,9.12125022517709,8.471250225177089,0.15,0.5,57.48638536681525,20.119498654698305,30.677619627905585,10.558120973207282,10.558120973207282,0.3511514953750551,0.5354254691813902,0.1842739738063351,0.1842739738063351,1.961,experiment_data_subject0003.csv,18.13,0,低,False,False
0003,pendulumStimulus,block,pendulum,18.12999999998656,4.282342728140922,oscillation,1.561103618382497,1.4093175421003252,0.0350275560651164,0.1167585202170549,6.685180728054766,6.035180728054765,0.15,0.5,57.48638536675534,28.848150019797504,18.609218040403416,-10.238931979394089,10.238931979394089,0.5034952009547338,0.3247921260265667,-0.178703074928167,0.178703074928167,2.1838000000044704,experiment_data_subject0003.csv,18.13,0,低,False,False
0003,pendulumStimulus,block,pendulum,18.13000000001704,4.282342728141446,oscillation,1.4203490234492366,1.2685629471670836,0.0350275560651121,0.1167585202170406,6.082421311990642,5.432421311990642,0.15,0.5,57.48638536680817,-1.216449701544896,-10.292813410718724,-9.076363709173828,9.076363709173828,-0.0212310524768607,-0.1796434833104691,-0.1584124308336083,0.1584124308336083,1.7859000000059604,experiment_data_subject0003.csv,18.13,0,低,False,False
0003,pendulumStimulus,block,pendulum,18.12999999998555,4.282342728140904,oscillation,1.969413899262457,1.8176278229802847,0.0350275560651166,0.1167585202170554,8.433705290206206,7.783705290206204,0.15,0.5,57.48638536675359,-0.5500991889583722,-10.562312966591174,-10.012213777632802,10.0122137776328,-0.009601042059874,-0.1843471378931058,-0.1747460958332317,0.1747460958332317,4.22819999999553,experiment_data_subject0003.csv,18.13,0,低,False,False
0003,pendulumStimulus,block,pendulum,65.16999999998968,5.966582060675574,oscillation,1.9691641555074164,1.860224063275382,0.0251400212843156,0.0838000709477189,11.749179524775917,11.099179524775916,0.15,0.5,131.4908168556317,27.3806907365842,58.16430279293667,30.78361205635247,30.78361205635247,0.4778832048237056,1.0151585908636784,0.5372753860399728,0.5372753860399728,2.6435,experiment_data_subject0003.csv,65.17,2,高,False,False
0003,pendulumStimulus,block,pendulum,65.1700000000213,5.966582060678377,oscillation,1.3274990705213492,1.2185589782893658,0.0251400212843038,0.0838000709476795,7.920632139739902,7.270632139739901,0.15,0.5,131.4908168556934,-52.0007387554258,13.222471964427829,65.22321071985363,65.22321071985363,-0.9075841047515986,0.2307756710319081,1.1383597757835069,1.1383597757835069,2.1865,experiment_data_subject0003.csv,65.17,2,高,False,False
0003,pendulumStimulus,block,pendulum,65.16999999995993,5.966582060672936,oscillation,1.3695188500825362,1.2605787578504533,0.0251400212843267,0.0838000709477559,8.171346602655888,7.521346602655887,0.15,0.5,131.49081685557363,-36.47871562665998,-2.627660098909543,33.85105552775043,33.85105552775043,-0.6366736945839232,-0.0458613203492513,0.5908123742346717,0.5908123742346717,2.7265,experiment_data_subject0003.csv,65.17,2,高,False,False
0003,pendulumStimulus,block,pendulum,65.17000000002614,5.966582060678806,oscillation,1.8601053004058916,1.7511652081739155,0.025140021284302,0.0838000709476735,11.098470916375351,10.448470916375353,0.15,0.5,131.49081685570283,-40.66143239496925,-36.82574185763784,3.835690537331416,3.835690537331416,-0.7096758738692969,-0.6427304449052732,0.0669454289640236,0.0669454289640236,1.7055999999940394,experiment_data_subject0003.csv,65.17,2,高,False,False
0003,pendulumStimulus,block,pendulum,65.16999999999797,5.96658206067631,oscillation,1.6284565861243183,1.5195164938922971,0.0251400212843125,0.0838000709477085,9.716319853359543,9.066319853359545,0.15,0.5,131.49081685564786,67.98607602326831,57.27756438569588,-10.708511637572432,10.708511637572425,1.186580872117205,0.9996820860534364,-0.1868987860637686,0.1868987860637685,2.8185,experiment_data_subject0003.csv,65.17,2,高,False,False
0003,pendulumStimulus,block,pendulum,15.189999999988618,4.233160722010371,oscillation,1.5934565045716322,1.4399069366045296,0.0354345156847159,0.1181150522823865,6.745357487384573,6.095357487384573,0.15,0.5,52.22951041134317,3.9246517279489503,-21.00168282248597,-24.926334550434927,24.926334550434927,0.0684980946467939,-0.366548513711916,-0.43504660835871,0.43504660835871,2.8119000000059606,experiment_data_subject0003.csv,15.19,0,低,False,False
0003,pendulumStimulus,block,pendulum,15.190000000015417,4.233160722010807,oscillation,2.092059651094853,1.9385100831277668,0.0354345156847123,0.1181150522823743,8.856024743118368,8.206024743118368,0.15,0.5,52.22951041139272,-10.741182360987716,-3.565306094728336,7.175876266259379,7.175876266259379,-0.1874689977563737,-0.0622263301944303,0.1252426675619434,0.1252426675619434,2.2308999999985097,experiment_data_subject0003.csv,15.19,0,低,False,False
0003,pendulumStimulus,block,pendulum,15.189999999987045,4.2331607220103455,oscillation,1.9366163503689784,1.7830667824018749,0.0354345156847161,0.1181150522823872,8.198008267984985,7.548008267984984,0.15,0.5,52.22951041134028,1.0793555146185574,5.558381487636334,4.479025973017777,4.479025973017776,0.0188383075296516,0.0970120580411545,0.0781737505115029,0.0781737505115028,2.2025,experiment_data_subject0003.csv,15.19,0,低,False,False
0003,pendulumStimulus,block,pendulum,15.19000000000307,4.233160722010607,oscillation,1.40774532564301,1.254195757675916,0.0354345156847139,0.1181150522823799,5.95921221910602,5.30921221910602,0.15,0.5,52.22951041136991,8.583264996177004,5.720431321372443,-2.8628336748045595,2.862833674804561,0.1498062347544672,0.099840361192159,-0.0499658735623081,0.0499658735623082,2.1002000000029803,experiment_data_subject0003.csv,15.19,0,低,False,False
0003,pendulumStimulus,block,pendulum,15.189999999992729,4.233160722010439,oscillation,1.9385298529485293,1.7849802849814296,0.0354345156847153,0.1181150522823846,8.206108431946387,7.556108431946387,0.15,0.5,52.22951041135078,-6.4689665501386,-5.744895189828299,0.724071360310301,0.724071360310301,-0.1129047655012974,-0.1002673362444884,0.0126374292568089,0.0126374292568089,2.638,experiment_data_subject0003.csv,15.19,0,低,False,False
0003,pendulumStimulus,block,pendulum,35.769999999987114,4.647657590940342,oscillation,1.570121458636931,1.430266061099246,0.0322743225086964,0.1075810750289883,7.297386915932254,6.647386915932254,0.15,0.5,84.98019986830298,-7.40392687024672,-8.780490385110694,-1.3765635148639734,1.3765635148639734,-0.1292229014626842,-0.1532484671598865,-0.0240255656972022,0.0240255656972022,3.65380000000447,experiment_data_subject0003.csv,35.77,1,中,False,False
0003,pendulumStimulus,block,pendulum,35.77000000003855,4.647657590941637,oscillation,2.0581142435765982,1.9182588460389525,0.0322743225086875,0.1075810750289583,9.565410287183882,8.915410287183882,0.15,0.5,84.98019986837845,15.193353761946096,21.398627202175767,6.205273440229671,6.205273440229671,0.2651740475662261,0.3734765000847894,0.1083024525185633,0.1083024525185633,5.22639999999851,experiment_data_subject0003.csv,35.77,1,中,False,False
0003,pendulumStimulus,block,pendulum,35.770000000013,4.647657590940994,oscillation,1.4276916528105157,1.2878362552728504,0.0322743225086919,0.1075810750289732,6.635421947707886,5.985421947707886,0.15,0.5,84.98019986834095,32.899902803938105,4.620430935969422,-28.27947186796868,28.27947186796868,0.5742116275148343,0.0806417326936697,-0.4935698948211646,0.4935698948211646,3.204199999995529,experiment_data_subject0003.csv,35.77,1,中,False,False
0003,pendulumStimulus,block,pendulum,35.76999999998863,4.64765759094038,oscillation,1.5950796409960442,1.4552242434583604,0.0322743225086962,0.1075810750289874,7.413384001629721,6.763384001629721,0.15,0.5,84.98019986830518,-47.72037794306128,-26.33998677091388,21.3803911721474,21.3803911721474,-0.8328777154024984,-0.4597194940841965,0.3731582213183019,0.3731582213183019,2.979,experiment_data_subject0003.csv,35.77,1,中,False,False
0003,pendulumStimulus,block,pendulum,35.77000000001092,4.647657590940941,oscillation,1.988322802724633,1.848467405186966,0.0322743225086923,0.1075810750289744,9.241043567324107,8.591043567324107,0.15,0.5,84.98019986833789,31.997756414827784,40.083350051176,8.085593636348214,8.085593636348214,0.5584662026898813,0.6995864336224588,0.1411202309325774,0.1411202309325774,2.18189999999851,experiment_data_subject0003.csv,35.77,1,中,False,False
0003,pendulumStimulus,block,pendulum,26.95000000001836,4.447612408439804,oscillation,2.120797681758544,1.97465185332112,0.0337259604086362,0.1124198680287873,9.43248608517967,8.78248608517967,0.15,0.5,71.79004313574522,-37.93591751698778,-14.091869131081507,23.84404838590627,23.84404838590628,-0.6621066654364286,-0.2459495140975247,0.4161571513389038,0.416157151338904,1.49289999999851,experiment_data_subject0003.csv,26.95,0,低,False,False
0003,pendulumStimulus,block,pendulum,26.950000000018075,4.447612408439798,oscillation,1.1681604950189504,1.0220146665815264,0.0337259604086362,0.1124198680287875,5.19552511269546,4.54552511269546,0.15,0.5,71.79004313574481,-2.6987489128757023,-2.140265215491385,0.5584836973843171,0.5584836973843168,-0.0471020542142985,-0.0373546748762306,0.0097473793380679,0.0097473793380679,2.13310000000149,experiment_data_subject0003.csv,26.95,0,低,False,False
0003,pendulumStimulus,block,pendulum,26.949999999981628,4.447612408439052,oscillation,2.145994973039643,1.9998491446021944,0.0337259604086419,0.1124198680288064,9.544553870538945,8.894553870538944,0.15,0.5,71.79004313568873,7.369456953421252,4.811492373957935,-2.557964579463317,2.557964579463316,0.1286212879211912,0.0839763838601642,-0.044644904061027,0.0446449040610269,2.3088000000044704,experiment_data_subject0003.csv,26.95,0,低,False,False
0003,pendulumStimulus,block,pendulum,26.950000000009165,4.447612408439616,oscillation,1.571030390818042,1.424884562380612,0.0337259604086376,0.1124198680287921,6.987334260238062,6.337334260238062,0.15,0.5,71.7900431357311,48.08561738856328,25.92338730719348,-22.162230081369803,22.1622300813698,0.8392523462846667,0.4524484617802328,-0.3868038845044338,0.3868038845044338,2.66279999999702,experiment_data_subject0003.csv,26.95,0,低,False,False
0003,pendulumStimulus,block,pendulum,26.950000000006437,4.44761240843956,oscillation,1.6502462510451663,1.5041004226077348,0.033725960408638,0.1124198680287935,7.339655703129347,6.689655703129347,0.15,0.5,71.79004313572689,10.017899559385224,-5.824127289896892,-15.842026849282115,15.842026849282114,0.1748453314453613,-0.101650197263955,-0.2764955287093164,0.2764955287093164,1.74860000000149,experiment_data_subject0003.csv,26.95,0,低,False,False
0003,pendulumStimulus,block,pendulum,44.5899999999978,4.899324052705736,oscillation,2.0162824365150254,1.8836110734846443,0.0306164683916263,0.1020548946387545,9.87842103826619,9.22842103826619,0.15,0.5,97.90320773348134,41.75466595928309,44.18442702527349,2.429761065990407,2.429761065990407,0.7287563990598864,0.7711637296981863,0.0424073306382998,0.0424073306382998,1.75889999999851,experiment_data_subject0003.csv,44.59,1,中,False,False
0003,pendulumStimulus,block,pendulum,44.59000000002327,4.899324052706563,oscillation,1.333913895378619,1.2012425323482605,0.0306164683916212,0.1020548946387373,6.535276431867973,5.885276431867973,0.15,0.5,97.90320773351893,-2.325080740073936,22.182117058091865,24.5071977981658,24.5071977981658,-0.0405803142889966,0.3871509777265013,0.427731292015498,0.427731292015498,1.64289999999851,experiment_data_subject0003.csv,44.59,1,中,False,False
0003,pendulumStimulus,block,pendulum,44.5899999999722,4.899324052704905,oscillation,1.3294110387403812,1.1967396757099775,0.0306164683916315,0.1020548946387718,6.513215478032163,5.863215478032163,0.15,0.5,97.90320773344358,-37.18662856868902,-24.26711220423128,12.919516364457738,12.919516364457738,-0.6490291062398097,-0.4235410079147344,0.2254880983250752,0.2254880983250752,3.7026999999955295,experiment_data_subject0003.csv,44.59,1,中,False,False
0003,pendulumStimulus,block,pendulum,44.58999999997904,4.899324052705127,oscillation,1.422646283249208,1.2899749202188104,0.0306164683916301,0.1020548946387672,6.970005154014396,6.320005154014396,0.15,0.5,97.90320773345364,64.3943210113282,48.31155343725776,-16.082767574070445,16.082767574070445,1.123892921233842,0.8431956742333317,-0.2806972470005103,0.2806972470005103,5.2245,experiment_data_subject0003.csv,44.59,1,中,False,False
0003,pendulumStimulus,block,pendulum,44.59000000000291,4.899324052705902,oscillation,1.647842803581434,1.5151714405510577,0.0306164683916253,0.1020548946387511,8.073315882664847,7.423315882664847,0.15,0.5,97.90320773348888,-34.7787607118867,-7.450678130101584,27.32808258178511,27.328082581785107,-0.6070038841856699,-0.1300388648766071,0.4769650193090627,0.4769650193090626,2.42339999999851,experiment_data_subject0003.csv,44.59,1,中,False,False
0003,pendulumStimulus,block,pendulum,59.28999999999267,5.539996411479636,oscillation,1.915741447844153,1.7984128519892693,0.0270758298126654,0.0902527660422182,10.613200746379407,9.963200746379409,0.15,0.5,120.83049743177544,-55.02085718671698,-24.51501735259272,30.505839834124263,30.505839834124263,-0.960295115177796,-0.4278677689862866,0.5324273461915092,0.5324273461915092,2.0806999999955296,experiment_data_subject0003.csv,59.29,2,高,False,False
0003,pendulumStimulus,block,pendulum,59.28999999998372,5.539996411479097,oscillation,1.3131798200966731,1.1958512242417785,0.027075829812668,0.0902527660422269,7.275011490962338,6.625011490962337,0.15,0.5,120.83049743176016,44.6356380952022,57.986645276612194,13.351007181409988,13.351007181409994,0.7790388484898886,1.0120578822629007,0.2330190337730121,0.2330190337730122,1.7263999999985098,experiment_data_subject0003.csv,59.29,2,高,False,False
0003,pendulumStimulus,block,pendulum,59.29000000001163,5.539996411480774,oscillation,2.056659762068238,1.9393311662133783,0.0270758298126598,0.0902527660421996,11.393887701494942,10.74388770149494,0.15,0.5,120.8304974318077,-3.361501562533991,-20.22794016183317,-16.866438599299183,16.866438599299183,-0.0586692700771522,-0.3530441567203835,-0.2943748866432313,0.2943748866432313,1.8953999999985096,experiment_data_subject0003.csv,59.29,2,高,False,False
0003,pendulumStimulus,block,pendulum,59.28999999998449,5.5399964114791445,oscillation,2.06935447689201,1.952025881037116,0.0270758298126678,0.0902527660422262,11.46421637606004,10.814216376060038,0.15,0.5,120.83049743176149,-41.08904640313412,-36.428567322930505,4.660479080203616,4.660479080203622,-0.7171391462394237,-0.6357984415695537,0.0813407046698699,0.08134070466987,3.75210000000149,experiment_data_subject0003.csv,59.29,2,高,False,False
0003,pendulumStimulus,block,pendulum,59.290000000014246,5.53999641148093,oscillation,1.979117980246015,1.8617893843911588,0.0270758298126591,0.0902527660421971,10.964306508460307,10.314306508460309,0.15,0.5,120.83049743181212,-16.579741628511112,-21.244431368291277,-4.6646897397801625,4.6646897397801625,-0.2893710805474854,-0.3707852750906468,-0.0814141945431613,0.0814141945431613,1.4365,experiment_data_subject0003.csv,59.29,2,高,False,False
0003,pendulumStimulus,block,pendulum,3.430000000000179,4.059199382272306,oscillation,1.890239643498225,1.7301095442380756,0.0369530998292651,0.1231769994308838,7.672859593234618,7.022859593234617,0.15,0.5,24.146847996503027,-12.07900429132153,-12.163563671569404,-0.0845593802478724,0.0845593802478724,-0.210818395246085,-0.2122942348448562,-0.0014758395987712,0.0014758395987712,3.4528000000044705,experiment_data_subject0003.csv,3.43,0,低,False,False
0003,pendulumStimulus,block,pendulum,3.4300000000028805,4.059199382272342,oscillation,1.8812715165381249,1.7211414172779769,0.0369530998292648,0.1231769994308827,7.636456177818108,6.986456177818107,0.15,0.5,24.146847996512683,2.953007114330048,1.1504717935885516,-1.8025353207414967,1.802535320741496,0.0515396969798759,0.0200795207494448,-0.0314601762304311,0.0314601762304311,1.5265999999940396,experiment_data_subject0003.csv,3.43,0,低,False,False
0003,pendulumStimulus,block,pendulum,3.43000000000298,4.059199382272344,oscillation,1.5812695614126435,1.421139462152496,0.0369530998292648,0.1231769994308827,6.418688426892263,5.768688426892263,0.15,0.5,24.146847996513028,2.285054864892777,-1.5866653013188865,-3.8717201662116647,3.871720166211664,0.0398817309810931,-0.0276925336351624,-0.0675742646162556,0.0675742646162556,2.70889999999851,experiment_data_subject0003.csv,3.43,0,低,False,False
0003,pendulumStimulus,block,pendulum,3.429999999990453,4.059199382272175,oscillation,1.6679817150411187,1.5078516157809645,0.0369530998292663,0.1231769994308878,6.770670347336193,6.120670347336192,0.15,0.5,24.146847996468274,-14.19899532239797,-5.38022597461797,8.81876934778,8.81876934778,-0.2478192188511183,-0.0939026577584044,0.1539165610927138,0.1539165610927138,2.141699999995529,experiment_data_subject0003.csv,3.43,0,低,False,False
0003,pendulumStimulus,block,pendulum,3.4300000000038406,4.059199382272355,oscillation,2.1187099452194675,1.9585798459593209,0.0369530998292647,0.1231769994308824,8.600266100849158,7.950266100849158,0.15,0.5,24.146847996516108,-3.117181105307563,-2.291891893556516,0.8252892117510473,0.8252892117510473,-0.054405073668573,-0.0400010596423286,0.0144040140262444,0.0144040140262444,2.00230000000447,experiment_data_subject0003.csv,3.43,0,低,False,False
0003,pendulumStimulus,block,pendulum,29.88999999998895,4.509792396991587,oscillation,2.0073570722406022,1.863226269138977,0.0332609545619134,0.1108698485397115,9.05276366243796,8.402763662437959,0.15,0.5,76.26096482561364,-46.87023270129418,6.50284222735151,53.373074928645686,53.37307492864568,-0.8180398818134993,0.1134960076050055,0.9315358894185048,0.9315358894185046,2.9850999999940395,experiment_data_subject0003.csv,29.89,1,中,False,False
0003,pendulumStimulus,block,pendulum,29.88999999997804,4.509792396991349,oscillation,1.5212546777137852,1.3771238746121526,0.0332609545619152,0.1108698485397174,6.860542779441154,6.210542779441154,0.15,0.5,76.26096482559723,11.991230359647284,0.9335661878338144,-11.05766417181347,11.057664171813473,0.2092864511409488,0.0162938037629918,-0.192992647377957,0.192992647377957,2.257,experiment_data_subject0003.csv,29.89,1,中,False,False
0003,pendulumStimulus,block,pendulum,29.89000000001516,4.50979239699216,oscillation,1.2278423699707763,1.0837115668691697,0.0332609545619092,0.1108698485396974,5.537314184799042,4.887314184799042,0.15,0.5,76.26096482565308,24.64233729173453,0.0576275164309132,-24.584709775303622,24.584709775303622,0.4300899211277501,0.0010057899014665,-0.4290841312262835,0.4290841312262835,2.2505,experiment_data_subject0003.csv,29.89,1,中,False,False
0003,pendulumStimulus,block,pendulum,29.89000000003479,4.509792396992589,oscillation,1.235375534665668,1.0912447315640748,0.033260954561906,0.1108698485396869,5.571287193665883,4.921287193665883,0.15,0.5,76.26096482568262,-34.88096668827462,-7.369054454425176,27.51191223384944,27.51191223384944,-0.6087877149888546,-0.1286142629884737,0.4801734520003808,0.4801734520003808,1.63189999999851,experiment_data_subject0003.csv,29.89,1,中,False,False
0003,pendulumStimulus,block,pendulum,29.889999999975565,4.509792396991295,oscillation,1.9408782482304927,1.796747445128858,0.0332609545619156,0.1108698485397187,8.752957967355659,8.102957967355659,0.15,0.5,76.26096482559349,-14.656972552338797,-2.252825569639729,12.404146982699068,12.404146982699068,-0.2558124294127489,-0.03931922366333,0.2164932057494188,0.2164932057494188,2.11529999999702,experiment_data_subject0003.csv,29.89,1,中,False,False
0003,pendulumStimulus,block,pendulum,41.64999999998655,4.80817510827509,oscillation,1.170300051096663,1.0351136268582195,0.0311968671319484,0.1039895571064949,5.627007574896041,4.9770075748960405,0.15,0.5,93.58332169845228,-50.576514948955904,-22.58100433051341,27.99551061844249,27.9955106184425,-0.8827267100434123,-0.3941128739745568,0.4886138360688554,0.4886138360688555,1.85160000000149,experiment_data_subject0003.csv,41.65,1,中,False,False
0003,pendulumStimulus,block,pendulum,41.64999999999459,4.808175108275329,oscillation,2.03045243047347,1.8952660062350333,0.0311968671319469,0.1039895571064897,9.762770834739682,9.11277083473968,0.15,0.5,93.58332169846406,-52.54294973997042,-38.26964848295761,14.273301257012807,14.273301257012816,-0.917047471672382,-0.6679313696084632,0.2491161020639188,0.249116102063919,2.65779999999702,experiment_data_subject0003.csv,41.65,1,中,False,False
0003,pendulumStimulus,block,pendulum,41.65000000002975,4.80817510827637,oscillation,1.2764805802067607,1.1412941559683532,0.0311968671319401,0.1039895571064672,6.137542151948326,5.487542151948325,0.15,0.5,93.58332169851552,-58.981882597988495,-30.85562888708822,28.12625371090028,28.12625371090028,-1.0294280503596462,-0.538532316853163,0.4908957335064832,0.4908957335064832,1.53860000000149,experiment_data_subject0003.csv,41.65,1,中,False,False
0003,pendulumStimulus,block,pendulum,41.649999999984615,4.808175108275033,oscillation,1.3519017600843923,1.2167153358459473,0.0311968671319488,0.1039895571064961,6.50018039167098,5.85018039167098,0.15,0.5,93.58332169844944,-14.543144605842478,-19.362360448085774,-4.819215842243295,4.819215842243295,-0.2538257569656042,-0.3379369407770213,-0.0841111838114171,0.0841111838114171,3.76859999999404,experiment_data_subject0003.csv,41.65,1,中,False,False
0003,pendulumStimulus,block,pendulum,41.65000000003859,4.808175108276632,oscillation,1.339121693504767,1.203935269266367,0.0311968671319384,0.1039895571064615,6.438731593662871,5.78873159366287,0.15,0.5,93.5833216985285,-56.20744859573272,-41.408533403470834,14.798915192261877,14.798915192261884,-0.981005042140999,-0.7227152463126196,0.2582897958283794,0.2582897958283795,2.01339999999851,experiment_data_subject0003.csv,41.65,1,中,False,False
0003,pendulumStimulus,block,pendulum,32.82999999998624,4.576276236943942,oscillation,1.882295512043206,1.7402586317621171,0.0327777416033282,0.1092591386777609,8.613904222669554,7.963904222669554,0.15,0.5,80.64796494241646,6.070542914412729,-12.929376172867723,-18.999919087280457,18.999919087280457,0.1059509612401144,-0.2256601844454453,-0.3316111456855598,0.3316111456855598,2.8407000000029803,experiment_data_subject0003.csv,32.83,1,中,False,False
0003,pendulumStimulus,block,pendulum,32.83000000001782,4.576276236944682,oscillation,2.011135649083426,1.86909876880236,0.0327777416033229,0.1092591386777432,9.2035122801728,8.5535122801728,0.15,0.5,80.64796494246325,31.32474810075773,4.846270639154147,-26.47847746160358,26.47847746160358,0.5467199917160628,0.0845833790959698,-0.4621366126200928,0.4621366126200928,3.73259999999404,experiment_data_subject0003.csv,32.83,1,中,False,False
0003,pendulumStimulus,block,pendulum,32.830000000005946,4.576276236944404,oscillation,1.1469096747769705,1.0048727944958955,0.0327777416033249,0.1092591386777498,5.248575490603484,4.598575490603484,0.15,0.5,80.64796494244565,9.449430156107637,9.787753059655993,0.3383229035483563,0.3383229035483563,0.16492366866132,0.170828517263146,0.005904848601826,0.005904848601826,3.5315,experiment_data_subject0003.csv,32.83,1,中,False,False
0003,pendulumStimulus,block,pendulum,32.83000000000315,4.576276236944338,oscillation,1.315715922190131,1.173679041909054,0.0327777416033254,0.1092591386777514,6.021079509288001,5.371079509288001,0.15,0.5,80.64796494244152,-31.070068625376503,-7.921035844259926,23.149032781116578,23.149032781116578,-0.5422749963334086,-0.1382481556508245,0.4040268406825841,0.4040268406825841,1.4102999999970198,experiment_data_subject0003.csv,32.83,1,中,False,False
0003,pendulumStimulus,block,pendulum,32.83000000002099,4.576276236944756,oscillation,2.105172235433254,1.9631353551521895,0.0327777416033224,0.1092591386777414,9.63384967568907,8.98384967568907,0.15,0.5,80.64796494246794,43.4445683818396,11.634116392183572,-31.810451989656038,31.810451989656027,0.7582507603709262,0.2030536366038472,-0.555197123767079,0.5551971237670789,1.98629999999702,experiment_data_subject0003.csv,32.83,1,中,False,False
0003,pendulumStimulus,block,pendulum,9.310000000015783,4.142033564160669,oscillation,1.882683889510636,1.725756141357124,0.0362140957277335,0.1207136524257786,7.798139861057611,7.148139861057611,0.15,0.5,40.314909174744415,8.417223604357389,8.095657193979164,-0.3215664103782242,0.3215664103782242,0.1469082657726209,0.1412958731477016,-0.0056123926249192,0.0056123926249192,2.2198000000044704,experiment_data_subject0003.csv,9.31,0,低,False,False
0003,pendulumStimulus,block,pendulum,9.309999999992792,4.14203356416033,oscillation,2.0636502146148854,1.9067224664613605,0.0362140957277365,0.1207136524257885,8.547708453621523,7.897708453621523,0.15,0.5,40.31490917469248,5.3231056767582094,-1.3733167027328348,-6.696422379491045,6.696422379491045,0.0929057204910317,-0.0239688981353201,-0.1168746186263519,0.1168746186263519,1.5977999999970198,experiment_data_subject0003.csv,9.31,0,低,False,False
0003,pendulumStimulus,block,pendulum,9.310000000010232,4.142033564160587,oscillation,1.822647710832365,1.6657199626788497,0.0362140957277343,0.120713652425781,7.549467993908117,6.899467993908116,0.15,0.5,40.31490917473187,-26.275951312874863,-26.98948507687985,-0.7135337640049816,0.7135337640049816,-0.4586018645033931,-0.4710553780094282,-0.0124535135060351,0.0124535135060351,1.8848999999985097,experiment_data_subject0003.csv,9.31,0,低,False,False
0003,pendulumStimulus,block,pendulum,9.31000000000954,4.1420335641605766,oscillation,1.870590791142144,1.713663042988628,0.0362140957277343,0.1207136524257813,7.748049841720447,7.098049841720447,0.15,0.5,40.31490917473031,-15.560858474427809,-6.933630800877255,8.627227673550554,8.627227673550554,-0.2715882148156271,-0.1210146865929994,0.1505735282226276,0.1505735282226276,1.6242999999970198,experiment_data_subject0003.csv,9.31,0,低,False,False
0003,pendulumStimulus,block,pendulum,9.31000000000112,4.142033564160452,oscillation,2.0353010569592693,1.8783733088057488,0.0362140957277354,0.1207136524257849,8.430285291096538,7.780285291096537,0.15,0.5,40.314909174711296,-17.54136616846547,-18.96664294170144,-1.425276773235969,1.425276773235969,-0.3061545949376648,-0.331030367382833,-0.0248757724451682,0.0248757724451682,2.644,experiment_data_subject0003.csv,9.31,0,低,False,False
0003,pendulumStimulus,block,pendulum,12.25000000001598,4.186465708941737,oscillation,1.3723602135011097,1.2170979839283973,0.0358297452860105,0.1194324842867018,5.745338974138358,5.0953389741383575,0.15,0.5,46.56746344224239,-8.15462596473143,2.5881922755417244,10.742818240273154,10.742818240273154,-0.1423250723531824,0.0451724768828873,0.1874975492360698,0.1874975492360698,1.911,experiment_data_subject0003.csv,12.25,0,低,False,False
0003,pendulumStimulus,block,pendulum,12.250000000010672,4.186465708941656,oscillation,1.4628098330737225,1.307547603501007,0.0358297452860112,0.1194324842867041,6.124003204865806,5.474003204865806,0.15,0.5,46.56746344223171,-2.559957543811045,1.9437049223549057,4.503662466165951,4.503662466165951,-0.0446796878507697,0.0339240505823138,0.0786037384330835,0.0786037384330835,1.8963000000044703,experiment_data_subject0003.csv,12.25,0,低,False,False
0003,pendulumStimulus,block,pendulum,12.250000000010882,4.186465708941658,oscillation,1.7774951956977267,1.6222329661250114,0.0358297452860112,0.119432484286704,7.441422684597075,6.791422684597075,0.15,0.5,46.56746344223213,14.855354127911536,16.270343051381822,1.4149889234702873,1.414988923470284,0.2592748410817871,0.2839710566755937,0.0246962155938065,0.0246962155938065,2.59459999999404,experiment_data_subject0003.csv,12.25,0,低,False,False
0003,pendulumStimulus,block,pendulum,12.250000000018364,4.186465708941774,oscillation,1.6535373417005963,1.4982751121278852,0.0358297452860102,0.1194324842867007,6.922477379484283,6.2724773794842825,0.15,0.5,46.5674634422472,9.165868499320084,4.324119042429096,-4.841749456890988,4.841749456890988,0.1599745841179671,0.0754701145385721,-0.0845044695793949,0.0845044695793949,2.3145,experiment_data_subject0003.csv,12.25,0,低,False,False
0003,pendulumStimulus,block,pendulum,12.249999999974044,4.186465708941088,oscillation,2.095263466546067,1.9400012369733304,0.035829745286016,0.1194324842867203,8.771748653892143,8.121748653892142,0.15,0.5,46.56746344215799,-0.5109021194659632,11.138182509773866,11.649084629239832,11.649084629239832,-0.0089169241400984,0.1943979574835994,0.2033148816236979,0.2033148816236979,1.908,experiment_data_subject0003.csv,12.25,0,低,False,False
0003,pendulumStimulus,block,pendulum,21.070000000013728,4.334270153866829,oscillation,1.9665528357898376,1.8165852571837604,0.0346079027552486,0.1153596758508289,8.523571262166069,7.873571262166069,0.15,0.5,62.45145404053849,18.116961257869097,-5.420635404520638,-23.53759666238974,23.53759666238973,0.3162006244060692,-0.0946079353590598,-0.4108085597651291,0.410808559765129,1.82460000000149,experiment_data_subject0003.csv,21.07,0,低,False,False
0003,pendulumStimulus,block,pendulum,21.069999999988266,4.334270153866366,oscillation,1.4250222890576074,1.2750547104515135,0.0346079027552523,0.1153596758508413,6.176431576056717,5.526431576056717,0.15,0.5,62.451454040496536,-39.85909680680753,-24.737773147034098,15.121323659773434,15.121323659773434,-0.6956724761499495,-0.4317555910271843,0.2639168851227652,0.2639168851227652,1.376,experiment_data_subject0003.csv,21.07,0,低,False,False
0003,pendulumStimulus,block,pendulum,21.069999999984447,4.334270153866297,oscillation,1.3423302167964848,1.192362638190389,0.0346079027552529,0.1153596758508431,5.81802179529388,5.168021795293879,0.15,0.5,62.45145404049023,43.16843605197987,29.66977110181966,-13.498664950160206,13.4986649501602,0.7534313420436707,0.5178351940398188,-0.2355961480038518,0.2355961480038517,3.373,experiment_data_subject0003.csv,21.07,0,低,False,False
0003,pendulumStimulus,block,pendulum,21.06999999998042,4.334270153866224,oscillation,1.821157602726832,1.6711900241207331,0.0346079027552535,0.115359675850845,7.8933890429854685,7.243389042985468,0.15,0.5,62.45145404048359,-15.65707754146311,-27.40659414370578,-11.749516602242672,11.749516602242672,-0.2732675543385902,-0.4783353045654618,-0.2050677502268715,0.2050677502268715,1.6717000000029802,experiment_data_subject0003.csv,21.07,0,低,False,False
0003,pendulumStimulus,block,pendulum,71.0500000000414,6.666037126459757,oscillation,1.4846496912576372,1.3871404833626002,0.0225021248988547,0.0750070829961823,9.896729961710426,9.246729961710423,0.15,0.5,144.340912303965,-44.1014298401758,-32.209331984387624,11.892097855788172,11.892097855788172,-0.7697151555483442,-0.5621588929954828,0.2075562625528614,0.2075562625528614,2.37339999999851,experiment_data_subject0003.csv,71.05,2,高,False,False
0003,pendulumStimulus,block,pendulum,71.04999999999798,6.666037126452633,oscillation,1.2000426719823147,1.1025334640871731,0.0225021248988787,0.0750070829962625,7.999529004761528,7.349529004761528,0.15,0.5,144.34091230385616,94.98154362192663,83.31386503029812,-11.667678591628516,11.667678591628516,1.65774066482924,1.4541012573408674,-0.2036394074883724,0.2036394074883724,1.3325,experiment_data_subject0003.csv,71.05,2,高,False,False
0003,pendulumStimulus,block,pendulum,71.04999999996646,6.666037126447463,oscillation,2.0867456023043074,1.9892363944090905,0.0225021248988962,0.0750070829963207,13.910323658411484,13.260323658411483,0.15,0.5,144.34091230377717,34.6204219071728,14.115796517633132,-20.50462538953966,20.504625389539665,0.6042403507097399,0.2463671257742479,-0.3578732249354919,0.357873224935492,2.0158000000044702,experiment_data_subject0003.csv,71.05,2,高,False,False
0003,pendulumStimulus,block,pendulum,71.04999999997293,6.666037126448526,oscillation,1.645543224636641,1.5480340167414397,0.0225021248988926,0.0750070829963087,10.969252228603676,10.319252228603675,0.15,0.5,144.34091230379337,76.57367122800797,32.961628790657606,-43.61204243735036,43.61204243735036,1.3364626832683886,0.5752889492171319,-0.7611737340512567,0.7611737340512567,1.0015999999940397,experiment_data_subject0003.csv,71.05,2,高,False,False
0003,pendulumStimulus,block,pendulum,71.04999999997058,6.66603712644814,oscillation,1.1273879711443509,1.029878763249144,0.0225021248988939,0.075007082996313,7.515210071559288,6.865210071559288,0.15,0.5,144.34091230378746,-10.737091490258418,9.148030556557314,19.88512204681573,19.88512204681573,-0.187397598592874,0.1596632532849744,0.3470608518778484,0.3470608518778484,1.2456000000014902,experiment_data_subject0003.csv,71.05,2,高,False,False
0003,pendulumStimulus,block,pendulum,47.53000000000552,4.999536822392912,oscillation,1.9015352562818075,1.771523212548345,0.0300027793231065,0.1000092644103552,9.506795532859238,8.856795532859238,0.15,0.5,102.26889899596482,19.3863766146092,24.78436456171209,5.397987947102888,5.397987947102888,0.3383561019565623,0.4325687646164772,0.0942126626599149,0.0942126626599149,3.22570000000298,experiment_data_subject0003.csv,47.53,1,中,False,False
0003,pendulumStimulus,block,pendulum,47.52999999999764,4.9995368223926295,oscillation,1.43043436108189,1.3004223173484206,0.0300027793231082,0.1000092644103609,7.151509260244583,6.501509260244583,0.15,0.5,102.26889899595302,-19.248653172710352,32.8113426256614,52.05999579837174,52.05999579837176,-0.3359523744382484,0.5726659608177526,0.9086183352560008,0.9086183352560012,2.4453000000044702,experiment_data_subject0003.csv,47.53,1,中,False,False
0003,pendulumStimulus,block,pendulum,47.52999999998367,4.999536822392129,oscillation,1.1399587802406,1.0099467365071175,0.0300027793231112,0.1000092644103709,5.699265897822096,5.049265897822096,0.15,0.5,102.26889899593212,0.8910203641115325,5.548450795640502,4.657430431528969,4.657430431528969,0.0155512390560649,0.0968387347688257,0.0812874957127608,0.0812874957127608,1.99710000000149,experiment_data_subject0003.csv,47.53,1,中,False,False
0003,pendulumStimulus,block,pendulum,47.53000000001648,4.9995368223933045,oscillation,1.8898119602634795,1.759799916530028,0.0300027793231042,0.1000092644103474,9.448184482736538,8.798184482736538,0.15,0.5,102.2688989959812,26.08264407912723,20.34510631940642,-5.737537759720808,5.73753775972081,0.4552280168065745,0.3550890919419471,-0.1001389248646273,0.1001389248646274,2.921,experiment_data_subject0003.csv,47.53,1,中,False,False
0003,pendulumStimulus,block,pendulum,47.53000000001418,4.999536822393222,oscillation,1.4374253628592255,1.3074133191257715,0.0300027793231047,0.100009264410349,7.186461031056636,6.536461031056636,0.15,0.5,102.26889899597778,5.248684082574562,15.540948405545494,10.29226432297093,10.29226432297093,0.091606818637944,0.2712407185593318,0.1796338999213877,0.1796338999213877,1.4262999999970198,experiment_data_subject0003.csv,47.53,1,中,False,False
0003,pendulumStimulus,block,pendulum,73.98999999999832,7.287546664127136,oscillation,1.239512705609793,1.1503194516990334,0.0205830585947906,0.0686101953159688,9.033006682909848,8.383006682909848,0.15,0.5,152.56075984931354,-92.53752791110476,-67.8954402141319,24.642087696972872,24.642087696972887,-1.6150845437049288,-1.1849989788275654,0.4300855648773633,0.4300855648773636,1.7537000000029803,experiment_data_subject0003.csv,73.99,2,高,False,False
0003,pendulumStimulus,block,pendulum,73.9899999999567,7.287546664115561,oscillation,1.978463739988195,1.8892704860772935,0.0205830585948233,0.0686101953160778,14.418146828424566,13.768146828424566,0.15,0.5,152.5607598491815,-73.72685519728238,-73.73371543531013,-0.0068602380277513,0.0068602380277513,-1.286776370333671,-1.2868961040747258,-0.0001197337410547,0.0001197337410547,1.586,experiment_data_subject0003.csv,73.99,2,高,False,False
0003,pendulumStimulus,block,pendulum,73.98999999999039,7.2875466641249345,oscillation,2.0469090208808547,1.957715766970068,0.0205830585947968,0.0686101953159895,14.91694500688751,14.266945006887507,0.15,0.5,152.5607598492884,-70.27973701542487,-21.196483628132366,49.0832533872925,49.0832533872925,-1.2266128083548968,-0.3699484291559832,0.8566643791989137,0.8566643791989137,2.17010000000149,experiment_data_subject0003.csv,73.99,2,高,False,False
0003,pendulumStimulus,block,pendulum,73.9900000000097,7.287546664130303,oscillation,1.2627318542381678,1.173538600327447,0.0205830585947817,0.068610195315939,9.202217312044432,8.552217312044432,0.15,0.5,152.56075984934964,-72.26425541310961,-68.51061538155871,3.753640031550911,3.753640031550911,-1.2612491884608978,-1.1957358109756706,0.0655133774852272,0.0655133774852272,1.88760000000149,experiment_data_subject0003.csv,73.99,2,高,False,False
0003,pendulumStimulus,block,pendulum,73.99000000001239,7.287546664131057,oscillation,1.2660784233758062,1.1768851694650948,0.0205830585947795,0.0686101953159319,9.226605590800665,8.576605590800664,0.15,0.5,152.5607598493582,-84.43884131449455,-67.29658556102763,17.142255753466916,17.14225575346693,-1.4737357975069465,-1.1745469933900077,0.299188804116939,0.2991888041169393,1.6333999999985098,experiment_data_subject0003.csv,73.99,2,高,False,False
0003,pendulumStimulus,block,pendulum,6.369999999989915,4.099668686115592,oscillation,1.8709914143950244,1.7124420169275254,0.0365883224924997,0.1219610749749991,7.670444913586403,7.020444913586402,0.15,0.5,33.12294020771681,-16.634701058233908,-19.015845982604763,-2.381144924370856,2.381144924370856,-0.2903303035511667,-0.3318891224485895,-0.0415588188974228,0.0415588188974228,1.18070000000298,experiment_data_subject0003.csv,6.37,0,低,False,False
0003,pendulumStimulus,block,pendulum,6.369999999991059,4.099668686115608,oscillation,1.5812284177922202,1.422679020324722,0.0365883224924996,0.1219610749749986,6.482512630018894,5.832512630018893,0.15,0.5,33.12294020771987,-4.094901807324942,1.6727849541390545,5.767686761463996,5.767686761463996,-0.0714695190836866,0.0291956051275488,0.1006651242112355,0.1006651242112355,1.66010000000149,experiment_data_subject0003.csv,6.37,0,低,False,False
0003,pendulumStimulus,block,pendulum,6.369999999994614,4.099668686115658,oscillation,2.125001434684592,1.9664520372170955,0.0365883224924991,0.1219610749749972,8.711801839727269,8.061801839727268,0.15,0.5,33.122940207729386,12.218268484178544,10.708030751730696,-1.5102377324478515,1.5102377324478515,0.2132490139415723,0.1868903930225041,-0.0263586209190682,0.0263586209190682,1.8125,experiment_data_subject0003.csv,6.37,0,低,False,False
0003,pendulumStimulus,block,pendulum,6.37000000001199,4.099668686115903,oscillation,1.3449320457697291,1.1863826483022422,0.0365883224924969,0.1219610749749899,5.513775792995959,4.863775792995959,0.15,0.5,33.122940207775855,18.37566666264672,19.57388643793638,1.1982197752896568,1.1982197752896602,0.3207158855121434,0.3416287657534545,0.0209128802413111,0.0209128802413111,0.7901000000014902,experiment_data_subject0003.csv,6.37,0,低,False,False
0003,pendulumStimulus,block,pendulum,6.3699999999848655,4.099668686115521,oscillation,1.2680417119812744,1.1094923145137727,0.0365883224925003,0.1219610749750012,5.198550899297947,4.548550899297947,0.15,0.5,33.12294020770331,8.622992929437627,7.000416242571269,-1.62257668686636,1.6225766868663576,0.1504996179948776,0.1221803124429586,-0.028319305551919,0.0283193055519189,0.97889999999851,experiment_data_subject0003.csv,6.37,0,低,False,False
0003,pendulumStimulus,block,pendulum,24.01000000000993,4.389243040716872,oscillation,1.4592128264350193,1.3111235103569925,0.0341744575564677,0.113914858521559,6.404839743354706,5.754839743354705,0.15,0.5,67.20096872812692,-43.70640878294862,-37.89658192267608,5.809826860272531,5.809826860272531,-0.762820737485021,-0.6614201298024608,0.1014006076825602,0.1014006076825602,1.0908999999985098,experiment_data_subject0003.csv,24.01,0,低,False,False
0003,pendulumStimulus,block,pendulum,24.00999999998317,4.389243040716357,oscillation,1.8794422830553277,1.7313529669772834,0.0341744575564717,0.1139148585215723,8.249328961328658,7.599328961328657,0.15,0.5,67.2009687280845,-0.0739331988417616,-17.335279070660672,-17.26134587181891,17.26134587181891,-0.0012903777463203,-0.3025576965350914,-0.301267318788771,0.301267318788771,1.0645999999940394,experiment_data_subject0003.csv,24.01,0,低,False,False
0003,pendulumStimulus,block,pendulum,24.01000000001265,4.3892430407169245,oscillation,1.9431068532732605,1.7950175371952355,0.0341744575564672,0.1139148585215576,8.52876823309902,7.878768233099021,0.15,0.5,67.20096872813123,38.465050181775055,38.89391611698267,0.428865935207616,0.4288659352076223,0.671341772616818,0.6788268952358356,0.0074851226190175,0.0074851226190176,1.681,experiment_data_subject0003.csv,24.01,0,低,False,False
0003,pendulumStimulus,block,pendulum,24.00999999997858,4.389243040716268,oscillation,1.958706213729973,1.8106168976519257,0.0341744575564724,0.1139148585215747,8.597237617421994,7.947237617421995,0.15,0.5,67.20096872807723,18.921839362383345,20.160299224360195,1.2384598619768503,1.2384598619768503,0.3302483974070538,0.3518635996523443,0.0216152022452905,0.0216152022452905,1.579,experiment_data_subject0003.csv,24.01,0,低,False,False
0003,pendulumStimulus,block,pendulum,24.009999999997166,4.389243040716626,oscillation,1.9967642695275525,1.8486749534495173,0.0341744575564696,0.1139148585215654,8.764283673975427,8.114283673975427,0.15,0.5,67.20096872810669,43.88326673265759,33.55465466296845,-10.328612069689136,10.328612069689129,0.765907491015769,0.5856392032384676,-0.1802682877773014,0.1802682877773013,1.0138000000044705,experiment_data_subject0003.csv,24.01,0,低,False,False
0003,pendulumStimulus,block,pendulum,62.229999999981054,5.732602578905725,oscillation,1.7262092848242012,1.6128227398730814,0.0261661257579507,0.0872204191931691,9.895671797914224,9.245671797914223,0.15,0.5,125.97980059744,-84.5765823919033,-72.05171144977574,12.524870942127563,12.524870942127553,-1.4761398328229736,-1.2575395964954834,0.2186002363274901,0.2186002363274899,1.297,experiment_data_subject0003.csv,62.23,2,高,False,False
0003,pendulumStimulus,block,pendulum,62.23000000003857,5.732602578909848,oscillation,1.365618235052364,1.2522316901013255,0.0261661257579319,0.0872204191931064,7.828546616067497,7.178546616067496,0.15,0.5,125.97980059754389,13.59020840938288,-24.377032574442385,-37.96724098382526,37.96724098382526,0.2371938827759527,-0.4254594802899293,-0.662653363065882,0.662653363065882,1.06460000000149,experiment_data_subject0003.csv,62.23,2,高,False,False
0003,pendulumStimulus,block,pendulum,62.23000000002217,5.732602578908672,oscillation,1.9616681124016744,1.8482815674506128,0.0261661257579372,0.0872204191931243,11.245463680116746,10.595463680116746,0.15,0.5,125.97980059751428,72.70893867109676,53.03542579546637,-19.673512875630404,19.673512875630404,1.269010375441269,0.9256428003280208,-0.3433675751132483,0.3433675751132483,1.1195999999940396,experiment_data_subject0003.csv,62.23,2,高,False,False
0003,pendulumStimulus,block,pendulum,62.23000000000937,5.732602578907755,oscillation,1.6677784771591708,1.554391932208091,0.0261661257579414,0.0872204191931382,9.56071119920951,8.91071119920951,0.15,0.5,125.97980059749116,87.38129548439238,75.27753858528992,-12.103756899102455,12.10375689910247,1.5250913108607005,1.313840901110383,-0.2112504097503169,0.2112504097503172,1.06160000000149,experiment_data_subject0003.csv,62.23,2,高,False,False
0003,pendulumStimulus,block,pendulum,62.23000000001007,5.732602578907805,oscillation,1.8817396078657636,1.7683530629146844,0.0261661257579412,0.0872204191931375,10.787265328884237,10.137265328884236,0.15,0.5,125.9798005974924,41.83136135053749,58.19440839432572,16.363047043788228,16.363047043788228,0.7300949861583811,1.0156840327312104,0.2855890465728293,0.2855890465728293,1.0362000000029803,experiment_data_subject0003.csv,62.23,2,高,False,False
0003,pendulumStimulus,block,pendulum,38.70999999997317,4.724659585306694,oscillation,1.588264452625437,1.450688403332606,0.0317483190675763,0.1058277302252545,7.50400887009866,6.85400887009866,0.15,0.5,89.28378410376584,55.67430076583776,36.63606417089103,-19.03823659494673,19.03823659494673,0.9716998571094696,0.639419944753975,-0.3322799123554945,0.3322799123554945,1.2417000000029803,experiment_data_subject0003.csv,38.71,1,中,False,False
0003,pendulumStimulus,block,pendulum,38.71000000000598,4.724659585307587,oscillation,1.43589017573406,1.2983141264412552,0.0317483190675703,0.1058277302252345,6.784092282230923,6.134092282230923,0.15,0.5,89.28378410381379,-8.264076920792798,-15.660398001414894,-7.396321080622097,7.396321080622096,-0.1442353519059089,-0.2733255072974295,-0.1290901553915205,0.1290901553915205,1.1977999999970197,experiment_data_subject0003.csv,38.71,1,中,False,False
0003,pendulumStimulus,block,pendulum,38.7100000000197,4.72465958530796,oscillation,1.4414897403739009,1.3039136910811069,0.0317483190675678,0.1058277302252262,6.810548318980634,6.160548318980633,0.15,0.5,89.28378410383385,-25.39976973127832,-6.031020838110034,19.368748893168284,19.368748893168284,-0.443309611059202,-0.1052611708814079,0.338048440177794,0.338048440177794,0.8287000000029803,experiment_data_subject0003.csv,38.71,1,中,False,False
0003,pendulumStimulus,block,pendulum,38.70999999996194,4.724659585306387,oscillation,1.346211613487832,1.2086355641949922,0.0317483190675784,0.1058277302252614,6.360391603516064,5.710391603516063,0.15,0.5,89.28378410374943,-42.34168737605032,-33.07533481844447,9.26635255760585,9.266352557605844,-0.7390018555621964,-0.5772734937813768,0.1617283617808196,0.1617283617808195,1.40639999999851,experiment_data_subject0003.csv,38.71,1,中,False,False
0003,pendulumStimulus,block,pendulum,38.71000000000767,4.724659585307633,oscillation,1.469186095619918,1.331610046327114,0.03174831906757,0.1058277302252335,6.941404169271342,6.291404169271342,0.15,0.5,89.28378410381627,-59.76446113314566,-75.74304962289148,-15.978588489745816,15.978588489745816,-1.0430866224535729,-1.3219656014209056,-0.2788789789673327,0.2788789789673327,1.4347999999970198,experiment_data_subject0003.csv,38.71,1,中,False,False
0003,pendulumStimulus,block,pendulum,68.10999999999747,6.263260624859311,oscillation,1.5911779807790665,1.487398170400411,0.023949187010459,0.0798306233681967,9.965962394156673,9.315962394156672,0.15,0.5,137.51888712456218,-11.715229732918342,-35.18081619522233,-23.465586462303985,23.465586462303985,-0.2044693314669609,-0.6140210761455738,-0.4095517446786128,0.4095517446786128,1.1732999999970195,experiment_data_subject0003.csv,68.11,2,高,False,False
0003,pendulumStimulus,block,pendulum,68.10999999998565,6.263260624857945,oscillation,1.735545389717795,1.6317655793391168,0.0239491870104642,0.0798306233682141,10.870173102073204,10.220173102073202,0.15,0.5,137.51888712453658,91.4600909759159,81.44700623208789,-10.013084743828024,10.013084743828024,1.5962797217032865,1.4215184246422743,-0.1747612970610119,0.1747612970610119,1.44839999999851,experiment_data_subject0003.csv,68.11,2,高,False,False
0003,pendulumStimulus,block,pendulum,68.1099999999762,6.263260624856853,oscillation,1.6960211206603757,1.592241310281679,0.0239491870104684,0.079830623368228,10.622622303957725,9.972622303957724,0.15,0.5,137.5188871245161,-89.44132080491663,-69.66420147831212,19.777119326604502,19.777119326604502,-1.5610455353783002,-1.2158696865692478,0.3451758488090524,0.3451758488090524,2.5166000000014903,experiment_data_subject0003.csv,68.11,2,高,False,False
0003,pendulumStimulus,block,pendulum,68.11000000000628,6.263260624860328,oscillation,1.9564037026281784,1.8526238922495395,0.0239491870104551,0.0798306233681837,12.253466277002024,11.603466277002024,0.15,0.5,137.51888712458123,59.23318241479314,43.67520597627545,-15.55797643851769,15.55797643851769,1.0338140595725458,0.762276145772711,-0.2715379137998348,0.2715379137998348,2.5653000000044703,experiment_data_subject0003.csv,68.11,2,高,False,False
0003,pendulumStimulus,block,pendulum,68.10999999999193,6.263260624858671,oscillation,1.2986483780111775,1.1948685676325113,0.0239491870104614,0.0798306233682048,8.133773251533988,7.483773251533988,0.15,0.5,137.51888712455016,36.77135388881165,-1.1358795558531682,-37.907233444664826,37.907233444664826,0.6417811957757842,-0.0198248381557286,-0.661606033931513,0.661606033931513,1.13010000000149,experiment_data_subject0003.csv,68.11,2,高,False,False
0004,pendulumStimulus,block,pendulum,24.01000000002847,4.389243040717229,oscillation,1.3917387298871948,1.2436494138091805,0.0341744575564649,0.1139148585215497,6.108679534654006,5.458679534654006,0.15,0.5,67.20096872815633,10.683605029702232,18.512230273345807,7.828625243643576,7.828625243643576,0.1864640837509305,0.3230993701572542,0.1366352864063237,0.1366352864063237,1.867199999988079,experiment_data_subject0004.csv,24.01,0,低,False,False
0004,pendulumStimulus,block,pendulum,24.01000000000843,4.389243040716843,oscillation,1.6458992239651589,1.497809907887131,0.0341744575564679,0.1139148585215597,7.224251714510325,6.574251714510325,0.15,0.5,67.20096872812455,27.94023393145211,31.761439719455016,3.821205788002909,3.821205788002909,0.4876490758812789,0.5543416982781941,0.0666926223969152,0.0666926223969152,2.2028999999761583,experiment_data_subject0004.csv,24.01,0,低,False,False
0004,pendulumStimulus,block,pendulum,24.00999999998964,4.389243040716481,oscillation,1.7061110256338,1.55802170955576,0.0341744575564707,0.1139148585215691,7.488535945952815,6.838535945952815,0.15,0.5,67.20096872809476,37.61133834808362,52.04238348558967,14.431045137506043,14.431045137506043,0.6564416902556642,0.9083109424090624,0.2518692521533983,0.2518692521533983,2.4052999999523164,experiment_data_subject0004.csv,24.01,0,低,False,False
0004,pendulumStimulus,block,pendulum,24.010000000019744,4.38924304071706,oscillation,1.4027986774319097,1.254709361353889,0.0341744575564662,0.1139148585215541,6.1572243324451055,5.507224332445105,0.15,0.5,67.20096872814248,3.114497737694309,9.516057606362049,6.401559868667738,6.401559868667738,0.0543582400686803,0.1660865370404682,0.1117282969717878,0.1117282969717878,1.974199999988079,experiment_data_subject0004.csv,24.01,0,低,False,False
0004,pendulumStimulus,block,pendulum,24.01000000000089,4.389243040716698,oscillation,1.6971718327706111,1.5490825166925788,0.034174457556469,0.1139148585215635,7.44929965588881,6.7992996558888095,0.15,0.5,67.20096872811261,43.2091406963908,35.937389213359765,-7.271751483031038,7.271751483031033,0.754141772109495,0.6272257663438228,-0.1269160057656722,0.126916005765672,1.995300000011921,experiment_data_subject0004.csv,24.01,0,低,False,False
0004,pendulumStimulus,block,pendulum,21.07000000000627,4.334270153866693,oscillation,1.8848396890269203,1.734872110420838,0.0346079027552497,0.1153596758508326,8.16940440897276,7.519404408972759,0.15,0.5,62.4514540405262,-39.68943346086797,-35.98370771291117,3.705725747956798,3.705725747956798,-0.692711292143354,-0.6280341766655784,0.0646771154777756,0.0646771154777756,2.5046000000238418,experiment_data_subject0004.csv,21.07,0,低,False,False
0004,pendulumStimulus,block,pendulum,21.070000000021423,4.334270153866968,oscillation,2.042524644540016,1.8925570659339428,0.0346079027552475,0.1153596758508252,8.852853605367528,8.202853605367528,0.15,0.5,62.451454040551184,-40.69398808579549,-38.03714297332495,2.6568451124705383,2.656845112470545,-0.710244077864476,-0.663873382936346,0.0463706949281299,0.04637069492813,2.211399999976158,experiment_data_subject0004.csv,21.07,0,低,False,False
0004,pendulumStimulus,block,pendulum,21.069999999979476,4.334270153866206,oscillation,1.268888597743005,1.1189210191369057,0.0346079027552536,0.1153596758508455,5.499705977778649,4.849705977778648,0.15,0.5,62.451454040482034,32.30063359654096,40.00682540200922,7.70619180546826,7.70619180546826,0.5637524067399374,0.6982508265355649,0.1344984197956275,0.1344984197956275,3.537399999976158,experiment_data_subject0004.csv,21.07,0,低,False,False
0004,pendulumStimulus,block,pendulum,21.070000000010097,4.334270153866763,oscillation,1.8916855788727809,1.741718000266701,0.0346079027552492,0.1153596758508307,8.199076345008464,7.549076345008465,0.15,0.5,62.45145404053251,-17.450407841528964,-14.830488580213782,2.619919261315184,2.619919261315184,-0.3045670726505173,-0.2588408554041496,0.0457262172463676,0.0457262172463676,2.496300000011921,experiment_data_subject0004.csv,21.07,0,低,False,False
0004,pendulumStimulus,block,pendulum,21.07000000001091,4.334270153866777,oscillation,1.5643919644815432,1.4144243858754637,0.0346079027552491,0.1153596758508303,6.780497400601368,6.130497400601367,0.15,0.5,62.45145404053386,38.68231579104431,37.88057446221551,-0.8017413288288043,0.801741328828798,0.675133772849918,0.6611407469125409,-0.0139930259373771,0.013993025937377,2.7567999999523165,experiment_data_subject0004.csv,21.07,0,低,False,False
0004,pendulumStimulus,block,pendulum,12.24999999999674,4.186465708941439,oscillation,2.063926319433118,1.9086640898603944,0.0358297452860131,0.1194324842867103,8.640556762088464,7.990556762088463,0.15,0.5,46.56746344220366,-5.194149786510879,-13.000186074013069,-7.80603628750219,7.80603628750219,-0.0906550156163753,-0.2268960503634433,-0.1362410347470679,0.1362410347470679,1.5321000000238418,experiment_data_subject0004.csv,12.25,0,低,False,False
0004,pendulumStimulus,block,pendulum,12.250000000013213,4.186465708941695,oscillation,1.9522532877323333,1.7969910581596196,0.0358297452860109,0.119432484286703,8.173041444260098,7.523041444260098,0.15,0.5,46.56746344223683,-3.171532555301032,-4.6418316804761375,-1.470299125175106,1.470299125175106,-0.0553536854241921,-0.0810152461476899,-0.0256615607234978,0.0256615607234978,1.983800000011921,experiment_data_subject0004.csv,12.25,0,低,False,False
0004,pendulumStimulus,block,pendulum,12.249999999999046,4.186465708941475,oscillation,2.067367150056848,1.9121049204841256,0.0358297452860127,0.1194324842867092,8.654961681505059,8.004961681505058,0.15,0.5,46.56746344220831,5.863676710915447,0.4080694780316417,-5.455607232883806,5.455607232883806,0.1023404648779862,0.0071221559685468,-0.0952183089094394,0.0952183089094394,2.1596999999880797,experiment_data_subject0004.csv,12.25,0,低,False,False
0004,pendulumStimulus,block,pendulum,12.249999999992111,4.186465708941368,oscillation,1.535189921110613,1.3799276915378869,0.0358297452860137,0.1194324842867123,6.427019961441985,5.777019961441985,0.15,0.5,46.567463442194345,-20.872063152716336,-22.555065641403072,-1.683002488686738,1.683002488686738,-0.3642862236990881,-0.3936601584459303,-0.0293739347468421,0.0293739347468421,1.628,experiment_data_subject0004.csv,12.25,0,低,False,False
0004,pendulumStimulus,block,pendulum,12.250000000015056,4.186465708941723,oscillation,1.616881375740945,1.461619146168232,0.0358297452860106,0.1194324842867022,6.769018434965984,6.119018434965984,0.15,0.5,46.56746344224054,-6.655858035288642,-10.848295646994982,-4.192437611706341,4.192437611706341,-0.1161666372611077,-0.1893384772698309,-0.0731718400087232,0.0731718400087232,1.982699999988079,experiment_data_subject0004.csv,12.25,0,低,False,False
0004,pendulumStimulus,block,pendulum,29.8899999999972,4.509792396991768,oscillation,1.228230821357032,1.0841000182554126,0.0332609545619121,0.1108698485397071,5.539066019906897,4.889066019906896,0.15,0.5,76.26096482562603,-40.52924805761589,-45.05566352592175,-4.526415468305859,4.526415468305865,-0.7073688219629137,-0.786369675198052,-0.0790008532351382,0.0790008532351383,1.8860999999642367,experiment_data_subject0004.csv,29.89,1,中,False,False
0004,pendulumStimulus,block,pendulum,29.889999999979736,4.5097923969913865,oscillation,1.929120222029212,1.78498941892758,0.0332609545619149,0.1108698485397164,8.699931710189674,8.049931710189673,0.15,0.5,76.26096482559977,-21.46900046223525,-12.519068745045551,8.949931717189697,8.949931717189695,-0.3747047451781896,-0.2184989688845594,0.1562057762936302,0.1562057762936301,1.736899999976158,experiment_data_subject0004.csv,29.89,1,中,False,False
0004,pendulumStimulus,block,pendulum,29.890000000032455,4.509792396992538,oscillation,1.5107640541781588,1.3666332510765642,0.0332609545619064,0.1108698485396881,6.813232245182284,6.163232245182284,0.15,0.5,76.26096482567911,38.79815561505849,23.757320633606813,-15.040834981451674,15.040834981451685,0.6771555591838962,0.4146434665084243,-0.2625120926754719,0.2625120926754721,3.773600000023842,experiment_data_subject0004.csv,29.89,1,中,False,False
0004,pendulumStimulus,block,pendulum,29.890000000032646,4.509792396992542,oscillation,1.9836847730138256,1.839553969912231,0.0332609545619064,0.110869848539688,8.946006507367628,8.296006507367627,0.15,0.5,76.26096482567938,38.82818202564798,42.387807107004924,3.5596250813569417,3.5596250813569417,0.6776796189112386,0.7398067967174883,0.0621271778062496,0.0621271778062496,1.6552000000476836,experiment_data_subject0004.csv,29.89,1,中,False,False
0004,pendulumStimulus,block,pendulum,29.889999999960708,4.509792396990971,oscillation,1.9465743935824789,1.8024435904808345,0.033260954561918,0.1108698485397267,8.778646400355573,8.128646400355573,0.15,0.5,76.26096482557114,-8.936345813583664,11.767769482252572,20.704115295836235,20.704115295836235,-0.1559686575438463,0.2053863230810158,0.3613549806248621,0.3613549806248621,1.8508999999761584,experiment_data_subject0004.csv,29.89,1,中,False,False
0004,pendulumStimulus,block,pendulum,71.04999999998891,6.666037126451149,oscillation,1.6234428619427117,1.5259336540475488,0.0225021248988837,0.0750070829962792,10.821930390382224,10.171930390382224,0.15,0.5,144.34091230383345,-7.1679641830593575,2.372224891569316,9.540189074628673,9.540189074628673,-0.1251045756594113,0.04140313495565,0.1665077106150613,0.1665077106150613,3.063300000011921,experiment_data_subject0004.csv,71.05,2,高,False,False
0004,pendulumStimulus,block,pendulum,71.04999999997192,6.666037126448361,oscillation,1.9141946574600333,1.8166854495648292,0.0225021248988931,0.0750070829963105,12.760092653877686,12.110092653877686,0.15,0.5,144.34091230379082,-10.935532751273804,-51.132129504355,-40.1965967530812,40.1965967530812,-0.190861051969402,-0.892424013407131,-0.701562961437729,0.701562961437729,3.2466000000238417,experiment_data_subject0004.csv,71.05,2,高,False,False
0004,pendulumStimulus,block,pendulum,71.05000000002539,6.66603712645713,oscillation,1.418155343497222,1.3206461356021464,0.0225021248988635,0.0750070829962119,9.453476170836046,8.803476170836046,0.15,0.5,144.3409123039249,-37.58002754529976,-48.13681463564534,-10.55678709034558,10.55678709034558,-0.6558952136556432,-0.8401459068142056,-0.1842506931585624,0.1842506931585624,3.883399999976158,experiment_data_subject0004.csv,71.05,2,高,False,False
0004,pendulumStimulus,block,pendulum,71.05000000002518,6.6660371264570975,oscillation,1.33359114266192,1.236081934766844,0.0225021248988636,0.0750070829962123,8.889768068498702,8.239768068498702,0.15,0.5,144.34091230392437,-22.579939845703727,-20.00307402488176,2.576865820821968,2.5768658208219715,-0.3940942952097904,-0.3491195022543408,0.0449747929554495,0.0449747929554496,3.647100000023842,experiment_data_subject0004.csv,71.05,2,高,False,False
0004,pendulumStimulus,block,pendulum,71.04999999998378,6.666037126450307,oscillation,1.424234091762603,1.3267248838674277,0.0225021248988866,0.0750070829962887,9.493997332445746,8.843997332445745,0.15,0.5,144.34091230382057,3.788609952453784,29.157936688044263,25.36932673559048,25.36932673559048,0.0661237177441443,0.5089019982944232,0.4427782805502787,0.4427782805502787,2.145299999952316,experiment_data_subject0004.csv,71.05,2,高,False,False
0004,pendulumStimulus,block,pendulum,65.16999999997724,5.966582060674472,oscillation,1.908280331026739,1.7993402387946844,0.0251400212843203,0.0838000709477344,11.385911189842084,10.735911189842083,0.15,0.5,131.49081685560742,-70.11456115725282,-65.26930538119254,4.845255776060273,4.845255776060273,-1.2237299457849873,-1.1391642793914625,0.0845656663935248,0.0845656663935248,2.344199999988079,experiment_data_subject0004.csv,65.17,2,高,False,False
0004,pendulumStimulus,block,pendulum,65.16999999997665,5.966582060674418,oscillation,2.0392494260705782,1.9303093338385224,0.0251400212843205,0.0838000709477351,12.167349042833315,11.517349042833317,0.15,0.5,131.49081685560623,-39.451939247429465,-34.031574687879505,5.420364559549961,5.420364559549955,-0.688566236164418,-0.593963027941859,0.094603208222559,0.0946032082225589,2.208699999988079,experiment_data_subject0004.csv,65.17,2,高,False,False
0004,pendulumStimulus,block,pendulum,65.16999999995427,5.966582060672436,oscillation,1.1376328310836243,1.0286927388515323,0.0251400212843288,0.0838000709477629,6.787779641575548,6.137779641575548,0.15,0.5,131.49081685556257,-56.033171829079365,-58.29437299101369,-2.261201161934318,2.261201161934318,-0.9779633387531684,-1.0174287440788436,-0.0394654053256753,0.0394654053256753,2.187,experiment_data_subject0004.csv,65.17,2,高,False,False
0004,pendulumStimulus,block,pendulum,65.16999999997844,5.96658206067458,oscillation,1.343782477630277,1.234842385398224,0.0251400212843198,0.0838000709477328,8.01778842447765,7.3677884244776495,0.15,0.5,131.49081685560978,-82.24588406747742,-73.8468698941812,8.399014173296218,8.399014173296205,-1.435461473191027,-1.2888710219453383,0.1465904512456886,0.1465904512456883,1.946,experiment_data_subject0004.csv,65.17,2,高,False,False
0004,pendulumStimulus,block,pendulum,65.17000000002085,5.966582060678337,oscillation,1.5675719385872586,1.4586318463552743,0.025140021284304,0.0838000709476801,9.3530466075975,8.7030466075975,0.15,0.5,131.49081685569251,-20.876598559746604,-9.19549273678967,11.681105822956935,11.681105822956935,-0.3643653814846844,-0.160491624600204,0.2038737568844803,0.2038737568844803,2.0375,experiment_data_subject0004.csv,65.17,2,高,False,False
0004,pendulumStimulus,block,pendulum,32.82999999996641,4.576276236943478,oscillation,2.070650064301027,1.9286131840199232,0.0327777416033315,0.1092591386777719,9.475866684286274,8.825866684286273,0.15,0.5,80.64796494238709,-37.57901695946378,-38.12770444558432,-0.5486874861205414,0.5486874861205414,-0.6558775756054315,-0.6654539788027256,-0.0095764031972941,0.0095764031972941,2.2645,experiment_data_subject0004.csv,32.83,1,中,False,False
0004,pendulumStimulus,block,pendulum,32.829999999988694,4.576276236944,oscillation,1.500556064684209,1.3585191844031217,0.0327777416033278,0.1092591386777595,6.866959061016549,6.216959061016548,0.15,0.5,80.64796494242009,11.211716352826558,10.679856226941338,-0.5318601258852204,0.5318601258852187,0.1956813651565137,0.1863986547997451,-0.0092827103567686,0.0092827103567685,2.927199999988079,experiment_data_subject0004.csv,32.83,1,中,False,False
0004,pendulumStimulus,block,pendulum,32.829999999990534,4.576276236944042,oscillation,1.929751490390192,1.7877146101091057,0.0327777416033275,0.1092591386777585,8.831075888679985,8.181075888679985,0.15,0.5,80.64796494242282,22.742766857927624,16.99884274943151,-5.743924108496115,5.743924108496115,0.3969361626842825,0.2966857750063453,-0.1002503876779372,0.1002503876779372,2.148600000023842,experiment_data_subject0004.csv,32.83,1,中,False,False
0004,pendulumStimulus,block,pendulum,32.82999999998777,4.576276236943978,oscillation,1.4413116475644383,1.2992747672833502,0.032777741603328,0.10925913867776,6.595840242779714,5.945840242779713,0.15,0.5,80.64796494241874,-17.447643672828658,-17.790430381048857,-0.3427867082202012,0.342786708220198,-0.3045188288056163,-0.310501585496132,-0.0059827566905156,0.0059827566905155,2.800300000011921,experiment_data_subject0004.csv,32.83,1,中,False,False
0004,pendulumStimulus,block,pendulum,32.82999999998203,4.576276236943843,oscillation,1.754829290470378,1.612792410189286,0.0327777416033289,0.1092591386777632,8.030583581872616,7.380583581872616,0.15,0.5,80.64796494241023,-44.21947324871325,-46.73390633329341,-2.514433084580166,2.51443308458016,-0.7717754016875996,-0.8156605378346006,-0.0438851361470009,0.0438851361470008,2.488,experiment_data_subject0004.csv,32.83,1,中,False,False
0004,pendulumStimulus,block,pendulum,6.369999999987932,4.099668686115564,oscillation,1.43726722521787,1.27871782775037,0.0365883224925,0.121961074975,5.892319436805908,5.242319436805907,0.15,0.5,33.1229402077115,12.53354284175737,7.491233275348597,-5.042309566408774,5.042309566408775,0.2187515895284327,0.1307466856897919,-0.0880049038386407,0.0880049038386407,2.050100000023842,experiment_data_subject0004.csv,6.37,0,低,False,False
0004,pendulumStimulus,block,pendulum,6.369999999994958,4.099668686115663,oscillation,2.1059342247721275,1.9473848273046317,0.0365883224924991,0.121961074974997,8.633632596317556,7.983632596317556,0.15,0.5,33.122940207730295,-13.008300775285049,-22.12283512514256,-9.114534349857513,9.114534349857513,-0.2270376786184551,-0.3861163128095894,-0.1590786341911343,0.1590786341911343,1.904599999964237,experiment_data_subject0004.csv,6.37,0,低,False,False
0004,pendulumStimulus,block,pendulum,6.37000000000266,4.099668686115772,oscillation,1.9462552219450904,1.787705824477598,0.0365883224924981,0.1219610749749938,7.979001588597587,7.329001588597586,0.15,0.5,33.122940207750894,8.187219555400482,2.8141222444543046,-5.373097310946178,5.373097310946178,0.1428939378254047,0.0491156987193403,-0.0937782391060643,0.0937782391060643,2.518600000023842,experiment_data_subject0004.csv,6.37,0,低,False,False
0004,pendulumStimulus,block,pendulum,6.369999999993782,4.099668686115646,oscillation,1.8947982413050264,1.7362488438375294,0.0365883224924992,0.1219610749749975,7.768045016385215,7.118045016385215,0.15,0.5,33.12294020772714,13.930854928120278,13.633698994889098,-0.2971559332311786,0.2971559332311786,0.2431392861133768,0.2379529366866563,-0.0051863494267204,0.0051863494267204,1.921300000011921,experiment_data_subject0004.csv,6.37,0,低,False,False
0004,pendulumStimulus,block,pendulum,6.370000000010947,4.099668686115888,oscillation,2.0849404877338937,1.9263910902664063,0.0365883224924971,0.1219610749749903,8.547565229977831,7.897565229977832,0.15,0.5,33.12294020777306,-13.202334083018428,-12.608048095860813,0.5942859871576175,0.5942859871576175,-0.2304241986969379,-0.2200519515225728,0.0103722471743651,0.0103722471743651,1.763399999976158,experiment_data_subject0004.csv,6.37,0,低,False,False
0004,pendulumStimulus,block,pendulum,62.23000000003663,5.7326025789097095,oscillation,1.2396302859697388,1.1262437410186976,0.0261661257579325,0.0872204191931085,7.106307774244705,6.456307774244705,0.15,0.5,125.9798005975404,-78.68628215905682,-72.36515653005092,6.321125629005892,6.321125629005892,-1.3733346998288138,-1.2630102451704637,0.1103244546583503,0.1103244546583503,2.125400000035763,experiment_data_subject0004.csv,62.23,2,高,False,False
0004,pendulumStimulus,block,pendulum,62.23000000001022,5.732602578907816,oscillation,1.4753744305044685,1.3619878855533898,0.0261661257579412,0.0872204191931373,8.457735265164565,7.807735265164565,0.15,0.5,125.97980059749268,-30.66413352680134,-49.414776250540335,-18.750642723738995,18.750642723738995,-0.5351900923138643,-0.8624505447082272,-0.3272604523943629,0.3272604523943629,2.9670999999642373,experiment_data_subject0004.csv,62.23,2,高,False,False
0004,pendulumStimulus,block,pendulum,62.23000000002951,5.732602578909199,oscillation,2.0050723814338443,1.891685836482793,0.0261661257579348,0.0872204191931163,11.494283104707264,10.844283104707264,0.15,0.5,125.97980059752751,51.29099467354033,45.86186043668541,-5.429134236854919,5.429134236854919,0.8951967336761528,0.8004404657102848,-0.094756267965868,0.094756267965868,1.8919000000357629,experiment_data_subject0004.csv,62.23,2,高,False,False
0004,pendulumStimulus,block,pendulum,56.35000000002036,5.376706026625143,oscillation,2.006851506712341,1.885959645267576,0.0278981218718688,0.0929937395728962,10.790250590681993,10.140250590681992,0.15,0.5,115.94447977240308,0.0798864470306739,-10.90967570735725,-10.989562154387926,10.989562154387926,0.0013942815284053,-0.1904097614182253,-0.1918040429466307,0.1918040429466307,2.597099999964237,experiment_data_subject0004.csv,56.35,2,高,False,False
0004,pendulumStimulus,block,pendulum,56.34999999999362,5.376706026623766,oscillation,1.962752767432938,1.841860905988142,0.027898121871876,0.09299373957292,10.553144633429152,9.903144633429152,0.15,0.5,115.94447977235964,-37.27472471567413,-55.13270329609605,-17.857978580421914,17.857978580421914,-0.6505666740630208,-0.9622471980420062,-0.3116805239789854,0.3116805239789854,1.444899999976158,experiment_data_subject0004.csv,56.35,2,高,False,False
0004,pendulumStimulus,block,pendulum,56.35000000001985,5.376706026625118,oscillation,1.5169958624192124,1.3961040009744463,0.0278981218718689,0.0929937395728966,8.156440795834747,7.506440795834746,0.15,0.5,115.94447977240227,-12.979693879745192,-18.8770484212101,-5.8973545414649085,5.8973545414649085,-0.2265383941025105,-0.3294666480085136,-0.1029282539060031,0.1029282539060031,3.034600000023842,experiment_data_subject0004.csv,56.35,2,高,False,False
0004,pendulumStimulus,block,pendulum,56.34999999998225,5.3767060266231805,oscillation,1.5056005502720406,1.3847086888272315,0.027898121871879,0.0929937395729301,8.095171552334858,7.445171552334858,0.15,0.5,115.94447977234115,29.774502142827124,49.0633163191872,19.288814176360063,19.288814176360063,0.5196630955344402,0.8563164117172816,0.3366533161828413,0.3366533161828413,2.4425,experiment_data_subject0004.csv,56.35,2,高,False,False
0004,pendulumStimulus,block,pendulum,56.35000000000241,5.376706026624219,oscillation,1.4663419488952305,1.3454500874504447,0.0278981218718736,0.0929937395729121,7.884089593716888,7.234089593716888,0.15,0.5,115.94447977237394,53.67925650242919,50.39168679572183,-3.28756970670736,3.28756970670736,0.9368797659899648,0.8795008502190972,-0.0573789157708677,0.0573789157708677,2.4345,experiment_data_subject0004.csv,56.35,2,高,False,False
0004,pendulumStimulus,block,pendulum,59.289999999982754,5.53999641147904,oscillation,1.1892171828268052,1.0718885869719088,0.0270758298126683,0.0902527660422279,6.588258925329714,5.9382589253297136,0.15,0.5,120.83049743175854,-25.45805432673549,-36.00759620512412,-10.549541878388638,10.549541878388638,-0.4443268691531225,-0.6284511095080314,-0.1841242403549089,0.1841242403549089,1.9531999999880791,experiment_data_subject0004.csv,59.29,2,高,False,False
0004,pendulumStimulus,block,pendulum,59.29000000000507,5.539996411480378,oscillation,1.6275978889507847,1.5102692930959165,0.0270758298126618,0.0902527660422061,9.016886464120386,8.366886464120386,0.15,0.5,120.8304974317965,53.87090966776489,39.61970787007238,-14.251201797692511,14.251201797692504,0.940224744746942,0.6914943510110728,-0.2487303937358691,0.248730393735869,3.6395,experiment_data_subject0004.csv,59.29,2,高,False,False
0004,pendulumStimulus,block,pendulum,59.29000000002894,5.5399964114818125,oscillation,1.178401886504639,1.0610732906498015,0.0270758298126548,0.0902527660421827,6.528342222519099,5.878342222519098,0.15,0.5,120.83049743183716,-73.14541897519977,-84.26244735587292,-11.117028380673146,11.117028380673146,-1.2766283938679726,-1.4706571421483725,-0.1940287482803999,0.1940287482803999,3.383399999976158,experiment_data_subject0004.csv,59.29,2,高,False,False
0004,pendulumStimulus,block,pendulum,59.289999999997406,5.539996411479919,oscillation,1.1494701404781782,1.0321415446233004,0.027075829812664,0.0902527660422135,6.368060453352426,5.718060453352425,0.15,0.5,120.83049743178348,-14.629405236723368,-10.412090926859232,4.217314309864136,4.217314309864135,-0.2553312889893232,-0.1817252686907216,0.0736060202986015,0.0736060202986015,4.6225,experiment_data_subject0004.csv,59.29,2,高,False,False
0004,pendulumStimulus,block,pendulum,59.28999999999608,5.539996411479841,oscillation,1.5881073621758977,1.4707787663210183,0.0270758298126644,0.0902527660422148,8.798109087499189,8.148109087499188,0.15,0.5,120.83049743178124,7.295632280748137,-6.62640640156311,-13.922038682311248,13.922038682311246,0.1273328043138383,-0.1156526092825058,-0.2429854135963441,0.2429854135963441,3.429899999976158,experiment_data_subject0004.csv,59.29,2,高,False,False
0004,pendulumStimulus,block,pendulum,44.59000000003459,4.8993240527069295,oscillation,1.622347313289319,1.4896759502589705,0.0306164683916189,0.1020548946387297,7.948405213842824,7.298405213842824,0.15,0.5,97.90320773353562,-17.333007897228114,-24.757151114516965,-7.424143217288853,7.424143217288853,-0.3025180570808095,-0.4320938003621047,-0.1295757432812952,0.1295757432812952,2.6927000000476835,experiment_data_subject0004.csv,44.59,1,中,False,False
0004,pendulumStimulus,block,pendulum,44.59000000003722,4.899324052707016,oscillation,1.3037770856942703,1.171105722663924,0.0306164683916183,0.1020548946387279,6.387626435310195,5.737626435310195,0.15,0.5,97.90320773353952,-48.59807219665142,-44.70067092548728,3.897401271164139,3.897401271164139,-0.8481963699534805,-0.7801738855002539,0.0680224844532265,0.0680224844532265,1.963300000011921,experiment_data_subject0004.csv,44.59,1,中,False,False
0004,pendulumStimulus,block,pendulum,44.5900000000066,4.899324052706022,oscillation,1.5825657060675316,1.4498943430371585,0.0306164683916245,0.1020548946387486,7.753502228724345,7.103502228724345,0.15,0.5,97.90320773349433,-27.50448849469881,-35.92414536842304,-8.419656873724229,8.419656873724229,-0.4800438833093932,-0.6269946176440534,-0.1469507343346602,0.1469507343346602,2.327200000047684,experiment_data_subject0004.csv,44.59,1,中,False,False
0004,pendulumStimulus,block,pendulum,44.59000000002234,4.899324052706533,oscillation,1.4030158310968284,1.2703444680664688,0.0306164683916213,0.1020548946387379,6.873829207620738,6.223829207620738,0.15,0.5,97.90320773351756,29.97358105970653,31.37337723357815,1.399796173871615,1.399796173871615,0.5231376781052901,0.5475687301961688,0.0244310520908787,0.0244310520908787,1.797300000011921,experiment_data_subject0004.csv,44.59,1,中,False,False
0004,pendulumStimulus,block,pendulum,44.59000000004143,4.899324052707152,oscillation,1.646028272186188,1.5133569091558456,0.0306164683916175,0.102054894638725,8.064425905357787,7.4144259053577874,0.15,0.5,97.90320773354571,-43.1143751930297,-38.51663454122805,4.597740651801645,4.597740651801645,-0.7524878020585339,-0.6722420895318051,0.0802457125267288,0.0802457125267288,1.919199999988079,experiment_data_subject0004.csv,44.59,1,中,False,False
0004,pendulumStimulus,block,pendulum,18.130000000009204,4.282342728141311,oscillation,2.0603341608354886,1.9085480845533311,0.0350275560651133,0.1167585202170443,8.823057011194985,8.173057011194985,0.15,0.5,57.48638536679459,-31.80095149858443,-25.444277144139075,6.356674354445352,6.356674354445352,-0.5550313089173231,-0.4440864119551667,0.1109448969621564,0.1109448969621564,3.462899999976158,experiment_data_subject0004.csv,18.13,0,低,False,False
0004,pendulumStimulus,block,pendulum,18.12999999998955,4.282342728140973,oscillation,2.049320674645733,1.8975345983635636,0.035027556065116,0.1167585202170535,8.775893488698108,8.125893488698107,0.15,0.5,57.48638536676053,11.208138714694474,16.964076252343972,5.755937537649498,5.7559375376494994,0.1956189235916639,0.2960789851627827,0.1004600615711188,0.1004600615711188,3.087699999988079,experiment_data_subject0004.csv,18.13,0,低,False,False
0004,pendulumStimulus,block,pendulum,18.12999999999702,4.282342728141101,oscillation,1.6227811036212512,1.470995027339086,0.035027556065115,0.11675852021705,6.949304858457255,6.299304858457255,0.15,0.5,57.48638536677347,31.57407108521559,33.39634877352649,1.8222776883109029,1.8222776883109029,0.5510714986957511,0.5828762442424074,0.0318047455466562,0.0318047455466562,2.7884000000357627,experiment_data_subject0004.csv,18.13,0,低,False,False
0004,pendulumStimulus,block,pendulum,18.12999999999269,4.282342728141027,oscillation,1.3564411829272451,1.2046551066450777,0.0350275560651156,0.116758520217052,5.808746035859501,5.158746035859501,0.15,0.5,57.48638536676596,33.26130567299744,37.03228391438534,3.7709782413878985,3.7709782413878985,0.5805192975060737,0.646335283839358,0.0658159863332843,0.0658159863332843,3.475199999988079,experiment_data_subject0004.csv,18.13,0,低,False,False
0004,pendulumStimulus,block,pendulum,18.130000000016757,4.28234272814144,oscillation,1.5591631125705336,1.4073770362883806,0.0350275560651122,0.1167585202170407,6.676870817102799,6.026870817102799,0.15,0.5,57.48638536680768,16.41232745864241,29.35652510970285,12.944197651060447,12.944197651060447,0.2864491520687835,0.5123680201087044,0.2259188680399209,0.2259188680399209,2.3493999999761583,experiment_data_subject0004.csv,18.13,0,低,False,False
0004,pendulumStimulus,block,pendulum,68.10999999999103,6.263260624858567,oscillation,1.9952820028554328,1.8915021924767643,0.0239491870104618,0.0798306233682061,12.496971203973368,11.846971203973368,0.15,0.5,137.51888712454823,80.82659490515219,42.4497328391006,-38.3768620660516,38.3768620660516,1.4106902042705796,0.7408876046342657,-0.6698025996363138,0.669802599636314,3.9893000000119208,experiment_data_subject0004.csv,68.11,2,高,False,False
0004,pendulumStimulus,block,pendulum,68.10999999999925,6.263260624859514,oscillation,2.0965848836492267,1.9928050732705744,0.0239491870104582,0.0798306233681941,13.131457548435868,12.481457548435866,0.15,0.5,137.51888712456602,-63.75990064224623,-34.38952456684053,29.3703760754057,29.3703760754057,-1.1128201969516438,-0.600210431886844,0.5126097650647998,0.5126097650647998,1.5006000000238418,experiment_data_subject0004.csv,68.11,2,高,False,False
0004,pendulumStimulus,block,pendulum,68.11000000000854,6.263260624860589,oscillation,1.409783742288434,1.3060039319097996,0.0239491870104541,0.0798306233681804,8.829843002643758,8.179843002643757,0.15,0.5,137.51888712458612,-47.91244812422147,-45.97114304215541,1.94130508206606,1.9413050820660664,-0.8362299724586457,-0.8023478069908943,0.0338821654677514,0.0338821654677515,2.5865,experiment_data_subject0004.csv,68.11,2,高,False,False
0004,pendulumStimulus,block,pendulum,68.10999999996409,6.263260624855456,oscillation,1.340448604096119,1.2366687937173992,0.0239491870104737,0.0798306233682458,8.395578961677682,7.745578961677681,0.15,0.5,137.5188871244899,93.60661272971664,75.5475452432233,-18.05906748649335,18.05906748649335,1.6337435937727924,1.3185534062936268,-0.3151901874791655,0.3151901874791655,3.644200000047684,experiment_data_subject0004.csv,68.11,2,高,False,False
0004,pendulumStimulus,block,pendulum,68.11000000000519,6.263260624860201,oscillation,1.5438451041843149,1.4400652938056735,0.0239491870104556,0.0798306233681853,9.669504251920811,9.019504251920813,0.15,0.5,137.51888712457887,-2.786671374522933,0.4237632075543927,3.2104345820773257,3.2104345820773257,-0.0486365906565012,0.0073960632206362,0.0560326538771374,0.0560326538771374,2.621599999964237,experiment_data_subject0004.csv,68.11,2,高,False,False
0004,pendulumStimulus,block,pendulum,41.65000000001302,4.808175108275875,oscillation,1.6147764003759255,1.479589976137504,0.0311968671319433,0.1039895571064779,7.764127693718843,7.114127693718842,0.15,0.5,93.58332169849103,12.140390528401271,27.00152746464683,14.861136936245558,14.861136936245556,0.2118897871985363,0.471265557325764,0.2593757701272276,0.2593757701272275,2.083,experiment_data_subject0004.csv,41.65,1,中,False,False
0004,pendulumStimulus,block,pendulum,41.64999999999115,4.808175108275226,oscillation,1.90379758201709,1.7686111577786503,0.0311968671319476,0.1039895571064919,9.153792145049136,8.503792145049136,0.15,0.5,93.583321698459,21.63702873210044,24.36572950161463,2.7287007695141896,2.7287007695141927,0.3776373917237668,0.4252622044534923,0.0476248127297255,0.0476248127297255,3.939699999988079,experiment_data_subject0004.csv,41.65,1,中,False,False
0004,pendulumStimulus,block,pendulum,41.650000000043065,4.808175108276765,oscillation,1.9803644497802235,1.845178025541827,0.0311968671319376,0.1039895571064587,9.52193905274948,8.87193905274948,0.15,0.5,93.58332169853504,-60.64448248347794,-70.91303740725085,-10.268554923772914,10.268554923772914,-1.0584458925047178,-1.2376659853464305,-0.1792200928417127,0.1792200928417127,3.1284000000357626,experiment_data_subject0004.csv,41.65,1,中,False,False
0004,pendulumStimulus,block,pendulum,41.649999999964834,4.808175108274447,oscillation,1.7835499416029486,1.648363517364487,0.0311968671319526,0.1039895571065088,8.57562043357964,7.92562043357964,0.15,0.5,93.58332169842046,-2.5066633582740163,-4.628702225056288,-2.122038866782272,2.122038866782272,-0.0437495288409798,-0.0807860939216198,-0.0370365650806399,0.0370365650806399,2.269,experiment_data_subject0004.csv,41.65,1,中,False,False
0004,pendulumStimulus,block,pendulum,41.64999999997882,4.808175108274861,oscillation,1.483630944734282,1.348444520495832,0.0311968671319499,0.1039895571064998,7.133557378337691,6.48355737833769,0.15,0.5,93.58332169844095,-57.39888530694132,-66.78792455437429,-9.389039247432962,9.389039247432962,-1.001799535580722,-1.1656691840473978,-0.1638696484666757,0.1638696484666757,2.849099999964237,experiment_data_subject0004.csv,41.65,1,中,False,False
0004,pendulumStimulus,block,pendulum,15.190000000010162,4.233160722010722,oscillation,1.5155755956036925,1.3620260276366023,0.035434515684713,0.1181150522823767,6.415675082547557,5.765675082547556,0.15,0.5,52.22951041138301,-13.02756194853034,-10.62910517704062,2.39845677148972,2.39845677148972,-0.2273738495093824,-0.1855128818801336,0.0418609676292488,0.0418609676292488,1.783399999976158,experiment_data_subject0004.csv,15.19,0,低,False,False
0004,pendulumStimulus,block,pendulum,15.190000000009958,4.23316072201072,oscillation,1.2741879890052557,1.1206384210381657,0.035434515684713,0.1181150522823767,5.393842547514875,4.743842547514874,0.15,0.5,52.22951041138264,9.414661778827876,-5.277500168200264,-14.692161947028143,14.692161947028142,0.1643168460022126,-0.0921097542096491,-0.2564266002118618,0.2564266002118617,3.2226000000238417,experiment_data_subject0004.csv,15.19,0,低,False,False
0004,pendulumStimulus,block,pendulum,15.190000000004872,4.233160722010637,oscillation,1.44144516432043,1.2878955963533372,0.0354345156847137,0.118115052282379,6.101869052533413,5.451869052533413,0.15,0.5,52.229510411373234,-29.411008479336008,-27.99151314612004,1.419495333215968,1.419495333215968,-0.513318934296384,-0.4885440670150713,0.0247748672813126,0.0247748672813126,3.010199999988079,experiment_data_subject0004.csv,15.19,0,低,False,False
0004,pendulumStimulus,block,pendulum,15.18999999999241,4.2331607220104335,oscillation,1.5705732015738323,1.417023633606732,0.0354345156847154,0.1181150522823847,6.648488787944522,5.998488787944521,0.15,0.5,52.22951041135018,6.163663879513175,4.845173759036224,-1.3184901204769512,1.3184901204769512,0.1075762286837519,0.0845642349264124,-0.0230119937573395,0.0230119937573395,2.7771000000238417,experiment_data_subject0004.csv,15.19,0,低,False,False
0004,pendulumStimulus,block,pendulum,15.189999999975116,4.233160722010151,oscillation,1.8256370273264289,1.672087459359318,0.0354345156847177,0.1181150522823926,7.72821495672561,7.07821495672561,0.15,0.5,52.229510411318216,1.717112596968826,7.104493709055114,5.387381112086287,5.387381112086289,0.0299692684445764,0.1239968069102358,0.0940275384656594,0.0940275384656594,2.596300000011921,experiment_data_subject0004.csv,15.19,0,低,False,False
0004,pendulumStimulus,block,pendulum,26.9499999999938,4.447612408439301,oscillation,1.418176867902659,1.2720310394652188,0.03372596040864,0.1124198680288001,6.30750103504545,5.65750103504545,0.15,0.5,71.79004313570745,17.728819910235302,22.93111270209944,5.202292791864139,5.202292791864139,0.3094262799267315,0.4002234177975288,0.0907971378707973,0.0907971378707973,2.146900000035763,experiment_data_subject0004.csv,26.95,0,低,False,False
0004,pendulumStimulus,block,pendulum,26.950000000024595,4.447612408439932,oscillation,1.5480853418320286,1.401939513394609,0.0337259604086352,0.1124198680287841,6.885283575656104,6.235283575656104,0.15,0.5,71.79004313575483,23.81818416353438,27.900377089518948,4.082192925984569,4.082192925984573,0.4157057355000464,0.4869534427600983,0.0712477072600519,0.0712477072600519,1.7090999999642371,experiment_data_subject0004.csv,26.95,0,低,False,False
0004,pendulumStimulus,block,pendulum,26.950000000013056,4.447612408439696,oscillation,1.56857231622226,1.4224264877848327,0.033725960408637,0.1124198680287901,6.976401697165118,6.326401697165117,0.15,0.5,71.79004313573708,-42.28798863667672,-34.91176199929428,7.376226637382439,7.376226637382439,-0.7380646357559568,-0.6093251945603234,0.1287394411956334,0.1287394411956334,2.959700000047684,experiment_data_subject0004.csv,26.95,0,低,False,False
0004,pendulumStimulus,block,pendulum,26.949999999983465,4.447612408439089,oscillation,2.1094973291237054,1.963351500686258,0.0337259604086416,0.1124198680288054,9.382226496579708,8.732226496579708,0.15,0.5,71.79004313569155,16.929399992798324,17.544973639998037,0.6155736471997122,0.6155736471997122,0.295473770261435,0.30621755719358,0.0107437869321449,0.0107437869321449,1.7440999999642373,experiment_data_subject0004.csv,26.95,0,低,False,False
0004,pendulumStimulus,block,pendulum,26.95000000000216,4.447612408439473,oscillation,1.4845679408371468,1.3384221123997122,0.0337259604086387,0.1124198680287957,6.602782794838731,5.952782794838731,0.15,0.5,71.79004313572032,31.59759684349801,34.54128110658164,2.9436842630836275,2.9436842630836275,0.5514821006368077,0.60285908316676,0.0513769825299522,0.0513769825299522,2.897300000011921,experiment_data_subject0004.csv,26.95,0,低,False,False
0004,pendulumStimulus,block,pendulum,53.41000000000799,5.235252547607361,oscillation,1.4367389741288168,1.3125806848984212,0.028651912899322,0.0955063763310735,7.521691374554675,6.871691374554675,0.15,0.5,111.2538091853722,-47.30007315479731,-45.17232769981322,2.127745454984081,2.127745454984081,-0.8255420129853945,-0.7884058491515775,0.037136163833817,0.037136163833817,2.041100000023842,experiment_data_subject0004.csv,53.41,1,中,False,False
0004,pendulumStimulus,block,pendulum,53.41000000002574,5.235252547608159,oscillation,2.0403437390392125,1.916185449808836,0.0286519128993176,0.0955063763310589,10.681714757801394,10.031714757801394,0.15,0.5,111.25380918540006,25.137988138773277,35.4884492431207,10.350461104347431,10.350461104347424,0.4387406603488748,0.6193902857193458,0.180649625370471,0.1806496253704709,2.1698999999761583,experiment_data_subject0004.csv,53.41,1,中,False,False
0004,pendulumStimulus,block,pendulum,53.4099999999566,5.235252547605048,oscillation,1.410941519721433,1.2867832304909823,0.0286519128993347,0.0955063763311157,7.38663518564337,6.73663518564337,0.15,0.5,111.2538091852916,-31.21567646451657,-41.504110467177846,-10.288434002661273,10.288434002661273,-0.544816332543117,-0.7243833807636952,-0.1795670482205782,0.1795670482205782,1.5681999999880791,experiment_data_subject0004.csv,53.41,1,中,False,False
0004,pendulumStimulus,block,pendulum,53.41000000002155,5.2352525476079705,oscillation,1.221484701561694,1.097326412331313,0.0286519128993187,0.0955063763310624,6.39478089571502,5.74478089571502,0.15,0.5,111.25380918539346,52.02964421212816,52.24300022195963,0.2133560098314698,0.2133560098314698,0.9080886001428474,0.911812364993324,0.0037237648504765,0.0037237648504765,2.307,experiment_data_subject0004.csv,53.41,1,中,False,False
0004,pendulumStimulus,block,pendulum,53.410000000030266,5.235252547608363,oscillation,1.6308569895969136,1.5066987003665415,0.0286519128993165,0.0955063763310552,8.537948209572148,7.887948209572148,0.15,0.5,111.25380918540716,24.47363992809724,30.646847824370425,6.173207896273185,6.173207896273185,0.4271455966928451,0.5348883998929248,0.1077428032000796,0.1077428032000796,2.155800000011921,experiment_data_subject0004.csv,53.41,1,中,False,False
0004,pendulumStimulus,block,pendulum,38.71000000001096,4.724659585307723,oscillation,1.5049117019924951,1.367335652699694,0.0317483190675694,0.1058277302252315,7.110195497860602,6.460195497860601,0.15,0.5,89.28378410382108,-55.16179730935197,-50.9317752860478,4.230022023304175,4.230022023304181,-0.9627549843659408,-0.8889271726274107,0.0738278117385301,0.0738278117385302,2.6785999999642374,experiment_data_subject0004.csv,38.71,1,中,False,False
0004,pendulumStimulus,block,pendulum,38.70999999999948,4.7246595853074105,oscillation,1.5777580143011882,1.440181965008378,0.0317483190675715,0.1058277302252385,7.454369525563695,6.804369525563695,0.15,0.5,89.28378410380431,33.41524051754599,68.2257414708475,34.81050095330152,34.810500953301506,0.5832059673769915,1.1907638232807278,0.6075578559037363,0.6075578559037361,4.185800000011921,experiment_data_subject0004.csv,38.71,1,中,False,False
0004,pendulumStimulus,block,pendulum,38.70999999997194,4.72465958530666,oscillation,1.901548156613856,1.763972107321024,0.0317483190675766,0.1058277302252553,8.984167725067865,8.334167725067864,0.15,0.5,89.28378410376405,34.466005632658145,39.72003158726867,5.254025954610527,5.254025954610527,0.6015452783007958,0.6932453301939877,0.0917000518931918,0.0917000518931918,2.797,experiment_data_subject0004.csv,38.71,1,中,False,False
0004,pendulumStimulus,block,pendulum,38.70999999999604,4.724659585307316,oscillation,1.3013902931533556,1.1638142438605428,0.0317483190675721,0.1058277302252406,6.1486261227729,5.4986261227729,0.15,0.5,89.28378410379926,-52.19051007601923,-46.79710637124212,5.393403704777105,5.393403704777105,-0.9108962391218116,-0.8167635865841908,0.0941326525376207,0.0941326525376207,3.191,experiment_data_subject0004.csv,38.71,1,中,False,False
0004,pendulumStimulus,block,pendulum,38.70999999995784,4.724659585306276,oscillation,1.4800897413924443,1.342513692099601,0.0317483190675791,0.1058277302252639,6.9929201837833,6.342920183783299,0.15,0.5,89.28378410374344,-48.28297275055967,-56.84809836765398,-8.565125617094317,8.565125617094317,-0.842696847147969,-0.992186490013176,-0.1494896428652069,0.1494896428652069,2.1095,experiment_data_subject0004.csv,38.71,1,中,False,False
0004,pendulumStimulus,block,pendulum,47.53000000000908,4.999536822393039,oscillation,1.9753936321757095,1.845381588442251,0.0300027793231058,0.1000092644103527,9.876053202783192,9.226053202783191,0.15,0.5,102.26889899597016,22.380127521448017,15.402754017892084,-6.977373503555931,6.977373503555931,0.3906069122654657,0.2688287714870024,-0.1217781407784632,0.1217781407784632,1.9975,experiment_data_subject0004.csv,47.53,1,中,False,False
0004,pendulumStimulus,block,pendulum,47.53000000002295,4.999536822393536,oscillation,2.0264119140154846,1.896399870282039,0.0300027793231028,0.1000092644103427,10.13112098145738,9.48112098145738,0.15,0.5,102.26889899599088,26.459555489550343,21.903005001790817,-4.556550487759522,4.556550487759525,0.4618063619067935,0.3822795533620363,-0.0795268085447572,0.0795268085447572,1.6717999999523163,experiment_data_subject0004.csv,47.53,1,中,False,False
0004,pendulumStimulus,block,pendulum,47.53000000003048,4.999536822393806,oscillation,1.9277708898115065,1.797758846078068,0.0300027793231012,0.1000092644103373,9.6379615487515,8.9879615487515,0.15,0.5,102.26889899600216,8.036227553784546,8.554469100214467,0.5182415464299223,0.5182415464299223,0.14025863025303,0.1493036515588592,0.0090450213058292,0.0090450213058292,2.264600000023842,experiment_data_subject0004.csv,47.53,1,中,False,False
0004,pendulumStimulus,block,pendulum,47.52999999999847,4.99953682239266,oscillation,1.4301148131306676,1.3001027693971992,0.030002779323108,0.1000092644103602,7.14991166849597,6.49991166849597,0.15,0.5,102.26889899595427,53.89618761107818,41.73272431038989,-12.1634633006883,12.1634633006883,0.9406659280858912,0.7283734450433834,-0.2122924830425079,0.2122924830425079,2.088,experiment_data_subject0004.csv,47.53,1,中,False,False
0004,pendulumStimulus,block,pendulum,47.52999999996631,4.999536822391507,oscillation,2.0623598189376056,1.9323477752041072,0.030002779323115,0.1000092644103833,10.31084385579924,9.66084385579924,0.15,0.5,102.26889899590616,28.916561215799977,26.344538940678508,-2.5720222751214674,2.5720222751214674,0.5046892015702041,0.4597989444346991,-0.044890257135505,0.044890257135505,2.0455999999642374,experiment_data_subject0004.csv,47.53,1,中,False,False
0004,pendulumStimulus,block,pendulum,50.46999999998043,5.110679999167516,oscillation,1.404130059490382,1.276945418678224,0.0293503017258825,0.0978343390862753,7.17605941126739,6.52605941126739,0.15,0.5,106.70834371562538,51.58795281340895,51.93466063901804,0.3467078256090946,0.3467078256090946,0.9003796309574581,0.9064308240567672,0.006051193099309,0.006051193099309,3.0975,experiment_data_subject0004.csv,50.47,1,中,False,False
0004,pendulumStimulus,block,pendulum,50.47000000003209,5.1106799991695775,oscillation,1.4157488930135744,1.2885642522014678,0.0293503017258707,0.0978343390862358,7.235439551370945,6.5854395513709445,0.15,0.5,106.70834371570425,-13.430088616938392,-17.072107871024688,-3.642019254086295,3.642019254086295,-0.2343992652001864,-0.2979644926050202,-0.0635652274048337,0.0635652274048337,2.852600000023842,experiment_data_subject0004.csv,50.47,1,中,False,False
0004,pendulumStimulus,block,pendulum,50.46999999998398,5.110679999167657,oscillation,1.953400982274141,1.8262163414619863,0.0293503017258817,0.0978343390862726,9.983207330462909,9.333207330462908,0.15,0.5,106.7083437156308,52.04384669123351,49.46793101030517,-2.575915680928333,2.5759156809283392,0.9083364801651814,0.8633782702792303,-0.0449582098859511,0.0449582098859512,1.9192999999523164,experiment_data_subject0004.csv,50.47,1,中,False,False
0004,pendulumStimulus,block,pendulum,50.469999999967385,5.110679999166994,oscillation,1.605175489522931,1.4779908487107605,0.0293503017258855,0.0978343390862853,8.203538269457933,7.553538269457934,0.15,0.5,106.70834371560548,-25.60559288865253,-34.272742908837216,-8.667150020184685,8.667150020184685,-0.4469019028322324,-0.5981722074487482,-0.1512703046165157,0.1512703046165157,2.4951000000238417,experiment_data_subject0004.csv,50.47,1,中,False,False
0004,pendulumStimulus,block,pendulum,50.46999999998184,5.110679999167571,oscillation,1.1669006954975705,1.0397160546854138,0.0293503017258822,0.0978343390862742,5.963656045494162,5.313656045494161,0.15,0.5,106.70834371562752,14.576283012321742,7.978992822888232,-6.597290189433511,6.597290189433511,0.2544041312675316,0.1392596957523964,-0.1151444355151351,0.1151444355151351,2.071099999964237,experiment_data_subject0004.csv,50.47,1,中,False,False
0004,pendulumStimulus,block,pendulum,3.430000000005283,4.059199382272375,oscillation,1.3175026149087496,1.1573725156486034,0.0369530998292645,0.1231769994308817,5.348005800579836,4.698005800579836,0.15,0.5,24.14684799652127,-15.804684335731,-0.2476635857548446,15.557020749976152,15.557020749976152,-0.2758437788968788,-0.0043225450087173,0.2715212338881614,0.2715212338881614,2.8823999999761583,experiment_data_subject0004.csv,3.43,0,低,False,False
0004,pendulumStimulus,block,pendulum,3.4299999999905184,4.059199382272176,oscillation,2.066750010342244,1.906619911082089,0.0369530998292663,0.1231769994308878,8.389350365292248,7.739350365292247,0.15,0.5,24.14684799646851,-8.939987045914618,-9.543370858210018,-0.6033838122953995,0.6033838122954012,-0.1560322090368515,-0.1665632432146417,-0.0105310341777901,0.0105310341777901,1.980199999988079,experiment_data_subject0004.csv,3.43,0,低,False,False
0004,pendulumStimulus,block,pendulum,3.4299999999964976,4.059199382272256,oscillation,1.9443108305399264,1.7841807312797755,0.0369530998292656,0.1231769994308853,7.892345322272927,7.242345322272927,0.15,0.5,24.146847996489875,14.743385910402678,10.787591496482088,-3.955794413920589,3.955794413920589,0.2573206270286684,0.1882789899737547,-0.0690416370549137,0.0690416370549137,2.166099999964237,experiment_data_subject0004.csv,3.43,0,低,False,False
0004,pendulumStimulus,block,pendulum,3.4299999999974493,4.059199382272269,oscillation,2.045724151522755,1.885594052262604,0.0369530998292654,0.1231769994308849,8.30400221216063,7.654002212160629,0.15,0.5,24.14684799649328,-1.096187167342022,-2.372224891569301,-1.276037724227279,1.2760377242272796,-0.0191320752882283,-0.0414031349556497,-0.0222710596674214,0.0222710596674214,2.662800000011921,experiment_data_subject0004.csv,3.43,0,低,False,False
0004,pendulumStimulus,block,pendulum,3.4299999999947888,4.059199382272234,oscillation,1.4259986715455508,1.2658685722853988,0.0369530998292658,0.123176999430886,5.788412926658726,5.1384129266587255,0.15,0.5,24.14684799648376,15.13913955312472,17.227339736452517,2.0882001833278,2.088200183327797,0.2642278311209293,0.3006737997607486,0.0364459686398193,0.0364459686398192,2.056299999952316,experiment_data_subject0004.csv,3.43,0,低,False,False
0004,pendulumStimulus,block,pendulum,9.310000000002733,4.142033564160476,oscillation,1.656543756871086,1.4996160087175667,0.0362140957277352,0.1207136524257842,6.861459841460531,6.21145984146053,0.15,0.5,40.31490917471493,11.085119455236406,7.675870588539197,-3.40924886669721,3.409248866697208,0.1934718324707554,0.1339692147270039,-0.0595026177437515,0.0595026177437515,1.856699999988079,experiment_data_subject0004.csv,9.31,0,低,False,False
0004,pendulumStimulus,block,pendulum,9.310000000002656,4.142033564160475,oscillation,1.3196539399573326,1.162726191803813,0.0362140957277352,0.1207136524257842,5.466050912379885,4.816050912379884,0.15,0.5,40.31490917471476,-14.56027214117763,-14.51892259667728,0.0413495445003519,0.0413495445003519,-0.2541246888499543,-0.2534030031542232,0.000721685695731,0.000721685695731,1.655,experiment_data_subject0004.csv,9.31,0,低,False,False
0004,pendulumStimulus,block,pendulum,9.309999999994444,4.1420335641603545,oscillation,2.094512769755514,1.9375850216019896,0.0362140957277363,0.1207136524257877,8.675542192889807,8.025542192889807,0.15,0.5,40.31490917469621,-16.006880940527243,-19.875983263795305,-3.869102323268063,3.869102323268063,-0.279372775386927,-0.3469013500245167,-0.0675285746375897,0.0675285746375897,1.6857000000476836,experiment_data_subject0004.csv,9.31,0,低,False,False
0004,pendulumStimulus,block,pendulum,9.30999999999393,4.142033564160347,oscillation,1.503041072086038,1.3461133239325136,0.0362140957277363,0.1207136524257879,6.225646568891922,5.575646568891922,0.15,0.5,40.314909174695046,17.563874643037373,19.016958138821924,1.45308349578455,1.453083495784553,0.3065474419285459,0.3319085332363754,0.0253610913078295,0.0253610913078295,1.4745999999642372,experiment_data_subject0004.csv,9.31,0,低,False,False
0004,pendulumStimulus,block,pendulum,9.30999999999111,4.142033564160305,oscillation,2.1089374160287715,1.9520096678752448,0.0362140957277367,0.1207136524257892,8.735289561904676,8.085289561904675,0.15,0.5,40.31490917468868,-10.56273135362924,-9.541978742339245,1.0207526112899956,1.0207526112899956,-0.1843544401244677,-0.1665389462091274,0.0178154939153402,0.0178154939153402,1.651699999988079,experiment_data_subject0004.csv,9.31,0,低,False,False
0004,pendulumStimulus,block,pendulum,73.98999999995019,7.287546664113755,oscillation,2.0353864982191565,1.9461932443082333,0.0205830585948284,0.0686101953160948,14.832974085279192,14.182974085279191,0.15,0.5,152.5607598491609,63.603975567497855,57.693530925311016,-5.91044464218684,5.91044464218684,1.1100987910108664,1.006942071747848,-0.1031567192630185,0.1031567192630185,2.861199999988079,experiment_data_subject0004.csv,73.99,2,高,False,False
0004,pendulumStimulus,block,pendulum,73.98999999997076,7.287546664119479,oscillation,1.0999416104915876,1.0107483565807345,0.0205830585948122,0.0686101953160409,8.015875814264177,7.365875814264176,0.15,0.5,152.56075984922617,15.606518026972914,8.331342209149225,-7.275175817823688,7.275175817823688,0.2723851243425265,0.145409352660032,-0.1269757716824945,0.1269757716824945,2.598,experiment_data_subject0004.csv,73.99,2,高,False,False
0004,pendulumStimulus,block,pendulum,73.99000000001081,7.287546664130614,oscillation,1.901056255346712,1.811863001435995,0.0205830585947808,0.0686101953159361,13.854036171976569,13.204036171976568,0.15,0.5,152.56075984935316,-85.27386139204597,-79.05372764529427,6.220133746751708,6.220133746751696,-1.488309647180477,-1.3797478333852489,0.1085618137952284,0.1085618137952282,2.139199999988079,experiment_data_subject0004.csv,73.99,2,高,False,False
0004,pendulumStimulus,block,pendulum,73.99000000000925,7.28754666413018,oscillation,1.492717148403259,1.4035238944925368,0.020583058594782,0.0686101953159401,10.878245875336086,10.228245875336086,0.15,0.5,152.56075984934822,-9.690633639497712,-39.82451592924145,-30.133882289743735,30.13388228974374,-0.1691334636137562,-0.6950689259781924,-0.5259354623644361,0.5259354623644362,1.7203000000119208,experiment_data_subject0004.csv,73.99,2,高,False,False
0004,pendulumStimulus,block,pendulum,73.9899999999484,7.287546664113255,oscillation,1.444513464013875,1.3553202101029456,0.0205830585948298,0.0686101953160995,10.526959275940998,9.876959275940996,0.15,0.5,152.5607598491552,31.092633592606887,37.09605460667732,6.003421014070429,6.003421014070436,0.5426688293071834,0.6474482923861292,0.1047794630789458,0.1047794630789459,2.537099999964237,experiment_data_subject0004.csv,73.99,2,高,False,False
0004,pendulumStimulus,block,pendulum,35.769999999979134,4.64765759094014,oscillation,1.967902442345736,1.828047044808045,0.0322743225086979,0.1075810750289929,9.1461367243978,8.4961367243978,0.15,0.5,84.98019986829127,16.222226541893278,22.12283512514256,5.900608583249282,5.900608583249282,0.2831312651604515,0.3861163128095894,0.1029850476491379,0.1029850476491379,2.9390999999642373,experiment_data_subject0004.csv,35.77,1,中,False,False
0004,pendulumStimulus,block,pendulum,35.76999999997211,4.647657590939963,oscillation,1.5314843886516718,1.3916289911139756,0.0322743225086991,0.107581075028997,7.117815044322992,6.467815044322991,0.15,0.5,84.98019986828095,54.738952546887184,57.79968487943568,3.060732332548493,3.060732332548493,0.955374951036117,1.0087948077613342,0.0534198567252172,0.0534198567252172,2.734300000011921,experiment_data_subject0004.csv,35.77,1,中,False,False
0004,pendulumStimulus,block,pendulum,35.769999999989686,4.647657590940407,oscillation,1.4106078945550666,1.2707524970173836,0.032274322508696,0.1075810750289868,6.55602248896932,5.906022488969319,0.15,0.5,84.98019986830676,-46.575686863417,-42.419141133536016,4.156545729880983,4.156545729880989,-0.8128990871444971,-0.7403536786483631,0.072545408496134,0.0725454084961341,2.136700000047684,experiment_data_subject0004.csv,35.77,1,中,False,False
0004,pendulumStimulus,block,pendulum,35.76999999999219,4.64765759094047,oscillation,1.9168326586003923,1.7769772610627117,0.0322743225086956,0.1075810750289853,8.908781856306716,8.258781856306715,0.15,0.5,84.98019986831041,16.890923428675563,29.45846460524856,12.567541176572998,12.567541176572998,0.2948022275326381,0.514147199943799,0.2193449724111608,0.2193449724111608,2.042700000047684,experiment_data_subject0004.csv,35.77,1,中,False,False
0004,pendulumStimulus,block,pendulum,35.76999999998561,4.647657590940304,oscillation,1.456853955190964,1.316998557653278,0.0322743225086967,0.1075810750289892,6.770958343734689,6.120958343734689,0.15,0.5,84.98019986830077,-49.88106902141915,-40.71961021256244,9.161458808856706,9.161458808856713,-0.87058888883831,-0.7106912683379226,0.1598976205003873,0.1598976205003874,1.7216000000238418,experiment_data_subject0004.csv,35.77,1,中,False,False
0006,pendulumStimulus,block,pendulum,15.1899999999885,4.2331607220103695,oscillation,1.539606548085258,1.3860569801181557,0.0354345156847159,0.1181150522823865,6.517401966704484,5.867401966704484,0.15,0.5,52.22951041134296,28.10223306445639,26.51147870132667,-1.5907543631297207,1.5907543631297207,0.4904764941375798,0.4627125929105007,-0.0277639012270791,0.0277639012270791,2.948,experiment_data_subject0006.csv,15.19,0,低,False,False
0006,pendulumStimulus,block,pendulum,15.189999999989135,4.23316072201038,oscillation,1.3456035698143842,1.192054001847282,0.0354345156847158,0.1181150522823862,5.696156179135204,5.046156179135203,0.15,0.5,52.229510411344144,-27.095851384734782,-9.947439812054943,17.148411572679837,17.148411572679837,-0.4729118202946867,-0.1736155768643247,0.299296243430362,0.299296243430362,3.432,experiment_data_subject0006.csv,15.19,0,低,False,False
0006,pendulumStimulus,block,pendulum,15.189999999982373,4.23316072201027,oscillation,1.6410432208174957,1.4874936528503897,0.0354345156847168,0.1181150522823893,6.946799705485849,6.296799705485848,0.15,0.5,52.22951041133163,-17.13532204665972,0.3127467820591718,17.448068828718892,17.448068828718892,-0.2990677881037855,0.0054584610719496,0.3045262491757352,0.3045262491757352,3.411,experiment_data_subject0006.csv,15.19,0,低,False,False
0006,pendulumStimulus,block,pendulum,15.190000000022277,4.233160722010919,oscillation,1.293206912170525,1.1396573442034423,0.0354345156847113,0.1181150522823712,5.474352706033291,4.824352706033291,0.15,0.5,52.22951041140541,-6.242302113680163,9.563283829543064,15.805585943223226,15.805585943223226,-0.1089487247879202,0.1669107901282586,0.2758595149161788,0.2758595149161788,3.392,experiment_data_subject0006.csv,15.19,0,低,False,False
0006,pendulumStimulus,block,pendulum,15.189999999986233,4.233160722010332,oscillation,1.8964690118407923,1.7429194438736886,0.0354345156847162,0.1181150522823876,8.02805813143419,7.37805813143419,0.15,0.5,52.22951041133876,29.85724473605273,20.739255795166223,-9.117988940886502,9.117988940886502,0.5211072262178654,0.3619682980389653,-0.1591389281789,0.1591389281789,7.532,experiment_data_subject0006.csv,15.19,0,低,False,False
0006,pendulumStimulus,block,pendulum,56.34999999999614,5.376706026623896,oscillation,1.8758352494933528,1.7549433880485594,0.0278981218718753,0.0929937395729177,10.085814690904447,9.435814690904447,0.15,0.5,115.94447977236374,77.19771960137936,26.67539438108023,-50.52232522029912,50.52232522029913,1.347354382075434,0.465573461217845,-0.881780920857589,0.8817809208575893,5.147,experiment_data_subject0006.csv,56.35,2,高,False,False
0006,pendulumStimulus,block,pendulum,56.34999999998038,5.3767060266230855,oscillation,1.8659733976838244,1.745081536239013,0.0278981218718795,0.0929937395729317,10.032790412844976,9.382790412844974,0.15,0.5,115.94447977233813,-5.4407581303194,11.062512385446372,16.50327051576577,16.50327051576577,-0.0949591431787242,0.1930772646686912,0.2880364078474154,0.2880364078474154,5.23,experiment_data_subject0006.csv,56.35,2,高,False,False
0006,pendulumStimulus,block,pendulum,56.349999999962726,5.376706026622175,oscillation,1.1270092281648227,1.006117366719991,0.0278981218718842,0.0929937395729475,6.0595973091326085,5.409597309132608,0.15,0.5,115.9444797723094,-11.51158790994334,-7.518120160137718,3.99346774980562,3.993467749805619,-0.2009151111612837,-0.1312159503549665,0.0696991608063172,0.0696991608063171,3.174,experiment_data_subject0006.csv,56.35,2,高,False,False
0006,pendulumStimulus,block,pendulum,56.349999999977705,5.376706026622947,oscillation,1.85725875880058,1.736366897355765,0.0278981218718802,0.0929937395729341,9.98593436144133,9.33593436144133,0.15,0.5,115.94447977233376,18.852608172492506,14.648697294525295,-4.203910877967209,4.203910877967209,0.3290400851983853,0.2556679989174519,-0.0733720862809333,0.0733720862809333,4.195,experiment_data_subject0006.csv,56.35,2,高,False,False
0006,pendulumStimulus,block,pendulum,56.350000000008144,5.376706026624514,oscillation,1.84979653015218,1.7289046687074006,0.0278981218718721,0.092993739572907,9.94581215169834,9.29581215169834,0.15,0.5,115.94447977238325,75.60238978167294,25.96739284079737,-49.63499694087557,49.63499694087557,1.3195106240663097,0.4532165032307178,-0.8662941208355919,0.8662941208355919,5.751,experiment_data_subject0006.csv,56.35,2,高,False,False
0006,pendulumStimulus,block,pendulum,73.99000000005552,7.287546664143052,oscillation,2.0135753514640267,1.9243820975534616,0.0205830585947457,0.068610195315819,14.674024335562342,14.02402433556234,0.15,0.5,152.560759849495,-55.08637326989668,-51.9612088855085,3.125164384388184,3.1251643843881904,-0.961438586542292,-0.9068941783686566,0.0545444081736354,0.0545444081736355,6.018,experiment_data_subject0006.csv,73.99,2,高,False,False
0006,pendulumStimulus,block,pendulum,73.99000000003181,7.287546664136456,oscillation,1.461324960591748,1.3721317066811023,0.0205830585947643,0.0686101953158811,10.64947384177973,9.99947384177973,0.15,0.5,152.5607598494198,-16.492334706879877,-36.819494509945024,-20.327159803065143,20.327159803065143,-0.2878455419759878,-0.6426214081185166,-0.3547758661425289,0.3547758661425289,3.949,experiment_data_subject0006.csv,73.99,2,高,False,False
0006,pendulumStimulus,block,pendulum,73.99000000004828,7.287546664141041,oscillation,1.5050669730570645,1.4158737191464752,0.0205830585947513,0.0686101953158379,10.968245798810864,10.318245798810864,0.15,0.5,152.56075984947205,68.51570312601955,31.34898493431045,-37.1667181917091,37.1667181917091,1.1958246088680125,0.5471430042618156,-0.6486816046061968,0.6486816046061968,4.28,experiment_data_subject0006.csv,73.99,2,高,False,False
0006,pendulumStimulus,block,pendulum,73.98999999999862,7.287546664127222,oscillation,1.4257365303511107,1.3365432764403522,0.0205830585947904,0.068610195315968,10.390121495684555,9.740121495684557,0.15,0.5,152.5607598493145,34.85673375831697,39.08219740376433,4.225463645447362,4.225463645447362,0.6083647705736885,0.6821130236100673,0.0737482530363787,0.0737482530363787,8.432,experiment_data_subject0006.csv,73.99,2,高,False,False
0006,pendulumStimulus,block,pendulum,73.99000000003454,7.287546664137219,oscillation,1.1405050218035484,1.051311767892912,0.0205830585947621,0.0686101953158739,8.311483567076195,7.661483567076194,0.15,0.5,152.56075984942845,-98.38248300445778,-58.98120431145263,39.401278693005146,39.40127869300514,-1.7170982547151514,-1.0294162120263235,0.6876820426888278,0.6876820426888277,4.343,experiment_data_subject0006.csv,73.99,2,高,False,False
0006,pendulumStimulus,block,pendulum,65.16999999998977,5.966582060675583,oscillation,1.15521605041805,1.0462759581860157,0.0251400212843156,0.0838000709477188,6.892691362628836,6.242691362628836,0.15,0.5,131.49081685563186,79.68132855296717,33.57063039803181,-46.11069815493536,46.11069815493537,1.390701535612646,0.5859180324157496,-0.8047835031968964,0.8047835031968966,9.406,experiment_data_subject0006.csv,65.17,2,高,False,False
0006,pendulumStimulus,block,pendulum,65.169999999976,5.966582060674361,oscillation,1.1674236050713591,1.0584835128393024,0.0251400212843207,0.0838000709477359,6.965528739226563,6.315528739226562,0.15,0.5,131.490816855605,67.1266725581992,43.405454333296014,-23.721218224903197,23.72121822490318,1.1715814520487011,0.7575680914400557,-0.4140133606086454,0.4140133606086452,6.232,experiment_data_subject0006.csv,65.17,2,高,False,False
0006,pendulumStimulus,block,pendulum,65.1700000000442,5.966582060680407,oscillation,1.942922877464312,1.833982785232365,0.0251400212842953,0.083800070947651,11.59260878596412,10.94260878596412,0.15,0.5,131.49081685573807,80.90413135158883,65.36523938399743,-15.53889196759139,15.538891967591404,1.412043470551195,1.1408386436050253,-0.2712048269461697,0.27120482694617,8.566,experiment_data_subject0006.csv,65.17,2,高,False,False
0006,pendulumStimulus,block,pendulum,9.309999999983072,4.142033564160187,oscillation,1.946429953480684,1.7895022053271532,0.0362140957277378,0.1207136524257926,8.062178197603743,7.412178197603742,0.15,0.5,40.31490917467052,12.250813003602934,2.7821634112233653,-9.46864959237957,9.46864959237957,0.2138170229590071,0.0485579118543646,-0.1652591111046424,0.1652591111046424,3.595,experiment_data_subject0006.csv,9.31,0,低,False,False
0006,pendulumStimulus,block,pendulum,9.310000000002663,4.142033564160476,oscillation,1.855621470407185,1.698693722253665,0.0362140957277352,0.1207136524257842,7.686046412803376,7.036046412803375,0.15,0.5,40.31490917471478,-20.58953337797843,-11.963093319080054,8.626440058898378,8.626440058898378,-0.3593551488949937,-0.2087953671412835,0.1505597817537102,0.1505597817537102,6.795,experiment_data_subject0006.csv,9.31,0,低,False,False
0006,pendulumStimulus,block,pendulum,9.310000000004132,4.1420335641604975,oscillation,1.5978375301124266,1.4409097819589078,0.036214095727735,0.1207136524257836,6.618296679800981,5.96829667980098,0.15,0.5,40.31490917471809,-15.290442209288374,-12.069011952025804,3.2214302572625697,3.2214302572625697,-0.266868560637998,-0.2106439960253982,0.0562245646125998,0.0562245646125998,3.408,experiment_data_subject0006.csv,9.31,0,低,False,False
0006,pendulumStimulus,block,pendulum,9.310000000020498,4.142033564160738,oscillation,1.792368138943391,1.6354403907898811,0.0362140957277329,0.1207136524257766,7.424048990835843,6.774048990835842,0.15,0.5,40.314909174755066,-11.924609970832632,-9.36085998096415,2.563749989868483,2.563749989868483,-0.2081237060071744,-0.1633778274859981,0.0447458785211762,0.0447458785211762,6.069,experiment_data_subject0006.csv,9.31,0,低,False,False
0006,pendulumStimulus,block,pendulum,9.310000000002155,4.142033564160468,oscillation,1.3745233852309855,1.2175956370774657,0.0362140957277353,0.1207136524257844,5.693321996350211,5.043321996350211,0.15,0.5,40.31490917471363,-24.30620284703657,-18.298111670396587,6.00809117663998,6.00809117663998,-0.4242232683384077,-0.3193622955460198,0.1048609727923878,0.1048609727923878,2.587,experiment_data_subject0006.csv,9.31,0,低,False,False
0006,pendulumStimulus,block,pendulum,62.230000000032575,5.732602578909418,oscillation,1.331717736639823,1.218331191688776,0.0261661257579338,0.0872204191931129,7.634208531440862,6.984208531440862,0.15,0.5,125.97980059753306,-22.37411418907094,-14.096412287512836,8.277701901558107,8.277701901558107,-0.390501959816469,-0.2460288071356845,0.1444731526807845,0.1444731526807845,2.866,experiment_data_subject0006.csv,62.23,2,高,False,False
0006,pendulumStimulus,block,pendulum,62.23000000001379,5.7326025789080735,oscillation,1.1346224291183276,1.021235884167254,0.02616612575794,0.0872204191931334,6.504339463250667,5.854339463250667,0.15,0.5,125.97980059749912,-7.676159002833463,6.21140693845398,13.88756594128744,13.88756594128744,-0.1339742485060486,0.1084095022572427,0.2423837507632913,0.2423837507632913,2.924,experiment_data_subject0006.csv,62.23,2,高,False,False
0006,pendulumStimulus,block,pendulum,62.230000000027246,5.732602578909036,oscillation,1.968518351989615,1.8551318070385605,0.0261661257579356,0.0872204191931187,11.284733381245433,10.634733381245432,0.15,0.5,125.97980059752342,-35.71846897006647,-19.221349708753216,16.497119261313255,16.497119261313255,-0.6234048872990878,-0.3354758390949967,0.2879290482040911,0.2879290482040911,5.375,experiment_data_subject0006.csv,62.23,2,高,False,False
0006,pendulumStimulus,block,pendulum,62.22999999998112,5.7326025789057296,oscillation,1.3521925765954643,1.2388060316443443,0.0261661257579507,0.0872204191931691,7.751582651768341,7.101582651768341,0.15,0.5,125.97980059744012,74.60462774221399,49.508760073047526,-25.095867669166463,25.095867669166463,1.3020963913263377,0.8640908718545877,-0.4380055194717498,0.4380055194717498,4.726,experiment_data_subject0006.csv,62.23,2,高,False,False
0006,pendulumStimulus,block,pendulum,62.23000000001901,5.732602578908447,oscillation,2.039876388006672,1.9264898430556057,0.0261661257579383,0.0872204191931277,11.693800642541497,11.043800642541497,0.15,0.5,125.97980059750856,7.655372588317782,40.21816339736939,32.562790809051606,32.562790809051606,0.1336114571330657,0.7019393703891643,0.5683279132560987,0.5683279132560987,5.666,experiment_data_subject0006.csv,62.23,2,高,False,False
0006,pendulumStimulus,block,pendulum,38.7099999999564,4.724659585306236,oscillation,1.6124131503574668,1.4748371010646224,0.0317483190675794,0.1058277302252648,7.618103246310231,6.968103246310231,0.15,0.5,89.28378410374133,-29.469842897867537,2.711983467444945,32.18182636531248,32.18182636531248,-0.5143457886132555,0.0473330407665667,0.5616788293798223,0.5616788293798223,4.982,experiment_data_subject0006.csv,38.71,1,中,False,False
0006,pendulumStimulus,block,pendulum,38.71000000002879,4.724659585308209,oscillation,1.756289008638217,1.61871295934543,0.0317483190675661,0.1058277302252206,8.297867699234004,7.647867699234004,0.15,0.5,89.28378410384714,57.637170648689136,19.778028891704583,-37.85914175698456,37.85914175698456,1.005958399353461,0.3451917237148099,-0.6607666756386514,0.6607666756386514,3.321,experiment_data_subject0006.csv,38.71,1,中,False,False
0006,pendulumStimulus,block,pendulum,38.71000000001763,4.724659585307904,oscillation,1.143173667002805,1.0055976177100092,0.0317483190675682,0.1058277302252274,5.401106423476389,4.751106423476388,0.15,0.5,89.28378410383084,-18.38672075499737,25.70782168616286,44.09454244116023,44.09454244116023,-0.3209088158194817,0.4486861319391423,0.7695949477586239,0.7695949477586239,5.957,experiment_data_subject0006.csv,38.71,1,中,False,False
0006,pendulumStimulus,block,pendulum,38.70999999997722,4.724659585306804,oscillation,1.1448611753120972,1.0072851260192692,0.0317483190675756,0.1058277302252521,5.409079325783913,4.759079325783913,0.15,0.5,89.28378410377175,24.02261968301024,25.74853952660837,1.7259198435981318,1.7259198435981318,0.4192738084229251,0.4493967923192181,0.0301229838962929,0.0301229838962929,3.039,experiment_data_subject0006.csv,38.71,1,中,False,False
0006,pendulumStimulus,block,pendulum,38.70999999997424,4.724659585306722,oscillation,2.026047450356556,1.8884714010637251,0.0317483190675761,0.1058277302252539,9.572384506613346,8.922384506613346,0.15,0.5,89.28378410376742,-15.234679482401985,-33.2586315575472,-18.023952075145218,18.02395207514521,-0.2658953174539401,-0.5804726253868886,-0.3145773079329484,0.3145773079329483,7.52,experiment_data_subject0006.csv,38.71,1,中,False,False
0006,pendulumStimulus,block,pendulum,68.10999999996764,6.263260624855868,oscillation,1.9417218390297268,1.837942028651014,0.0239491870104721,0.0798306233682405,12.161509938817613,11.511509938817612,0.15,0.5,137.5188871244976,-31.430735905194524,-6.835453762773422,24.595282142421095,24.595282142421105,-0.5485698278704447,-0.1193011740282316,0.4292686538422131,0.4292686538422131,3.529,experiment_data_subject0006.csv,68.11,2,高,False,False
0006,pendulumStimulus,block,pendulum,68.11000000004957,6.263260624865324,oscillation,1.4762105759142383,1.3724307655356824,0.023949187010436,0.07983062336812,9.245891574133411,8.595891574133413,0.15,0.5,137.51888712467493,-87.16446517555869,-91.64925670555542,-4.484791529996718,4.484791529996718,-1.5213069080534365,-1.599581286517433,-0.0782743784639967,0.0782743784639967,2.491,experiment_data_subject0006.csv,68.11,2,高,False,False
0006,pendulumStimulus,block,pendulum,68.10999999994655,6.263260624853433,oscillation,1.5869717531748642,1.483191942796111,0.0239491870104814,0.0798306233682716,9.939617694414748,9.289617694414748,0.15,0.5,137.51888712445196,-18.797246969746496,8.00096107131423,26.79820804106073,26.79820804106072,-0.3280738499326033,0.1396431140183261,0.4677169639509294,0.4677169639509294,4.212,experiment_data_subject0006.csv,68.11,2,高,False,False
0006,pendulumStimulus,block,pendulum,68.10999999997914,6.2632606248571925,oscillation,2.102731214734157,1.9989514043554664,0.0239491870104671,0.0798306233682237,13.16995362190258,12.51995362190258,0.15,0.5,137.51888712452248,-68.54511135122566,-84.7110512118061,-16.165939860580437,16.165939860580437,-1.196337879225027,-1.4784867564715487,-0.2821488772465217,0.2821488772465217,4.199,experiment_data_subject0006.csv,68.11,2,高,False,False
0006,pendulumStimulus,block,pendulum,68.10999999998383,6.263260624857734,oscillation,1.960545411929842,1.85676560155116,0.023949187010465,0.0798306233682168,12.279406881785668,11.629406881785666,0.15,0.5,137.51888712453265,16.79449401089236,31.980005829823558,15.185511818931197,15.185511818931197,0.2931192166965401,0.5581563965374025,0.2650371798408623,0.2650371798408623,5.533,experiment_data_subject0006.csv,68.11,2,高,False,False
0006,pendulumStimulus,block,pendulum,18.1299999999942,4.282342728141053,oscillation,1.8214553521527133,1.6696692758705467,0.0350275560651154,0.1167585202170513,7.800096081924773,7.150096081924773,0.15,0.5,57.48638536676859,-34.515000189402635,-22.830633523159,11.684366666243632,11.68436666624363,-0.6024003946315424,-0.3984697252953176,0.2039306693362247,0.2039306693362247,3.317,experiment_data_subject0006.csv,18.13,0,低,False,False
0006,pendulumStimulus,block,pendulum,18.12999999999477,4.282342728141063,oscillation,1.6769970626617006,1.525210986379534,0.0350275560651153,0.116758520217051,7.181476176403256,6.531476176403255,0.15,0.5,57.48638536676956,20.078060284305025,25.85129305245697,5.773232768151954,5.773232768151951,0.3504282593750314,0.4511901796633094,0.100761920288278,0.1007619202882779,3.218,experiment_data_subject0006.csv,18.13,0,低,False,False
0006,pendulumStimulus,block,pendulum,18.130000000014604,4.282342728141403,oscillation,2.05030458458234,1.8985185083001848,0.0350275560651125,0.1167585202170418,8.780106928261162,8.130106928261162,0.15,0.5,57.48638536680395,19.0093835535724,7.169737905720415,-11.839645647851984,11.839645647851984,0.3317763317842982,0.125135532959864,-0.2066407988244342,0.2066407988244342,1.865,experiment_data_subject0006.csv,18.13,0,低,False,False
0006,pendulumStimulus,block,pendulum,18.129999999995007,4.282342728141067,oscillation,1.8468862659344605,1.695100189652294,0.0350275560651152,0.1167585202170509,7.908999970628045,7.258999970628045,0.15,0.5,57.48638536676998,30.733551047814583,44.45673026136368,13.723179213549097,13.723179213549097,0.5364016566141177,0.7759163177317954,0.2395146611176777,0.2395146611176777,4.724,experiment_data_subject0006.csv,18.13,0,低,False,False
0006,pendulumStimulus,block,pendulum,18.129999999995896,4.282342728141082,oscillation,1.7321022587409391,1.5803161824587733,0.0350275560651151,0.1167585202170505,7.417455512116004,6.767455512116004,0.15,0.5,57.48638536677152,35.50679399396669,18.932519475036376,-16.574274518930313,16.574274518930313,0.6197104620220663,0.3304348005373331,-0.2892756614847331,0.2892756614847331,5.752,experiment_data_subject0006.csv,18.13,0,低,False,False
0006,pendulumStimulus,block,pendulum,6.370000000008768,4.099668686115858,oscillation,1.870990525447617,1.712441127980128,0.0365883224924973,0.1219610749749912,7.670441269197049,7.020441269197049,0.15,0.5,33.12294020776724,1.5300635890113918,8.103539639548563,6.573476050537172,6.573476050537172,0.0267046473931301,0.1414334477759969,0.1147288003828668,0.1147288003828668,6.045,experiment_data_subject0006.csv,6.37,0,低,False,False
0006,pendulumStimulus,block,pendulum,6.3699999999855175,4.09966868611553,oscillation,1.1850033716586006,1.0264539741910994,0.0365883224925003,0.121961074975001,4.858121215730089,4.208121215730088,0.15,0.5,33.12294020770504,-18.99651112422073,-18.07531700450906,0.9211941197116742,0.921194119711668,-0.3315516655093813,-0.3154737950704018,0.0160778704389795,0.0160778704389794,3.188,experiment_data_subject0006.csv,6.37,0,低,False,False
0006,pendulumStimulus,block,pendulum,6.370000000000032,4.099668686115735,oscillation,1.9753638189107623,1.8168144214432689,0.0365883224924984,0.1219610749749948,8.098337192074446,7.448337192074445,0.15,0.5,33.12294020774386,-2.0894796561403703,-6.115503566285407,-4.026023910145037,4.026023910145037,-0.0364682996530884,-0.1067356726491356,-0.0702673729960472,0.0702673729960472,3.737,experiment_data_subject0006.csv,6.37,0,低,False,False
0006,pendulumStimulus,block,pendulum,6.369999999985157,4.099668686115525,oscillation,1.83737205176694,1.678822654299438,0.0365883224925003,0.1219610749750011,7.532616665372755,6.882616665372755,0.15,0.5,33.12294020770408,16.58196446505644,15.986604020625013,-0.5953604444314303,0.5953604444314272,0.2894098763639351,0.2790188763724699,-0.0103909999914651,0.0103909999914651,3.32,experiment_data_subject0006.csv,6.37,0,低,False,False
0006,pendulumStimulus,block,pendulum,6.369999999994384,4.099668686115655,oscillation,2.0736792592619087,1.915129861794412,0.0365883224924991,0.1219610749749972,8.501397924243554,7.851397924243554,0.15,0.5,33.12294020772877,0.3280061434618502,-2.6529714974376044,-2.9809776408994546,2.9809776408994546,0.0057247871701781,-0.0463030875918505,-0.0520278747620286,0.0520278747620286,2.616,experiment_data_subject0006.csv,6.37,0,低,False,False
0006,pendulumStimulus,block,pendulum,53.410000000004,5.235252547607181,oscillation,1.1444779629287956,1.0203196736983955,0.028651912899323,0.0955063763310768,5.991631171103253,5.341631171103253,0.15,0.5,111.25380918536597,41.73164115337218,4.596492475384645,-37.13514867798754,37.13514867798754,0.7283545403871085,0.0802239277386064,-0.648130612648502,0.648130612648502,2.407,experiment_data_subject0006.csv,53.41,1,中,False,False
0006,pendulumStimulus,block,pendulum,53.40999999998151,5.235252547606168,oscillation,1.4007954862369176,1.2766371970064938,0.0286519128993285,0.0955063763310952,7.333518137997045,6.683518137997044,0.15,0.5,111.25380918533068,-2.022616709189456,-19.11125882173501,-17.088642112545553,17.088642112545553,-0.0353013210812086,-0.3335543906400879,-0.2982530695588793,0.2982530695588793,3.126,experiment_data_subject0006.csv,53.41,1,中,False,False
0006,pendulumStimulus,block,pendulum,53.41000000002302,5.235252547608038,oscillation,1.959884173416484,1.835725884186104,0.0286519128993183,0.0955063763310611,10.26048861189532,9.61048861189532,0.15,0.5,111.25380918539578,49.50349417932395,16.039943306049665,-33.463550873274286,33.463550873274286,0.8639989646710512,0.2799498225237911,-0.58404914214726,0.58404914214726,2.574,experiment_data_subject0006.csv,53.41,1,中,False,False
0006,pendulumStimulus,block,pendulum,53.410000000033165,5.235252547608494,oscillation,2.0982864954908718,1.9741282062605023,0.0286519128993158,0.0955063763310528,10.985059721131082,10.33505972113108,0.15,0.5,111.25380918541173,20.812756841664143,19.132493773050843,-1.6802630686132989,1.6802630686132956,0.3632511333040154,0.33392501045705,-0.0293261228469654,0.0293261228469653,5.023,experiment_data_subject0006.csv,53.41,1,中,False,False
0006,pendulumStimulus,block,pendulum,53.40999999997306,5.235252547605788,oscillation,1.364694660010752,1.240536370780319,0.0286519128993306,0.0955063763311022,7.144521195525304,6.494521195525303,0.15,0.5,111.25380918531744,56.87235547230313,31.6869745446735,-25.185380927629623,25.18538092762963,0.9926098563563044,0.5530420358001836,-0.4395678205561206,0.4395678205561207,3.766,experiment_data_subject0006.csv,53.41,1,中,False,False
0006,pendulumStimulus,block,pendulum,47.52999999997186,4.999536822391706,oscillation,1.196141759846703,1.0661297161132095,0.0300027793231138,0.1000092644103793,5.980154773154008,5.330154773154008,0.15,0.5,102.26889899591448,69.60484827878076,49.26661157286244,-20.338236705918327,20.33823670591832,1.2148337778158322,0.8598645832475917,-0.3549691945682405,0.3549691945682404,2.463,experiment_data_subject0006.csv,47.53,1,中,False,False
0006,pendulumStimulus,block,pendulum,47.52999999997621,4.999536822391862,oscillation,1.868530486459252,1.7385184427257627,0.0300027793231128,0.1000092644103762,9.341786970814807,8.691786970814809,0.15,0.5,102.26889899592098,3.638324186561842,12.077926415966328,8.439602229404485,8.439602229404485,0.0635007363104485,0.2107995827722106,0.147298846461762,0.147298846461762,4.192,experiment_data_subject0006.csv,47.53,1,中,False,False
0006,pendulumStimulus,block,pendulum,47.53000000001742,4.999536822393338,oscillation,1.8353396216224165,1.7053275778889656,0.030002779323104,0.1000092644103467,9.175848019898728,8.525848019898728,0.15,0.5,102.2688989959826,-56.60473597731803,-46.98100122952962,9.623734747788417,9.623734747788417,-0.98793901502629,-0.8199731573387959,0.1679658576874939,0.1679658576874939,5.457,experiment_data_subject0006.csv,47.53,1,中,False,False
0006,pendulumStimulus,block,pendulum,47.53000000003581,4.999536822393996,oscillation,1.6852736004910478,1.555261556757614,0.0300027793231,0.1000092644103335,8.425587421463502,7.775587421463502,0.15,0.5,102.26889899601012,-17.275195169357424,1.7976540659160012,19.072849235273427,19.072849235273427,-0.3015090346299064,0.0313749822620973,0.3328840168920039,0.3328840168920039,3.516,experiment_data_subject0006.csv,47.53,1,中,False,False
0006,pendulumStimulus,block,pendulum,47.52999999999359,4.999536822392485,oscillation,1.5442924387569978,1.4142803950235248,0.0300027793231091,0.1000092644103637,7.720746912107901,7.070746912107901,0.15,0.5,102.26889899594698,-58.51607849950929,-28.52777481235311,29.988303687156183,29.988303687156183,-1.0212982351719002,-0.4979035987430692,0.523394636428831,0.523394636428831,3.264,experiment_data_subject0006.csv,47.53,1,中,False,False
0006,pendulumStimulus,block,pendulum,41.649999999973375,4.8081751082747,oscillation,1.5721167037187478,1.4369302794802934,0.031196867131951,0.1039895571065033,7.559012402123354,6.909012402123354,0.15,0.5,93.583321698433,-2.2061740003246597,-3.0729289002905005,-0.8667548999658413,0.8667548999658413,-0.0385050001775597,-0.0536327269897577,-0.015127726812198,0.015127726812198,3.978,experiment_data_subject0006.csv,41.65,1,中,False,False
0006,pendulumStimulus,block,pendulum,41.65000000000202,4.808175108275549,oscillation,1.4695712588651202,1.3343848346266896,0.0311968671319455,0.103989557106485,7.0659559467124335,6.415955946712433,0.15,0.5,93.58332169847492,-17.9442826751476,-9.380979541095238,8.563303134052365,8.563303134052363,-0.3131868145899017,-0.1637289800543385,0.1494578345355631,0.1494578345355631,4.788,experiment_data_subject0006.csv,41.65,1,中,False,False
0006,pendulumStimulus,block,pendulum,41.65000000003691,4.808175108276583,oscillation,1.2126900898216098,1.0775036655832082,0.0311968671319388,0.1039895571064626,5.830826303933957,5.180826303933957,0.15,0.5,93.58332169852603,-50.14065816147295,-17.412263131686867,32.72839502978608,32.728395029786086,-0.8751195740346696,-0.3039013218715548,0.5712182521631147,0.5712182521631147,3.257,experiment_data_subject0006.csv,41.65,1,中,False,False
0006,pendulumStimulus,block,pendulum,41.65000000001516,4.808175108275938,oscillation,1.6567893288953215,1.521602904656902,0.0311968671319429,0.1039895571064766,7.966133210851681,7.316133210851681,0.15,0.5,93.5833216984942,59.96075261895093,52.00563950118763,-7.955113117763296,7.95511311776329,1.0465125551745065,0.9076696389009457,-0.1388429162735609,0.1388429162735608,3.279,experiment_data_subject0006.csv,41.65,1,中,False,False
0006,pendulumStimulus,block,pendulum,41.650000000016064,4.8081751082759645,oscillation,1.3806449477484428,1.245458523510024,0.0311968671319428,0.103989557106476,6.6383826711310325,5.988382671131032,0.15,0.5,93.58332169849548,-21.118103783530454,-27.489535013484883,-6.37143122995443,6.3714312299544265,-0.3685804428004783,-0.479782895827575,-0.1112024530270967,0.1112024530270966,4.264,experiment_data_subject0006.csv,41.65,1,中,False,False
0006,pendulumStimulus,block,pendulum,3.430000000011282,4.059199382272455,oscillation,1.8426299715478789,1.6824998722877351,0.0369530998292638,0.1231769994308793,7.47960244226386,6.82960244226386,0.15,0.5,24.146847996542697,9.220490202696254,4.702845060068169,-4.517645142628085,4.517645142628085,0.1609279126849289,0.08208013050934,-0.0788477821755889,0.0788477821755889,2.595,experiment_data_subject0006.csv,3.43,0,低,False,False
0006,pendulumStimulus,block,pendulum,3.4300000000020807,4.059199382272332,oscillation,1.4362702810735373,1.276140181813389,0.0369530998292649,0.1231769994308831,5.8301074377098105,5.18010743770981,0.15,0.5,24.146847996509823,-0.2313598318162325,-0.7856523733302314,-0.5542925415139989,0.5542925415139989,-0.0040379908220535,-0.0137122206907202,-0.0096742298686666,0.0096742298686666,2.28,experiment_data_subject0006.csv,3.43,0,低,False,False
0006,pendulumStimulus,block,pendulum,3.430000000002195,4.0591993822723325,oscillation,1.3656030165561406,1.2054729172959924,0.0369530998292649,0.123176999430883,5.54325492123392,4.893254921233919,0.15,0.5,24.14684799651023,-5.474440419905285,-4.03418046895126,1.4402599509540246,1.4402599509540246,-0.0955470100316081,-0.0704097318028483,0.0251372782287597,0.0251372782287597,2.248,experiment_data_subject0006.csv,3.43,0,低,False,False
0006,pendulumStimulus,block,pendulum,3.429999999999516,4.059199382272297,oscillation,2.0585366211430114,1.8984065218828616,0.0369530998292652,0.1231769994308841,8.356010580928613,7.706010580928613,0.15,0.5,24.146847996500664,9.19982427053736,7.598585557900837,-1.601238712636522,1.6012387126365235,0.1605672241257624,0.1326203364798598,-0.0279468876459026,0.0279468876459026,1.608,experiment_data_subject0006.csv,3.43,0,低,False,False
0006,pendulumStimulus,block,pendulum,3.4300000000123534,4.059199382272469,oscillation,1.8236719037935945,1.6635418045334518,0.0369530998292636,0.1231769994308789,7.402647865346617,6.752647865346616,0.15,0.5,24.146847996546526,-0.6644456456752853,-4.941409633833673,-4.276963988158387,4.276963988158387,-0.0115967642175733,-0.0862438678001649,-0.0746471035825916,0.0746471035825916,1.94,experiment_data_subject0006.csv,3.43,0,低,False,False
0006,pendulumStimulus,block,pendulum,12.250000000005256,4.186465708941571,oscillation,1.5555019132604055,1.400239683687687,0.0358297452860119,0.1194324842867065,6.512055420057695,5.862055420057694,0.15,0.5,46.567463442220806,20.95270466997479,13.68554682526188,-7.267157844712907,7.267157844712907,0.3656936836890519,0.2388578520366769,-0.126835831652375,0.126835831652375,2.52,experiment_data_subject0006.csv,12.25,0,低,False,False
0006,pendulumStimulus,block,pendulum,12.250000000013534,4.1864657089417,oscillation,2.0385750032306764,1.883312773657963,0.0358297452860108,0.1194324842867028,8.534424346130942,7.884424346130943,0.15,0.5,46.56746344223748,-12.410610270793404,-6.600413014911686,5.810197255881717,5.810197255881717,-0.2166060114071699,-0.1151989391016945,0.1014070723054754,0.1014070723054754,5.527,experiment_data_subject0006.csv,12.25,0,低,False,False
0006,pendulumStimulus,block,pendulum,12.250000000019307,4.186465708941789,oscillation,1.8477299768288704,1.6924677472561598,0.0358297452860101,0.1194324842867003,7.735458187377872,7.085458187377872,0.15,0.5,46.567463442249085,-22.61215803894587,-14.449391554739432,8.16276648420644,8.16276648420644,-0.3946566087609096,-0.2521894575400655,0.142467151220844,0.142467151220844,1.873,experiment_data_subject0006.csv,12.25,0,低,False,False
0006,pendulumStimulus,block,pendulum,12.250000000009692,4.186465708941641,oscillation,1.9576642881889963,1.8024020586162808,0.0358297452860113,0.1194324842867045,8.19569441212288,7.545694412122879,0.15,0.5,46.56746344222973,19.911051877903677,19.115851327941048,-0.7952005499626233,0.7952005499626233,0.347513412804819,0.3336345449943016,-0.0138788678105174,0.0138788678105174,3.716,experiment_data_subject0006.csv,12.25,0,低,False,False
0006,pendulumStimulus,block,pendulum,12.24999999997552,4.186465708941111,oscillation,2.045283133703969,1.8900209041312337,0.0358297452860159,0.1194324842867196,8.562507704327285,7.912507704327285,0.15,0.5,46.56746344216096,28.763361294334235,16.586134560552182,-12.177226733782051,12.177226733782051,0.5020153585268302,0.2894826582604584,-0.2125327002663718,0.2125327002663718,2.049,experiment_data_subject0006.csv,12.25,0,低,False,False
0006,pendulumStimulus,block,pendulum,44.58999999997955,4.899324052705144,oscillation,1.9405100677002447,1.807838704669848,0.03061646839163,0.1020548946387669,9.5071876492003,8.857187649200299,0.15,0.5,97.90320773345442,26.206030775021294,-0.6895220441277838,-26.895552819149074,26.895552819149074,0.4573815209030829,-0.0120344299351114,-0.4694159508381944,0.4694159508381944,2.229,experiment_data_subject0006.csv,44.59,1,中,False,False
0006,pendulumStimulus,block,pendulum,44.58999999999142,4.899324052705529,oscillation,1.928349995597092,1.7956786325667051,0.0306164683916276,0.1020548946387589,9.447611515463434,8.797611515463434,0.15,0.5,97.90320773347192,18.448488073549477,-7.109980060173877,-25.558468133723352,25.55846813372335,0.3219868588983441,-0.1240925618011787,-0.4460794206995228,0.4460794206995228,5.279,experiment_data_subject0006.csv,44.59,1,中,False,False
0006,pendulumStimulus,block,pendulum,44.59000000000279,4.899324052705898,oscillation,1.444777319052073,1.3121059560216963,0.0306164683916253,0.1020548946387512,7.078432270035765,6.428432270035764,0.15,0.5,97.9032077334887,-59.34471487569141,-33.50415266973088,25.84056220596053,25.84056220596053,-1.0357606682380724,-0.5847577771776521,0.4510028910604203,0.4510028910604203,2.226,experiment_data_subject0006.csv,44.59,1,中,False,False
0006,pendulumStimulus,block,pendulum,44.590000000006455,4.8993240527060165,oscillation,1.9393170974988485,1.806645734468475,0.0306164683916246,0.1020548946387487,9.501342901600127,8.851342901600127,0.15,0.5,97.9032077334941,38.57216372111094,19.80597005010749,-18.76619367100345,18.76619367100345,0.6732112565516937,0.345679388925762,-0.3275318676259316,0.3275318676259316,3.202,experiment_data_subject0006.csv,44.59,1,中,False,False
0006,pendulumStimulus,block,pendulum,44.59000000001526,4.8993240527063024,oscillation,1.9600605218045333,1.8273891587741675,0.0306164683916228,0.1020548946387427,9.602971659237015,8.952971659237015,0.15,0.5,97.9032077335071,6.840208319556518,26.071842875994545,19.231634556438028,19.231634556438028,0.1193841566985696,0.4550395002487324,0.3356553435501628,0.3356553435501628,3.674,experiment_data_subject0006.csv,44.59,1,中,False,False
0006,pendulumStimulus,block,pendulum,50.46999999999688,5.110679999168172,oscillation,1.9224918086178728,1.7953071678057313,0.0293503017258788,0.0978343390862627,9.82524043486801,9.175240434868009,0.15,0.5,106.70834371565049,42.05988703857735,42.956143275040375,0.8962562364630258,0.8962562364630258,0.734083511840062,0.7497261341078747,0.0156426222678126,0.0156426222678126,4.672,experiment_data_subject0006.csv,50.47,1,中,False,False
0006,pendulumStimulus,block,pendulum,50.47000000000413,5.110679999168462,oscillation,1.1803015493419078,1.0531169085297734,0.0293503017258771,0.0978343390862572,6.032143521209235,5.382143521209235,0.15,0.5,106.70834371566154,58.906040315044,77.20912079884187,18.30308048379787,18.30308048379787,1.0281043528100355,1.347553370509825,0.3194490176997894,0.3194490176997894,4.999,experiment_data_subject0006.csv,50.47,1,中,False,False
0006,pendulumStimulus,block,pendulum,50.46999999996314,5.110679999166825,oscillation,1.9978666070014703,1.870681966189295,0.0293503017258865,0.0978343390862885,10.210456909405702,9.5604569094057,0.15,0.5,106.708343715599,-42.50011429261689,-40.108425361885466,2.391688930731428,2.391688930731428,-0.7417669268800656,-0.7000240803552996,0.041742846524766,0.041742846524766,3.395,experiment_data_subject0006.csv,50.47,1,中,False,False
0006,pendulumStimulus,block,pendulum,50.46999999997067,5.110679999167126,oscillation,1.289475195538664,1.1622905547264963,0.0293503017258848,0.0978343390862827,6.590095091261569,5.940095091261568,0.15,0.5,106.70834371561048,20.928394954425,33.74050393857985,12.812108984154843,12.812108984154843,0.3652693991124849,0.5888828850103329,0.223613485897848,0.223613485897848,6.024,experiment_data_subject0006.csv,50.47,1,中,False,False
0006,pendulumStimulus,block,pendulum,32.83000000002298,4.576276236944802,oscillation,1.9698126096355335,1.827775729354471,0.0327777416033221,0.1092591386777403,9.01440663670932,8.364406636709319,0.15,0.5,80.64796494247088,32.24274749122323,24.31716075106704,-7.925586740156188,7.925586740156194,0.5627421036109868,0.424414519842857,-0.1383275837681297,0.1383275837681298,3.057,experiment_data_subject0006.csv,32.83,1,中,False,False
0006,pendulumStimulus,block,pendulum,32.82999999998555,4.576276236943927,oscillation,2.0588710737957494,1.91683419351466,0.0327777416033283,0.1092591386777612,9.421962769942716,8.771962769942714,0.15,0.5,80.64796494241546,22.07179084791267,4.939983715930073,-17.131807131982594,17.131807131982594,0.385225422107627,0.086218980837884,-0.299006441269743,0.299006441269743,2.117,experiment_data_subject0006.csv,32.83,1,中,False,False
0006,pendulumStimulus,block,pendulum,32.829999999984715,4.576276236943906,oscillation,1.498990904221579,1.3569540239404887,0.0327777416033285,0.1092591386777617,6.859796454384271,6.209796454384271,0.15,0.5,80.6479649424142,10.25228158976956,-0.1852227799141995,-10.43750436968376,10.43750436968376,0.1789360695830774,-0.0032327473591996,-0.182168816942277,0.182168816942277,2.569,experiment_data_subject0006.csv,32.83,1,中,False,False
0006,pendulumStimulus,block,pendulum,32.82999999999627,4.576276236944176,oscillation,1.1743588684203836,1.0323219881393015,0.0327777416033265,0.1092591386777553,5.374190583196854,4.724190583196854,0.15,0.5,80.64796494243132,-12.248519950647015,-31.89907085505768,-19.650550904410657,19.650550904410657,-0.2137770016350037,-0.5567438147477193,-0.3429668131127155,0.3429668131127155,2.636,experiment_data_subject0006.csv,32.83,1,中,False,False
0006,pendulumStimulus,block,pendulum,32.82999999998039,4.576276236943805,oscillation,1.1589609020466831,1.0169240217655895,0.0327777416033292,0.1092591386777641,5.303725235583193,4.653725235583193,0.15,0.5,80.6479649424078,-25.89601110731016,-8.00096107131423,17.895050035995933,17.895050035995933,-0.4519706569555849,-0.1396431140183261,0.3123275429372588,0.3123275429372588,2.073,experiment_data_subject0006.csv,32.83,1,中,False,False
0006,pendulumStimulus,block,pendulum,26.94999999999878,4.447612408439404,oscillation,1.6016200642533642,1.4554742358159274,0.0337259604086392,0.1124198680287975,7.123385271378777,6.473385271378777,0.15,0.5,71.79004313571512,44.298791633966886,16.66388011163753,-27.63491152232936,27.63491152232936,0.7731597686676409,0.2908395741056751,-0.4823201945619658,0.4823201945619658,4.013,experiment_data_subject0006.csv,26.95,0,低,False,False
0006,pendulumStimulus,block,pendulum,26.949999999998116,4.447612408439389,oscillation,2.109638079205905,1.963492250768468,0.0337259604086393,0.1124198680287978,9.382852498392422,8.732852498392422,0.15,0.5,71.79004313571409,-13.232011099051634,-11.177554306998717,2.0544567920529184,2.0544567920529184,-0.2309421603388845,-0.1950851249776006,0.0358570353612839,0.0358570353612839,3.738,experiment_data_subject0006.csv,26.95,0,低,False,False
0006,pendulumStimulus,block,pendulum,26.949999999989224,4.447612408439207,oscillation,1.858014893155928,1.7118690647184849,0.0337259604086407,0.1124198680288024,8.263730093865153,7.613730093865153,0.15,0.5,71.7900431357004,-14.024568925796514,-19.966982006515234,-5.942413080718721,5.942413080718721,-0.2447749039280334,-0.3484895777001547,-0.1037146737721212,0.1037146737721212,5.105,experiment_data_subject0006.csv,26.95,0,低,False,False
0006,pendulumStimulus,block,pendulum,26.950000000027103,4.447612408439984,oscillation,1.9975001620095076,1.8513543335720897,0.0337259604086348,0.1124198680287828,8.884106506414362,8.234106506414362,0.15,0.5,71.7900431357587,25.066542491749104,8.822389189855876,-16.244153301893228,16.244153301893228,0.4374936985720853,0.1539797392553401,-0.2835139593167453,0.2835139593167453,1.876,experiment_data_subject0006.csv,26.95,0,低,False,False
0006,pendulumStimulus,block,pendulum,26.949999999994496,4.447612408439316,oscillation,1.6385033318273794,1.4923575033899397,0.0337259604086399,0.1124198680287997,7.287427749904614,6.637427749904614,0.15,0.5,71.79004313570852,-25.44684833690961,-4.500698242921558,20.946150093988056,20.946150093988056,-0.444131287734716,-0.0785520029777047,0.3655792847570112,0.3655792847570112,2.807,experiment_data_subject0006.csv,26.95,0,低,False,False
0006,pendulumStimulus,block,pendulum,71.05000000002396,6.666037126456894,oscillation,1.557142799014279,1.4596335911192,0.0225021248988643,0.0750070829962145,10.37997170942419,9.72997170942419,0.15,0.5,144.3409123039213,-100.08255166940874,-71.310056238373,28.77249543103575,28.77249543103575,-1.74677005042853,-1.244595271141931,0.5021747792865989,0.5021747792865989,4.207,experiment_data_subject0006.csv,71.05,2,高,False,False
0006,pendulumStimulus,block,pendulum,71.04999999995756,6.666037126446007,oscillation,1.5845080129729847,1.4869988050777465,0.0225021248989011,0.075007082996337,10.562389241629107,9.912389241629109,0.15,0.5,144.34091230375486,46.38773125190103,46.54815769897797,0.1604264470769412,0.1604264470769412,0.8096186428759441,0.8124186125847132,0.002799969708769,0.002799969708769,5.605,experiment_data_subject0006.csv,71.05,2,高,False,False
0006,pendulumStimulus,block,pendulum,71.05000000001678,6.66603712645572,oscillation,1.922697079127725,1.8251878712326288,0.0225021248988683,0.0750070829962278,12.816770112393383,12.166770112393383,0.15,0.5,144.3409123039033,51.77930806138421,36.24413371571524,-15.535174345668976,15.535174345668988,0.9037194100755966,0.6325794678723173,-0.2711399422032793,0.2711399422032795,4.242,experiment_data_subject0006.csv,71.05,2,高,False,False
0006,pendulumStimulus,block,pendulum,71.05000000003355,6.666037126458469,oscillation,2.074845888877318,1.977336680982262,0.022502124898859,0.0750070829961968,13.830999726935923,13.180999726935925,0.15,0.5,144.34091230394534,-100.29648528642844,-113.6830925082136,-13.386607221785152,13.386607221785152,-1.7505038964262245,-1.984144268117626,-0.2336403716914017,0.2336403716914017,4.762,experiment_data_subject0006.csv,71.05,2,高,False,False
0006,pendulumStimulus,block,pendulum,71.04999999997442,6.666037126448771,oscillation,1.4125499247966191,1.3150407169014215,0.0225021248988917,0.0750070829963059,9.416110241656684,8.766110241656683,0.15,0.5,144.3409123037971,91.29391470075788,100.94258090690067,9.648666206142796,9.648666206142796,1.5933793985630786,1.7617803922861803,0.1684009937231017,0.1684009937231017,2.357,experiment_data_subject0006.csv,71.05,2,高,False,False
0006,pendulumStimulus,block,pendulum,24.00999999998642,4.389243040716419,oscillation,1.890433052657684,1.7423437365796417,0.0341744575564712,0.1139148585215707,8.297570120318035,7.647570120318034,0.15,0.5,67.20096872808966,37.04027610800853,29.662040453689244,-7.378235654319291,7.378235654319291,0.6464747739325397,0.5177002687766299,-0.1287745051559098,0.1287745051559098,2.816,experiment_data_subject0006.csv,24.01,0,低,False,False
0006,pendulumStimulus,block,pendulum,24.010000000020156,4.389243040717068,oscillation,1.4676126673450005,1.3195233512669802,0.0341744575564661,0.1139148585215539,6.441708686612257,5.791708686612257,0.15,0.5,67.20096872814314,-13.301677101078251,-20.14390359792839,-6.842226496850135,6.842226496850136,-0.23215806145095,-0.3515774419881823,-0.1194193805372322,0.1194193805372323,3.32,experiment_data_subject0006.csv,24.01,0,低,False,False
0006,pendulumStimulus,block,pendulum,24.010000000019303,4.389243040717052,oscillation,1.442020543953894,1.2939312278758734,0.0341744575564663,0.1139148585215543,6.329378637120648,5.679378637120648,0.15,0.5,67.20096872814179,23.617012906672013,11.699533047381305,-11.917479859290706,11.917479859290706,0.4121946347074229,0.2041953726226895,-0.2079992620847333,0.2079992620847333,1.561,experiment_data_subject0006.csv,24.01,0,低,False,False
0006,pendulumStimulus,block,pendulum,24.01000000002273,4.389243040717118,oscillation,2.035647010999289,1.88755769492127,0.0341744575564657,0.1139148585215526,8.93494947638523,8.28494947638523,0.15,0.5,67.20096872814722,5.768018307040983,8.225987488230627,2.457969181189644,2.457969181189645,0.1006709107731743,0.1435705658974827,0.0428996551243083,0.0428996551243083,2.159,experiment_data_subject0006.csv,24.01,0,低,False,False
0006,pendulumStimulus,block,pendulum,24.00999999998925,4.389243040716473,oscillation,1.1550557814636708,1.0069664653856307,0.0341744575564708,0.1139148585215693,5.069820550428745,4.419820550428745,0.15,0.5,67.20096872809414,14.54714226886058,31.198364964300552,16.651222695439973,16.651222695439973,0.2538955293476553,0.5445141898658878,0.2906186605182325,0.2906186605182325,2.667,experiment_data_subject0006.csv,24.01,0,低,False,False
0006,pendulumStimulus,block,pendulum,29.890000000036995,4.509792396992637,oscillation,2.014592846312456,1.870462043210864,0.0332609545619057,0.1108698485396857,9.085395501335668,8.435395501335668,0.15,0.5,76.26096482568592,32.47086774738248,24.1825660620176,-8.288301685364884,8.288301685364884,0.5667235531714586,0.4220653993632463,-0.1446581538082123,0.1446581538082123,3.086,experiment_data_subject0006.csv,29.89,1,中,False,False
0006,pendulumStimulus,block,pendulum,29.890000000027037,4.509792396992419,oscillation,1.5738310882979027,1.4297002851963043,0.0332609545619073,0.110869848539691,7.097651476156187,6.447651476156187,0.15,0.5,76.26096482567094,20.50808856413341,4.79384239750302,-15.714246166630389,15.714246166630389,0.3579336687347242,0.0836683336581265,-0.2742653350765978,0.2742653350765978,4.143,experiment_data_subject0006.csv,29.89,1,中,False,False
0006,pendulumStimulus,block,pendulum,29.890000000027584,4.509792396992432,oscillation,1.325961138742878,1.1818303356412798,0.0332609545619072,0.1108698485396907,5.979809462210058,5.329809462210058,0.15,0.5,76.26096482567176,49.40072863202023,42.71283860184468,-6.687890030175545,6.68789003017555,0.8622053675129872,0.745479666475121,-0.1167257010378661,0.1167257010378662,5.491,experiment_data_subject0006.csv,29.89,1,中,False,False
0006,pendulumStimulus,block,pendulum,29.88999999999301,4.509792396991676,oscillation,1.5498599502415589,1.405729147139937,0.0332609545619128,0.1108698485397093,6.98954662000128,6.339546620001279,0.15,0.5,76.26096482561974,-3.3639459601113884,1.985298284766451,5.34924424487784,5.34924424487784,-0.0587119328631055,0.0346499917033705,0.0933619245664761,0.0933619245664761,3.218,experiment_data_subject0006.csv,29.89,1,中,False,False
0006,pendulumStimulus,block,pendulum,29.88999999997071,4.509792396991189,oscillation,1.3728087424924014,1.2286779393907636,0.0332609545619164,0.1108698485397213,6.191082429415268,5.541082429415267,0.15,0.5,76.26096482558619,-12.216006024364788,3.4286551509564087,15.644661175321197,15.644661175321197,-0.2132095265686281,0.0598413212996525,0.2730508478682807,0.2730508478682807,4.104,experiment_data_subject0006.csv,29.89,1,中,False,False
0006,pendulumStimulus,block,pendulum,21.069999999979004,4.334270153866198,oscillation,1.3032855374211227,1.1533179588150233,0.0346079027552537,0.1153596758508457,5.648791606809841,4.99879160680984,0.15,0.5,62.45145404048125,36.19660823265864,29.76745053665454,-6.429157696004102,6.429157696004102,0.631749991714379,0.5195400217891747,-0.1122099699252042,0.1122099699252042,3.359,experiment_data_subject0006.csv,21.07,0,低,False,False
0006,pendulumStimulus,block,pendulum,21.06999999999253,4.334270153866443,oscillation,1.367225967248313,1.2172583886422217,0.0346079027552517,0.1153596758508392,5.925926703435541,5.275926703435541,0.15,0.5,62.45145404050356,2.3147304980442933,7.7927160377057,5.477985539661407,5.477985539661407,0.040399668487201,0.136008552530931,0.0956088840437299,0.0956088840437299,2.787,experiment_data_subject0006.csv,21.07,0,低,False,False
0006,pendulumStimulus,block,pendulum,21.07000000000531,4.334270153866676,oscillation,1.827368395536541,1.677400816930458,0.0346079027552499,0.115359675850833,7.920308296893264,7.270308296893264,0.15,0.5,62.451454040524624,-15.250491178284683,-31.55591304190049,-16.305421863615802,16.305421863615802,-0.2661712836074173,-0.5507545810541828,-0.2845832974467655,0.2845832974467655,3.211,experiment_data_subject0006.csv,21.07,0,低,False,False
0006,pendulumStimulus,block,pendulum,21.070000000016197,4.334270153866873,oscillation,2.1497230405391674,1.9997554619330915,0.0346079027552483,0.1153596758508277,9.31748041368886,8.667480413688859,0.15,0.5,62.451454040542565,-33.30976375170207,-19.55676064357945,13.753003108122622,13.753003108122622,-0.58136505052866,-0.3413298642549066,0.2400351862737534,0.2400351862737534,2.11,experiment_data_subject0006.csv,21.07,0,低,False,False
0006,pendulumStimulus,block,pendulum,21.06999999999071,4.33427015386641,oscillation,1.5727455556796577,1.4227779770735651,0.034607902755252,0.1153596758508401,6.816704121608382,6.166704121608381,0.15,0.5,62.45145404050056,-23.113271327488203,-10.493673683707016,12.619597643781184,12.619597643781184,-0.4034026855714697,-0.1831491564105694,0.2202535291609002,0.2202535291609001,2.134,experiment_data_subject0006.csv,21.07,0,低,False,False
0006,pendulumStimulus,block,pendulum,59.29000000000165,5.539996411480175,oscillation,1.9614020218332944,1.8440734259784224,0.0270758298126628,0.0902527660422094,10.86616016242641,10.21616016242641,0.15,0.5,120.83049743179068,-36.27514071548679,-34.951200342956795,1.3239403725299934,1.3239403725299934,-0.633120642109496,-0.6100135235087674,0.0231071186007286,0.0231071186007286,3.584,experiment_data_subject0006.csv,59.29,2,高,False,False
0006,pendulumStimulus,block,pendulum,59.289999999954745,5.53999641147736,oscillation,1.6222965994576304,1.5049680036026984,0.0270758298126765,0.0902527660422552,8.987517339347196,8.337517339347196,0.15,0.5,120.83049743171088,-10.252306828581192,-8.401976812159088,1.8503300164221024,1.850330016422104,-0.1789365100834396,-0.1466421590483932,0.0322943510350464,0.0322943510350464,2.06,experiment_data_subject0006.csv,59.29,2,高,False,False
0006,pendulumStimulus,block,pendulum,59.29000000002287,5.539996411481448,oscillation,1.22770239577679,1.1103737999219447,0.0270758298126566,0.0902527660421886,6.8014668669705935,6.151466866970593,0.15,0.5,120.83049743182684,57.249450526658926,29.54229098789892,-27.707159538760013,27.707159538760013,0.9991914066478,0.5156102463210844,-0.4835811603267156,0.4835811603267156,2.83,experiment_data_subject0006.csv,59.29,2,高,False,False
0006,pendulumStimulus,block,pendulum,59.2899999999668,5.539996411478082,oscillation,1.5242203315911973,1.406891735736281,0.027075829812673,0.0902527660422435,8.444175167317166,7.794175167317165,0.15,0.5,120.83049743173136,-72.86811524521244,-44.07666369198221,28.791451553230218,28.79145155323024,-1.271788530751632,-0.7692829047193294,0.5025056260323028,0.5025056260323031,3.253,experiment_data_subject0006.csv,59.29,2,高,False,False
0006,pendulumStimulus,block,pendulum,59.28999999998417,5.539996411479125,oscillation,1.5521146774018122,1.4347860815469176,0.0270758298126679,0.0902527660422265,8.598709743010119,7.948709743010118,0.15,0.5,120.83049743176092,45.74333437451817,34.37771804344909,-11.365616331069075,11.365616331069075,0.798371795676043,0.6000043691804497,-0.1983674264955932,0.1983674264955932,2.957,experiment_data_subject0006.csv,59.29,2,高,False,False
0006,pendulumStimulus,block,pendulum,35.769999999995875,4.647657590940562,oscillation,1.382889295135021,1.2430338975973427,0.0322743225086949,0.1075810750289832,6.427195929964723,5.777195929964723,0.15,0.5,84.98019986831584,18.96042053189276,45.12574035302963,26.165319821136865,26.16531982113687,0.3309217658442632,0.7875927465604353,0.4566709807161721,0.4566709807161722,2.841,experiment_data_subject0006.csv,35.77,1,中,False,False
0006,pendulumStimulus,block,pendulum,35.76999999998592,4.647657590940311,oscillation,1.947236286847256,1.8073808893095704,0.0322743225086967,0.107581075028989,9.050087509920074,8.400087509920073,0.15,0.5,84.98019986830121,4.257575860741205,-10.068497222348936,-14.32607308309014,14.32607308309014,0.0743087169233656,-0.1757284272578925,-0.2500371441812581,0.2500371441812581,3.328,experiment_data_subject0006.csv,35.77,1,中,False,False
0006,pendulumStimulus,block,pendulum,35.7699999999896,4.647657590940404,oscillation,1.44641452669013,1.306559129152447,0.032274322508696,0.1075810750289868,6.722439454617854,6.072439454617854,0.15,0.5,84.98019986830663,16.939149075516504,0.7889809888760067,-16.150168086640498,16.150168086640498,0.2956439238539166,0.013770315991527,-0.2818736078623895,0.2818736078623895,3.074,experiment_data_subject0006.csv,35.77,1,中,False,False
0006,pendulumStimulus,block,pendulum,35.770000000009595,4.647657590940908,oscillation,1.8860147776066705,1.7461593800690025,0.0322743225086925,0.1075810750289752,8.76555089777037,8.115550897770369,0.15,0.5,84.98019986833596,-19.656063715355003,-22.638873251071374,-2.9828095357163718,2.9828095357163718,-0.3430630298147343,-0.3951228771728683,-0.052059847358134,0.052059847358134,1.915,experiment_data_subject0006.csv,35.77,1,中,False,False
0006,pendulumStimulus,block,pendulum,35.769999999980776,4.647657590940182,oscillation,1.9798533864304089,1.8399979888927191,0.0322743225086976,0.107581075028992,9.201680620391915,8.551680620391915,0.15,0.5,84.98019986829368,16.714577712835894,10.221162332294163,-6.493415380541729,6.4934153805417285,0.2917244141694496,0.1783929360793558,-0.1133314780900937,0.1133314780900937,1.848,experiment_data_subject0006.csv,35.77,1,中,False,False
0007,pendulumStimulus,block,pendulum,18.129999999989003,4.282342728140963,oscillation,1.6360478798439917,1.4842618035618216,0.0350275560651161,0.1167585202170538,7.006117741140358,6.356117741140357,0.15,0.5,57.48638536675957,-31.92027180789672,-9.519120266030354,22.401151541866373,22.40115154186637,-0.5571138411793207,-0.1661399905355482,0.3909738506437725,0.3909738506437725,2.3865,experiment_data_subject0007.csv,18.13,0,低,False,False
0007,pendulumStimulus,block,pendulum,18.129999999990662,4.282342728140993,oscillation,2.091070719906147,1.939284643623978,0.0350275560651159,0.116758520217053,8.954681491418638,8.304681491418638,0.15,0.5,57.48638536676246,29.615557161893243,24.903215067168794,-4.712342094724445,4.712342094724441,0.5168889822876244,0.4346430972543563,-0.082245885033268,0.082245885033268,1.5662999999523164,experiment_data_subject0007.csv,18.13,0,低,False,False
0007,pendulumStimulus,block,pendulum,18.12999999999908,4.282342728141137,oscillation,2.0647298753308263,1.9129437990486624,0.0350275560651147,0.116758520217049,8.841880967198719,8.191880967198719,0.15,0.5,57.48638536677704,1.295836383047411,1.4866670891603222,0.1908307061129112,0.1908307061129112,0.0226166114513117,0.0259472355868877,0.0033306241355759,0.0033306241355759,1.4411999999284744,experiment_data_subject0007.csv,18.13,0,低,False,False
0007,pendulumStimulus,block,pendulum,18.12999999998656,4.282342728140922,oscillation,1.9162552474579049,1.7644691711757332,0.0350275560651164,0.1167585202170549,8.20606172421324,7.55606172421324,0.15,0.5,57.48638536675534,19.837949006410376,42.41510886370341,22.577159857293037,22.577159857293037,0.3462375270045987,0.7402833022634553,0.3940457752588565,0.3940457752588565,1.7822999999523164,experiment_data_subject0007.csv,18.13,0,低,False,False
0007,pendulumStimulus,block,pendulum,18.129999999987323,4.282342728140935,oscillation,1.3868331070104811,1.2350470307283103,0.0350275560651163,0.1167585202170545,5.938894670951434,5.288894670951434,0.15,0.5,57.48638536675666,-13.67420963002778,-0.5962979632076048,13.077911666820174,13.077911666820173,-0.2386599806519004,-0.0104073627809087,0.2282526178709917,0.2282526178709916,1.3007999999523163,experiment_data_subject0007.csv,18.13,0,低,False,False
0007,pendulumStimulus,block,pendulum,53.40999999999889,5.235252547606952,oscillation,1.196416441763728,1.0722581525333226,0.0286519128993242,0.0955063763310809,6.263542224742401,5.6135422247424005,0.15,0.5,111.25380918535794,-58.38903035366612,-59.33206108392485,-0.9430307302587276,0.9430307302587276,-1.0190808267183828,-1.0355398179088842,-0.0164589911905013,0.0164589911905013,1.649,experiment_data_subject0007.csv,53.41,1,中,False,False
0007,pendulumStimulus,block,pendulum,53.410000000031445,5.235252547608416,oscillation,1.4371174803869218,1.3129591911565512,0.0286519128993162,0.0955063763310542,7.523672950408221,6.873672950408221,0.15,0.5,111.253809185409,0.1222199485384722,-40.07707802230195,-40.19929797084042,40.19929797084042,0.0021331405136143,-0.6994769660678264,-0.7016101065814407,0.7016101065814407,1.317,experiment_data_subject0007.csv,53.41,1,中,False,False
0007,pendulumStimulus,block,pendulum,53.409999999974175,5.235252547605838,oscillation,1.4950112152779509,1.3708529260475188,0.0286519128993303,0.0955063763311013,7.826761273483191,7.176761273483191,0.15,0.5,111.25380918531916,-39.60999415367407,-27.42823300723074,12.181761146443325,12.181761146443325,-0.6913248146773172,-0.478712973980362,0.2126118406969551,0.2126118406969551,1.3905,experiment_data_subject0007.csv,53.41,1,中,False,False
0007,pendulumStimulus,block,pendulum,53.40999999995992,5.235252547605197,oscillation,1.1517591962525804,1.0276009070221337,0.0286519128993339,0.095506376331113,6.029750266409035,5.379750266409035,0.15,0.5,111.25380918529682,57.6978301622319,72.02075567136826,14.32292550913636,14.322925509136375,1.0070171075874406,1.2569993162397552,0.2499822086523146,0.2499822086523149,1.508399999976158,experiment_data_subject0007.csv,53.41,1,中,False,False
0007,pendulumStimulus,block,pendulum,53.41000000003845,5.235252547608733,oscillation,2.032164538226025,1.9080062489956615,0.0286519128993145,0.0955063763310485,10.63889457590792,9.98889457590792,0.15,0.5,111.25380918542,74.68020155052079,58.11547362582886,-16.564727924691926,16.564727924691937,1.3034154031095622,1.0143063611266407,-0.2891090419829214,0.2891090419829216,2.847399999976158,experiment_data_subject0007.csv,53.41,1,中,False,False
0007,pendulumStimulus,block,pendulum,21.06999999999463,4.334270153866481,oscillation,1.7658497599357423,1.615882181329653,0.0346079027552514,0.1153596758508382,7.65366991070178,7.003669910701779,0.15,0.5,62.451454040507016,35.93585703983892,17.52080965586273,-18.415047383976187,18.41504738397619,0.6271990248711722,0.3057958161100192,-0.3214032087611529,0.3214032087611529,1.2210999999046326,experiment_data_subject0007.csv,21.07,0,低,False,False
0007,pendulumStimulus,block,pendulum,21.0700000000121,4.334270153866799,oscillation,1.4447078950641252,1.2947403164580464,0.0346079027552489,0.1153596758508297,6.261754310632164,5.611754310632164,0.15,0.5,62.45145404053582,12.203524261091657,28.85655246648588,16.65302820539422,16.65302820539422,0.2129916787030575,0.5036418513146692,0.2906501726116117,0.2906501726116117,2.487199999928474,experiment_data_subject0007.csv,21.07,0,低,False,False
0007,pendulumStimulus,block,pendulum,21.070000000008417,4.334270153866732,oscillation,1.5422564378412038,1.3922888592351228,0.0346079027552494,0.1153596758508315,6.6845560481439525,6.034556048143952,0.15,0.5,62.45145404052973,-0.681115637090949,-9.075080364769963,-8.393964727679014,8.393964727679014,-0.0118877104540558,-0.1583900322483238,-0.146502321794268,0.146502321794268,1.2791999999284744,experiment_data_subject0007.csv,21.07,0,低,False,False
0007,pendulumStimulus,block,pendulum,21.070000000003727,4.334270153866647,oscillation,1.907334235164672,1.757366656558588,0.0346079027552501,0.1153596758508338,8.266901848922306,7.616901848922306,0.15,0.5,62.451454040522,-8.187595170250905,-19.17900865317544,-10.991413482924534,10.991413482924534,-0.1429004935412639,-0.3347368482663946,-0.1918363547251306,0.1918363547251306,1.6576999999284745,experiment_data_subject0007.csv,21.07,0,低,False,False
0007,pendulumStimulus,block,pendulum,21.07000000000654,4.334270153866698,oscillation,1.6438788374824058,1.4939112588763237,0.0346079027552497,0.1153596758508324,7.125014981873076,6.475014981873076,0.15,0.5,62.45145404052665,-39.100509741652594,-39.13794863746847,-0.0374388958158725,0.0374388958158725,-0.6824326341999551,-0.6830860662002533,-0.0006534320002981,0.0006534320002981,2.9559000000953675,experiment_data_subject0007.csv,21.07,0,低,False,False
0007,pendulumStimulus,block,pendulum,47.53000000002646,4.999536822393662,oscillation,1.4525251865669286,1.3225131428334862,0.030002779323102,0.1000092644103402,7.261953155695583,6.611953155695582,0.15,0.5,102.26889899599614,-59.78206322575805,-4.054687473000383,55.72737575275767,55.72737575275767,-1.0433938369249,-0.0707676465432253,0.9726261903816747,0.9726261903816747,1.7818999999761582,experiment_data_subject0007.csv,47.53,1,中,False,False
0007,pendulumStimulus,block,pendulum,47.53000000002817,4.999536822393723,oscillation,1.212549170460843,1.0825371267274022,0.0300027793231017,0.100009264410339,6.062184226681948,5.412184226681948,0.15,0.5,102.26889899599868,39.56169555091977,22.055331916565905,-17.506363634353868,17.506363634353868,0.690481845035142,0.3849381595642663,-0.3055436854708757,0.3055436854708757,1.7372999999523162,experiment_data_subject0007.csv,47.53,1,中,False,False
0007,pendulumStimulus,block,pendulum,47.52999999998907,4.999536822392323,oscillation,2.019001936288878,1.8889898925554007,0.0300027793231101,0.100009264410367,10.094074524957644,9.444074524957644,0.15,0.5,102.26889899594022,-43.20212542473213,-31.238539042441676,11.963586382290456,11.963586382290456,-0.7540193325211293,-0.5452153598034039,0.2088039727177254,0.2088039727177254,3.030899999976158,experiment_data_subject0007.csv,47.53,1,中,False,False
0007,pendulumStimulus,block,pendulum,47.530000000023406,4.999536822393552,oscillation,1.9627782569549208,1.8327662132214757,0.0300027793231027,0.1000092644103424,9.812982169839556,9.162982169839555,0.15,0.5,102.26889899599156,-32.065767256359976,-40.59113662397352,-8.525369367613536,8.525369367613541,-0.5596532158016703,-0.7084489812151933,-0.148795765413523,0.1487957654135231,1.771399999976158,experiment_data_subject0007.csv,47.53,1,中,False,False
0007,pendulumStimulus,block,pendulum,47.52999999996641,4.99953682239151,oscillation,2.057812678609392,1.9278006348758936,0.0300027793231149,0.1000092644103832,10.28811026029176,9.63811026029176,0.15,0.5,102.26889899590633,-69.69635239174367,-46.16236098905114,23.53399140269253,23.53399140269253,-1.2164308258661518,-0.8056851897531284,0.4107456361130234,0.4107456361130234,1.228899999976158,experiment_data_subject0007.csv,47.53,1,中,False,False
0007,pendulumStimulus,block,pendulum,65.16999999996462,5.966582060673352,oscillation,1.2924252022895932,1.183485110057518,0.025140021284325,0.0838000709477501,7.711361026743215,7.061361026743215,0.15,0.5,131.49081685558278,-90.90222002569544,-112.94934290744794,-22.047122881752514,22.047122881752514,-1.5865430368207096,-1.9713379216990716,-0.3847948848783618,0.3847948848783618,2.8965,experiment_data_subject0007.csv,65.17,2,高,False,False
0007,pendulumStimulus,block,pendulum,65.16999999998114,5.966582060674819,oscillation,1.430030391868174,1.3210902996361256,0.0251400212843188,0.0838000709477295,8.532393682340428,7.882393682340428,0.15,0.5,131.49081685561504,10.46019039960716,-60.35725468255287,-70.81744508216003,70.81744508216003,0.1825647628586463,-1.0534328216753124,-1.2359975845339588,1.2359975845339588,1.8381999999284744,experiment_data_subject0007.csv,65.17,2,高,False,False
0007,pendulumStimulus,block,pendulum,65.17000000001966,5.96658206067823,oscillation,2.038747086273414,1.929806994041428,0.0251400212843044,0.0838000709476816,12.164351791218964,11.514351791218964,0.15,0.5,131.49081685569016,46.89684515531296,22.9269822772858,-23.969862878027165,23.969862878027165,0.8185043567581627,0.4001513282850247,-0.4183530284731379,0.4183530284731379,2.183,experiment_data_subject0007.csv,65.17,2,高,False,False
0007,pendulumStimulus,block,pendulum,65.1699999999753,5.9665820606743,oscillation,1.5784944427106324,1.4695543504785746,0.025140021284321,0.0838000709477368,9.418216624751336,8.768216624751336,0.15,0.5,131.49081685560364,27.29625719493472,-4.143839545548397,-31.44009674048312,31.44009674048312,0.4764095615228025,-0.072323643744165,-0.5487332052669676,0.5487332052669676,1.6056999999284745,experiment_data_subject0007.csv,65.17,2,高,False,False
0007,pendulumStimulus,block,pendulum,65.16999999998545,5.966582060675199,oscillation,1.1548760508559277,1.045935958623886,0.0251400212843172,0.0838000709477241,6.890662727340397,6.240662727340396,0.15,0.5,131.49081685562342,87.76287383746154,56.81294255273268,-30.949931284728866,30.94993128472887,1.5317511094760947,0.9915729052915776,-0.5401782041845172,0.5401782041845173,2.541700000047684,experiment_data_subject0007.csv,65.17,2,高,False,False
0007,pendulumStimulus,block,pendulum,26.95000000000959,4.447612408439625,oscillation,1.9491867447704048,1.803040916332975,0.0337259604086375,0.1124198680287919,8.669227152406892,8.019227152406891,0.15,0.5,71.79004313573175,-16.24941512068547,-19.00452670644536,-2.7551115857598902,2.7551115857598933,-0.2836057953793132,-0.3316915638106654,-0.0480857684313522,0.0480857684313522,1.464899999976158,experiment_data_subject0007.csv,26.95,0,低,False,False
0007,pendulumStimulus,block,pendulum,26.94999999998493,4.447612408439119,oscillation,1.5455185239169882,1.399372695479542,0.0337259604086414,0.1124198680288047,6.873867364445709,6.2238673644457085,0.15,0.5,71.79004313569381,-23.776136543628432,-21.706816703736045,2.069319839892385,2.0693198398923824,-0.4149718660900605,-0.3788554216070965,0.036116444482964,0.0361164444829639,1.235100000023842,experiment_data_subject0007.csv,26.95,0,低,False,False
0007,pendulumStimulus,block,pendulum,26.94999999998661,4.447612408439154,oscillation,2.1382799832116937,1.9921341547742488,0.0337259604086411,0.1124198680288038,9.510240586049395,8.860240586049395,0.15,0.5,71.7900431356964,-46.33850563884611,-47.71650683134894,-1.3780011925028235,1.3780011925028235,-0.808759493851823,-0.8328101517574055,-0.0240506579055824,0.0240506579055824,2.707399999976158,experiment_data_subject0007.csv,26.95,0,低,False,False
0007,pendulumStimulus,block,pendulum,26.950000000038617,4.447612408440219,oscillation,1.5308539091110005,1.3847080806735903,0.033725960408633,0.1124198680287769,6.8086448416713,6.1586448416713,0.15,0.5,71.79004313577641,-29.82446836516909,-37.94597130678917,-8.121502941620085,8.121502941620085,-0.520535170629091,-0.6622821371707663,-0.1417469665416753,0.1417469665416753,3.2695,experiment_data_subject0007.csv,26.95,0,低,False,False
0007,pendulumStimulus,block,pendulum,26.949999999987085,4.447612408439164,oscillation,1.2036128243398043,1.0574669959023597,0.033725960408641,0.1124198680288035,5.353203332490221,4.7032033324902205,0.15,0.5,71.79004313569712,43.13085713541034,36.34818259232118,-6.782674543089151,6.782674543089158,0.7527754662202001,0.6343954633520924,-0.1183800028681076,0.1183800028681078,1.539,experiment_data_subject0007.csv,26.95,0,低,False,False
0007,pendulumStimulus,block,pendulum,29.890000000014133,4.509792396992138,oscillation,1.4979997523286426,1.353868949227035,0.0332609545619094,0.110869848539698,6.755667893747818,6.1056678937478175,0.15,0.5,76.26096482565153,52.1244537559113,-8.347150777630262,-60.47160453354156,60.47160453354156,0.9097433388441768,-0.1456852642300531,-1.05542860307423,1.05542860307423,3.143399999976158,experiment_data_subject0007.csv,29.89,1,中,False,False
0007,pendulumStimulus,block,pendulum,29.89000000001551,4.509792396992168,oscillation,1.572788856147699,1.4286580530460924,0.0332609545619091,0.1108698485396972,7.092951225528902,6.442951225528901,0.15,0.5,76.26096482565359,-16.43391665538651,-39.57438284874091,-23.140466193354403,23.140466193354403,-0.2868259546348289,-0.690703280155302,-0.4038773255204731,0.4038773255204731,3.643399999976158,experiment_data_subject0007.csv,29.89,1,中,False,False
0007,pendulumStimulus,block,pendulum,29.89000000002689,4.509792396992417,oscillation,2.0467358275008345,1.902605024399236,0.0332609545619073,0.1108698485396911,9.230353673515246,8.580353673515246,0.15,0.5,76.26096482567073,8.961992958080438,-9.166979312781656,-18.128972270862096,18.128972270862096,0.1564162846590498,-0.159993971470247,-0.3164102561292968,0.3164102561292968,1.4706999999284744,experiment_data_subject0007.csv,29.89,1,中,False,False
0007,pendulumStimulus,block,pendulum,29.889999999983893,4.509792396991477,oscillation,2.114628319784,1.9704975166823715,0.0332609545619142,0.1108698485397142,9.536534719024743,8.886534719024745,0.15,0.5,76.26096482560602,-16.366230028326516,-7.371976595912522,8.994253432413995,8.994253432413995,-0.2856446001330625,-0.128665263978637,0.1569793361544254,0.1569793361544254,1.3268999999761582,experiment_data_subject0007.csv,29.89,1,中,False,False
0007,pendulumStimulus,block,pendulum,9.310000000013394,4.142033564160633,oscillation,1.648570576485774,1.4916428283322605,0.0362140957277338,0.1207136524257796,6.82843466069172,6.178434660691719,0.15,0.5,40.31490917473901,24.827119895479164,15.718864183934013,-9.108255711545151,9.108255711545157,0.4333149859635018,0.27434593468346,-0.1589690512800417,0.1589690512800418,1.503,experiment_data_subject0007.csv,9.31,0,低,False,False
0007,pendulumStimulus,block,pendulum,9.30999999998786,4.142033564160258,oscillation,1.4699543861565942,1.3130266380030662,0.0362140957277371,0.1207136524257906,6.088600405245201,5.438600405245201,0.15,0.5,40.31490917468133,25.46550000356318,20.62988141360052,-4.835618589962658,4.835618589962658,0.4444568207288051,0.3600593549633111,-0.0843974657654939,0.0843974657654939,1.2522000000476836,experiment_data_subject0007.csv,9.31,0,低,False,False
0007,pendulumStimulus,block,pendulum,9.310000000015508,4.1420335641606645,oscillation,1.1800811274801988,1.0231533793266865,0.0362140957277336,0.1207136524257787,4.887935638455543,4.237935638455543,0.15,0.5,40.31490917474379,8.656923126886564,9.219204926708906,0.5622817998223416,0.5622817998223433,0.1510918116562134,0.1609054803871529,0.0098136687309395,0.0098136687309395,1.2265,experiment_data_subject0007.csv,9.31,0,低,False,False
0007,pendulumStimulus,block,pendulum,9.30999999998394,4.142033564160199,oscillation,1.891226683779232,1.734298935625702,0.0362140957277376,0.1207136524257923,7.833524401648967,7.183524401648967,0.15,0.5,40.31490917467247,13.09987310305043,7.094535692953289,-6.00533741009714,6.00533741009714,0.2286359172416764,0.1238230067422923,-0.104812910499384,0.104812910499384,1.260899999976158,experiment_data_subject0007.csv,9.31,0,低,False,False
0007,pendulumStimulus,block,pendulum,9.309999999984807,4.142033564160212,oscillation,1.2506963778646512,1.093768629711121,0.0362140957277375,0.1207136524257919,5.180426375688987,4.530426375688987,0.15,0.5,40.31490917467444,24.57406671144952,13.499550252619102,-11.074516458830416,11.074516458830416,0.4288983747195294,0.2356115994466356,-0.1932867752728938,0.1932867752728938,1.5137000000476837,experiment_data_subject0007.csv,9.31,0,低,False,False
0007,pendulumStimulus,block,pendulum,50.46999999997219,5.110679999167186,oscillation,1.492224837616496,1.3650401968043298,0.0293503017258844,0.0978343390862816,7.626283631867127,6.976283631867127,0.15,0.5,106.7083437156128,-32.94759606683661,-8.739273243815292,24.20832282302132,24.20832282302132,-0.5750440319834326,-0.152529092336022,0.4225149396474105,0.4225149396474105,1.275,experiment_data_subject0007.csv,50.47,1,中,False,False
0007,pendulumStimulus,block,pendulum,50.47000000002599,5.110679999169334,oscillation,1.8535453274011453,1.7263606865890324,0.0293503017258721,0.0978343390862405,9.472877032302808,8.822877032302808,0.15,0.5,106.70834371569492,61.38265049649964,48.56593839998379,-12.816712096515843,12.816712096515843,1.0713293547648508,0.847635529400464,-0.2236938253643867,0.2236938253643867,3.007599999904633,experiment_data_subject0007.csv,50.47,1,中,False,False
0007,pendulumStimulus,block,pendulum,50.47000000003874,5.110679999169843,oscillation,1.4471818306114237,1.3199971897993237,0.0293503017258692,0.0978343390862307,7.396083236867803,6.746083236867802,0.15,0.5,106.70834371571436,28.79379887468313,54.60312074597107,25.809321871287946,25.809321871287946,0.5025465945202587,0.9530042388812174,0.4504576443609587,0.4504576443609587,1.677,experiment_data_subject0007.csv,50.47,1,中,False,False
0007,pendulumStimulus,block,pendulum,50.46999999999524,5.110679999168107,oscillation,1.6614496879842278,1.5342650471720845,0.0293503017258792,0.097834339086264,8.491137690005084,7.841137690005084,0.15,0.5,106.70834371564796,-0.9420354741165666,17.410505879310687,18.35254135342725,18.35254135342725,-0.0164416206939199,0.3038706520318019,0.3203122727257219,0.3203122727257219,1.7197000000476836,experiment_data_subject0007.csv,50.47,1,中,False,False
0007,pendulumStimulus,block,pendulum,50.47000000000818,5.110679999168624,oscillation,1.831406360920893,1.7042217201087624,0.0293503017258762,0.0978343390862541,9.3597318591086,8.7097318591086,0.15,0.5,106.70834371566772,57.91907846802704,38.59743324328909,-19.321645224737946,19.321645224737946,1.010878618988025,0.6736522929141081,-0.3372263260739168,0.3372263260739168,1.665899999976158,experiment_data_subject0007.csv,50.47,1,中,False,False
0007,pendulumStimulus,block,pendulum,6.369999999983104,4.099668686115496,oscillation,1.709320181264409,1.5507707837969065,0.0365883224925006,0.121961074975002,7.007646421674962,6.3576464216749615,0.15,0.5,33.12294020769859,12.343331029542576,-1.1681431150868955,-13.511474144629467,13.511474144629467,0.2154317671290994,-0.0203879434927693,-0.2358197106218687,0.2358197106218687,2.5245999999046327,experiment_data_subject0007.csv,6.37,0,低,False,False
0007,pendulumStimulus,block,pendulum,6.369999999996763,4.099668686115688,oscillation,2.1030490328379434,1.944499635370448,0.0365883224924988,0.1219610749749963,8.6218042652916,7.9718042652916,0.15,0.5,33.12294020773512,1.231178686587428,-0.9734665804945114,-2.20464526708194,2.20464526708194,0.0214881217613299,-0.0169901969877596,-0.0384783187490896,0.0384783187490896,1.575600000023842,experiment_data_subject0007.csv,6.37,0,低,False,False
0007,pendulumStimulus,block,pendulum,6.369999999987395,4.099668686115557,oscillation,1.345919135940126,1.1873697384726256,0.0365883224925,0.1219610749750002,5.517822535657442,4.867822535657441,0.15,0.5,33.12294020771007,-7.048800396483199,-5.841140483689802,1.2076599127933962,1.2076599127933962,-0.1230247752345135,-0.1019471335119212,0.0210776417225923,0.0210776417225923,3.0915,experiment_data_subject0007.csv,6.37,0,低,False,False
0007,pendulumStimulus,block,pendulum,6.370000000011106,4.099668686115891,oscillation,2.129446434072071,1.9708970366045837,0.036588322492497,0.1219610749749902,8.730024864526415,8.080024864526415,0.15,0.5,33.12294020777349,22.430323421685536,17.73720333982586,-4.693120081859672,4.693120081859672,0.391482995995613,0.3095725983756959,-0.081910397619917,0.081910397619917,1.6185,experiment_data_subject0007.csv,6.37,0,低,False,False
0007,pendulumStimulus,block,pendulum,6.370000000007654,4.099668686115842,oscillation,1.499431758868362,1.3408823614008725,0.0365883224924975,0.1219610749749917,6.147173428800222,5.497173428800222,0.15,0.5,33.122940207764266,-1.7164274684102634,-6.44908196031904,-4.732654491908776,4.732654491908776,-0.02995731069543,-0.1125577139385375,-0.0826004032431074,0.0826004032431074,1.282899999976158,experiment_data_subject0007.csv,6.37,0,低,False,False
0007,pendulumStimulus,block,pendulum,56.34999999999472,5.376706026623823,oscillation,1.443563872542688,1.3226720110978931,0.0278981218718757,0.092993739572919,7.761618573316694,7.111618573316694,0.15,0.5,115.94447977236142,47.66920888074832,62.56344020970623,14.89423132895791,14.89423132895791,0.8319846467899791,1.0919380230339852,0.2599533762440061,0.2599533762440061,4.2511000000238415,experiment_data_subject0007.csv,56.35,2,高,False,False
0007,pendulumStimulus,block,pendulum,56.35000000001729,5.376706026624985,oscillation,1.664693261323926,1.5438013998791575,0.0278981218718696,0.0929937395728989,8.950566290642355,8.300566290642355,0.15,0.5,115.94447977239813,-31.8368856928448,-29.345566284557844,2.491319408286956,2.491319408286956,-0.5556584789212179,-0.5121767525277736,0.0434817263934442,0.0434817263934442,1.5457999999523162,experiment_data_subject0007.csv,56.35,2,高,False,False
0007,pendulumStimulus,block,pendulum,56.34999999996143,5.376706026622109,oscillation,1.4045465973341191,1.2836547358892858,0.0278981218718845,0.0929937395729486,7.551834154557936,6.901834154557935,0.15,0.5,115.94447977230732,-25.701225863434527,-36.65258187919898,-10.951356015764452,10.95135601576446,-0.448571013115655,-0.6397082331488327,-0.1911372200331777,0.1911372200331778,1.8106000000238416,experiment_data_subject0007.csv,56.35,2,高,False,False
0007,pendulumStimulus,block,pendulum,56.34999999996448,5.376706026622265,oscillation,1.5295626444877377,1.4086707830429075,0.0278981218718837,0.0929937395729459,8.224008688713507,7.574008688713507,0.15,0.5,115.94447977231223,-16.335055887731198,-16.967635422493537,-0.6325795347623382,0.6325795347623382,-0.2851005087381946,-0.2961411044005313,-0.0110405956623367,0.0110405956623367,1.6947000000476835,experiment_data_subject0007.csv,56.35,2,高,False,False
0007,pendulumStimulus,block,pendulum,56.34999999999515,5.376706026623844,oscillation,1.3296596613381884,1.208767799893394,0.0278981218718755,0.0929937395729186,7.149189114475657,6.499189114475657,0.15,0.5,115.94447977236211,51.39226798611382,53.20754683348223,1.815278847368404,1.8152788473684105,0.8969642864249617,0.928646879153348,0.0316825927283862,0.0316825927283863,2.6805999999046324,experiment_data_subject0007.csv,56.35,2,高,False,False
0007,pendulumStimulus,block,pendulum,59.28999999999724,5.53999641147991,oscillation,1.825459466567799,1.708130870712921,0.0270758298126641,0.0902527660422137,10.113038894087635,9.463038894087637,0.15,0.5,120.8304974317832,66.65715932542803,60.69519352934182,-5.961965796086203,5.961965796086216,1.1633869002551611,1.0593309672221722,-0.1040559330329891,0.1040559330329893,2.7163000000715254,experiment_data_subject0007.csv,59.29,2,高,False,False
0007,pendulumStimulus,block,pendulum,59.29000000002486,5.539996411481567,oscillation,1.5860461674356252,1.4687175715807823,0.027075829812656,0.0902527660421867,8.786690076037457,8.136690076037457,0.15,0.5,120.8304974318302,53.661251689898656,51.39410174328866,-2.2671499466100022,2.2671499466100022,0.9365655227301029,0.8969962915253445,-0.0395692312047581,0.0395692312047581,1.6787000000476835,experiment_data_subject0007.csv,59.29,2,高,False,False
0007,pendulumStimulus,block,pendulum,59.28999999996398,5.539996411477914,oscillation,1.1337432076880902,1.01641461183317,0.0270758298126738,0.0902527660422462,6.28093330212948,5.630933302129479,0.15,0.5,120.83049743172658,44.04662044512716,-10.850464140691978,-54.89708458581914,54.89708458581914,0.7687585511437193,-0.1893763246246522,-0.9581348757683716,0.9581348757683716,1.6963000000715256,experiment_data_subject0007.csv,59.29,2,高,False,False
0007,pendulumStimulus,block,pendulum,59.29000000002487,5.539996411481568,oscillation,1.4824266184778303,1.3650980226229876,0.027075829812656,0.0902527660421867,8.212638146651937,7.562638146651937,0.15,0.5,120.83049743183024,-22.174304766364315,-27.859106204638486,-5.684801438274171,5.684801438274167,-0.3870146275137293,-0.4862331299337227,-0.0992185024199934,0.0992185024199934,1.509600000023842,experiment_data_subject0007.csv,59.29,2,高,False,False
0007,pendulumStimulus,block,pendulum,59.28999999997045,5.539996411478303,oscillation,1.9405656890204288,1.8232370931655169,0.0270758298126719,0.0902527660422399,10.750726953411094,10.100726953411094,0.15,0.5,120.8304974317376,-37.60181017170568,-40.6290098657257,-3.027199694020016,3.027199694020016,-0.6562753922061585,-0.7091099939821727,-0.0528346017760141,0.0528346017760141,1.7888000000715256,experiment_data_subject0007.csv,59.29,2,高,False,False
0007,pendulumStimulus,block,pendulum,68.10999999999811,6.263260624859384,oscillation,2.0845276230390657,1.980747812660411,0.0239491870104587,0.0798306233681957,13.055939782812304,12.405939782812304,0.15,0.5,137.51888712456355,-64.05463190155992,-58.58456070863591,5.470071192924004,5.470071192924004,-1.1179642278352169,-1.022493475200199,0.0954707526350178,0.0954707526350178,1.8826000000238416,experiment_data_subject0007.csv,68.11,2,高,False,False
0007,pendulumStimulus,block,pendulum,68.11000000001746,6.263260624861619,oscillation,1.4632692296433365,1.359489419264719,0.0239491870104501,0.0798306233681672,9.164836549596703,8.514836549596703,0.15,0.5,137.51888712460547,21.814672839930637,39.1593064277618,17.344633587831165,17.344633587831165,0.3807378663021715,0.6834588299618224,0.3027209636596509,0.3027209636596509,1.4287999999523162,experiment_data_subject0007.csv,68.11,2,高,False,False
0007,pendulumStimulus,block,pendulum,68.10999999999443,6.263260624858959,oscillation,1.9665798013008744,1.8627999909222128,0.0239491870104603,0.0798306233682012,12.31720183513072,11.66720183513072,0.15,0.5,137.51888712455556,5.89834884451313,-11.026630697815808,-16.924979542328938,16.924979542328938,0.1029456077679571,-0.1924510110783657,-0.2953966188463229,0.2953966188463229,1.8128000000715256,experiment_data_subject0007.csv,68.11,2,高,False,False
0007,pendulumStimulus,block,pendulum,68.10999999995984,6.263260624854967,oscillation,1.3555086754638976,1.2517288650851697,0.0239491870104756,0.079830623368252,8.48990411368234,7.839904113682338,0.15,0.5,137.51888712448073,-75.5904760393677,-91.33336263195888,-15.742886592591178,15.742886592591178,-1.3193026900368492,-1.5940678948456364,-0.2747652048087872,0.2747652048087872,3.2552000000476835,experiment_data_subject0007.csv,68.11,2,高,False,False
0007,pendulumStimulus,block,pendulum,68.10999999997854,6.263260624857125,oscillation,1.485180562958485,1.3814007525797931,0.0239491870104673,0.0798306233682245,9.30207294078102,8.65207294078102,0.15,0.5,137.5188871245212,-40.14890304745336,-35.999234432921135,4.149668614532222,4.149668614532228,-0.7007305492420463,-0.6283051690517876,0.0724253801902586,0.0724253801902587,2.1075999999046324,experiment_data_subject0007.csv,68.11,2,高,False,False
0007,pendulumStimulus,block,pendulum,32.83000000001258,4.576276236944559,oscillation,1.9019195506426188,1.7598826703615489,0.0327777416033238,0.1092591386777461,8.70370924418609,8.05370924418609,0.15,0.5,80.64796494245549,-3.899998386772967,-29.33386337727845,-25.433864990505487,25.433864990505487,-0.0680678126716555,-0.5119724982636926,-0.4439046855920371,0.4439046855920371,2.741299999952316,experiment_data_subject0007.csv,32.83,1,中,False,False
0007,pendulumStimulus,block,pendulum,32.8300000000078,4.576276236944446,oscillation,1.906968318771822,1.7649314384907484,0.0327777416033246,0.1092591386777488,8.726813801801391,8.076813801801391,0.15,0.5,80.6479649424484,-3.917784434620536,0.9604721382887824,4.87825657290932,4.87825657290932,-0.0683782377675128,0.0167634011868095,0.0851416389543224,0.0851416389543224,1.851,experiment_data_subject0007.csv,32.83,1,中,False,False
0007,pendulumStimulus,block,pendulum,32.82999999998555,4.576276236943927,oscillation,1.6509881563561846,1.508951276075095,0.0327777416033283,0.1092591386777612,7.555377867408672,6.905377867408672,0.15,0.5,80.64796494241546,-53.16473252134247,-47.298826979783584,5.865905541558886,5.865905541558886,-0.9278996284395326,-0.8255202631283489,0.1023793653111836,0.1023793653111836,1.597,experiment_data_subject0007.csv,32.83,1,中,False,False
0007,pendulumStimulus,block,pendulum,32.82999999998545,4.576276236943924,oscillation,1.8821510273574729,1.7401141470763832,0.0327777416033284,0.1092591386777613,8.613243020835597,7.963243020835597,0.15,0.5,80.6479649424153,-31.40394574367884,-27.998155692370183,3.4057900513086623,3.4057900513086623,-0.548102251344855,-0.4886600013178522,0.0594422500270027,0.0594422500270027,1.4862999999523163,experiment_data_subject0007.csv,32.83,1,中,False,False
0007,pendulumStimulus,block,pendulum,32.82999999999631,4.576276236944178,oscillation,2.1278809405940384,1.9858440603129568,0.0327777416033265,0.1092591386777552,9.737770983486923,9.087770983486925,0.15,0.5,80.64796494243139,53.04569456417455,36.80496841929243,-16.240726144882125,16.240726144882125,0.9258220241521044,0.6423678800091858,-0.2834541441429187,0.2834541441429187,1.934,experiment_data_subject0007.csv,32.83,1,中,False,False
0007,pendulumStimulus,block,pendulum,24.009999999993703,4.38924304071656,oscillation,1.502594051287085,1.3545047352090478,0.0341744575564701,0.1139148585215671,6.595250482633939,5.945250482633939,0.15,0.5,67.2009687281012,-25.93871840768824,-38.20369485957226,-12.264976451884024,12.264976451884024,-0.4527160399618206,-0.6667802617267686,-0.214064221764948,0.214064221764948,2.9081999999284744,experiment_data_subject0007.csv,24.01,0,低,False,False
0007,pendulumStimulus,block,pendulum,24.010000000004965,4.389243040716776,oscillation,1.281992583172895,1.1339032670948654,0.0341744575564684,0.1139148585215615,5.626977023942154,4.976977023942154,0.15,0.5,67.20096872811907,-24.817187826320023,-41.41751889000786,-16.60033106368784,16.60033106368784,-0.433141638655139,-0.7228720726375844,-0.2897304339824453,0.2897304339824453,1.8443999999761584,experiment_data_subject0007.csv,24.01,0,低,False,False
0007,pendulumStimulus,block,pendulum,24.01000000001564,4.389243040716981,oscillation,2.054082303178058,1.905992987100035,0.0341744575564668,0.1139148585215561,9.0158664542842,8.3658664542842,0.15,0.5,67.20096872813598,40.11198247656594,36.64517910786162,-3.4668033687043183,3.4668033687043183,0.7000861637183449,0.6395790304152236,-0.0605071333031213,0.0605071333031213,1.7977999999523162,experiment_data_subject0007.csv,24.01,0,低,False,False
0007,pendulumStimulus,block,pendulum,24.009999999993347,4.389243040716552,oscillation,1.6455091129620971,1.49741979688406,0.0341744575564701,0.1139148585215673,7.222539422504553,6.572539422504553,0.15,0.5,67.20096872810065,-11.78421194592477,-6.12397672073775,5.66023522518702,5.66023522518702,-0.2056732982092352,-0.106883557092359,0.0987897411168761,0.0987897411168761,2.0665,experiment_data_subject0007.csv,24.01,0,低,False,False
0007,pendulumStimulus,block,pendulum,24.009999999978245,4.389243040716261,oscillation,2.0786790099093277,1.93058969383128,0.0341744575564724,0.1139148585215748,9.123827378127483,8.473827378127483,0.15,0.5,67.20096872807669,12.348548321247929,-6.844600423337674,-19.193148744585603,19.193148744585606,0.2155228260473948,-0.1194608133706401,-0.3349836394180349,0.334983639418035,1.781,experiment_data_subject0007.csv,24.01,0,低,False,False
0007,pendulumStimulus,block,pendulum,71.05000000001104,6.6660371264547775,oscillation,1.3831097208821128,1.2856005129870027,0.0225021248988715,0.0750070829962384,9.219860749360668,8.569860749360668,0.15,0.5,144.34091230388893,68.52513655736114,22.97516627831305,-45.54997027904809,45.54997027904808,1.195989253304684,0.4009922977497346,-0.7949969555549494,0.7949969555549491,2.135899999976158,experiment_data_subject0007.csv,71.05,2,高,False,False
0007,pendulumStimulus,block,pendulum,71.04999999995005,6.666037126444771,oscillation,1.5516003337616546,1.4540911258663982,0.0225021248989052,0.0750070829963509,10.343025430259289,9.693025430259288,0.15,0.5,144.34091230373596,42.04523097189253,39.40727356996455,-2.6379574019279883,2.6379574019279883,0.7338277152210201,0.6877866730300213,-0.0460410421909988,0.0460410421909988,3.8121999999284735,experiment_data_subject0007.csv,71.05,2,高,False,False
0007,pendulumStimulus,block,pendulum,71.05000000000508,6.6660371264538,oscillation,1.9276669972968343,1.83015778940171,0.0225021248988748,0.0750070829962494,12.849899771420414,12.199899771420414,0.15,0.5,144.34091230387398,-88.80136074909458,-48.77787672726336,40.023484021831216,40.023484021831216,-1.5498761253229585,-0.8513345510226618,0.6985415743002967,0.6985415743002967,2.014600000023842,experiment_data_subject0007.csv,71.05,2,高,False,False
0007,pendulumStimulus,block,pendulum,71.0500000000366,6.666037126458969,oscillation,2.044284653842472,1.946775445947424,0.0225021248988573,0.0750070829961912,13.62727739956424,12.97727739956424,0.15,0.5,144.34091230395302,14.525449344628326,-43.86998625601626,-58.39543560064459,58.39543560064458,0.2535169163954168,-0.7656757029721438,-1.019192619367561,1.0191926193675604,4.153100000023842,experiment_data_subject0007.csv,71.05,2,高,False,False
0007,pendulumStimulus,block,pendulum,71.05000000001829,6.666037126455962,oscillation,1.5020672494937404,1.4045580415986478,0.0225021248988675,0.075007082996225,10.012836051558864,9.362836051558864,0.15,0.5,144.34091230390706,78.85832026476606,36.80389691806523,-42.05442334670084,42.05442334670084,1.3763373312123344,0.6423491787848319,-0.7339881524275024,0.7339881524275024,1.680100000023842,experiment_data_subject0007.csv,71.05,2,高,False,False
0007,pendulumStimulus,block,pendulum,44.59000000000797,4.899324052706065,oscillation,1.6536639796875396,1.5209926166571677,0.0306164683916243,0.1020548946387477,8.101835710776797,7.451835710776797,0.15,0.5,97.90320773349634,29.62496746117881,30.450095171873155,0.8251277106943512,0.8251277106943512,0.5170532229937556,0.5314544182948152,0.0144011953010596,0.0144011953010596,1.433899999976158,experiment_data_subject0007.csv,44.59,1,中,False,False
0007,pendulumStimulus,block,pendulum,44.59000000004053,4.899324052707123,oscillation,1.3120853284679048,1.1794139654375613,0.0306164683916177,0.1020548946387256,6.428331208966932,5.778331208966931,0.15,0.5,97.9032077335444,-18.614467258453217,-41.04667679209194,-22.432209533638723,22.432209533638723,-0.3248837421646909,-0.7163996570239483,-0.3915159148592573,0.3915159148592573,1.4709000000953674,experiment_data_subject0007.csv,44.59,1,中,False,False
0007,pendulumStimulus,block,pendulum,44.58999999998635,4.899324052705364,oscillation,1.1503661380455068,1.0176947750151155,0.0306164683916287,0.1020548946387623,5.63601648954413,4.98601648954413,0.15,0.5,97.90320773346444,-29.562358009383654,-12.49573838027472,17.066619629108935,17.066619629108935,-0.5159604819170616,-0.2180917772036171,0.2978687047134444,0.2978687047134444,1.980600000023842,experiment_data_subject0007.csv,44.59,1,中,False,False
0007,pendulumStimulus,block,pendulum,44.59000000001397,4.899324052706261,oscillation,1.6209418169062513,1.4882704538758844,0.030616468391623,0.1020548946387436,7.941519231606184,7.291519231606184,0.15,0.5,97.9032077335052,-8.468725202655696,-8.205820225892715,0.2629049767629799,0.2629049767629799,-0.1478071382329659,-0.1432185807685727,0.0045885574643931,0.0045885574643931,2.690399999976158,experiment_data_subject0007.csv,44.59,1,中,False,False
0007,pendulumStimulus,block,pendulum,44.58999999997671,4.899324052705052,oscillation,2.0226179215431466,1.8899465585127475,0.0306164683916306,0.1020548946387688,9.90946063244864,9.259460632448638,0.15,0.5,97.90320773345022,-25.670925006712057,-42.97110744668645,-17.300182439974392,17.300182439974392,-0.4480421633996728,-0.7499873081729322,-0.3019451447732594,0.3019451447732594,2.173299999952316,experiment_data_subject0007.csv,44.59,1,中,False,False
0007,pendulumStimulus,block,pendulum,62.23000000000641,5.732602578907544,oscillation,1.601877950451183,1.488491405500099,0.0261661257579424,0.0872204191931415,9.182929669851584,8.532929669851583,0.15,0.5,125.97980059748582,-76.8066241472845,-77.48715293101564,-0.6805287837311501,0.6805287837311501,-1.3405284787118965,-1.3524059466425975,-0.0118774679307009,0.0118774679307009,2.1746000000238417,experiment_data_subject0007.csv,62.23,2,高,False,False
0007,pendulumStimulus,block,pendulum,62.22999999999972,5.732602578907063,oscillation,2.0070208384123123,1.8936342934612185,0.0261661257579446,0.0872204191931488,11.505452834202636,10.855452834202636,0.15,0.5,125.9798005974737,-22.712407263271125,-55.73832153167157,-33.02591426840045,33.02591426840045,-0.3964062877979556,-0.9728172302629178,-0.5764109424649622,0.5764109424649622,1.815700000047684,experiment_data_subject0007.csv,62.23,2,高,False,False
0007,pendulumStimulus,block,pendulum,62.22999999999155,5.732602578906477,oscillation,1.7394209532931986,1.6260344083420932,0.0261661257579473,0.0872204191931577,9.971409042652551,9.321409042652553,0.15,0.5,125.97980059745896,-67.03900799069511,-36.36489776920864,30.67411022148647,30.67411022148647,-1.1700514167084175,-0.6346871982238318,0.5353642184845859,0.5353642184845859,1.3622999999523162,experiment_data_subject0007.csv,62.23,2,高,False,False
0007,pendulumStimulus,block,pendulum,62.22999999998352,5.732602578905904,oscillation,1.907576380384033,1.7941898354329169,0.0261661257579499,0.0872204191931664,10.9353772776495,10.285377277649498,0.15,0.5,125.97980059744444,4.132482159621666,67.64889545927171,63.51641329965005,63.51641329965005,0.0721254199653239,1.180695961101733,1.108570541136409,1.108570541136409,1.6885,experiment_data_subject0007.csv,62.23,2,高,False,False
0007,pendulumStimulus,block,pendulum,62.23000000005212,5.732602578910818,oscillation,1.9510487395737,1.8376621946226803,0.0261661257579275,0.0872204191930916,11.184587036060892,10.534587036060891,0.15,0.5,125.97980059756831,69.04159582280889,33.71967416148308,-35.32192166132581,35.32192166132581,1.2050031679391786,0.5885193368175378,-0.6164838311216407,0.6164838311216407,1.397,experiment_data_subject0007.csv,62.23,2,高,False,False
0007,pendulumStimulus,block,pendulum,41.65000000001152,4.80817510827583,oscillation,1.3182493264244886,1.183062902186066,0.0311968671319436,0.1039895571064789,6.338373597815606,5.688373597815605,0.15,0.5,93.58332169848885,31.65301693420857,23.12404855510497,-8.528968379103596,8.528968379103599,0.5524493636914608,0.4035907836776191,-0.1488585800138416,0.1488585800138417,1.5345,experiment_data_subject0007.csv,41.65,1,中,False,False
0007,pendulumStimulus,block,pendulum,41.64999999997228,4.808175108274667,oscillation,1.4402891029527756,1.30510267871432,0.0311968671319512,0.1039895571065041,6.925162213536784,6.275162213536784,0.15,0.5,93.58332169843138,22.625928243048325,38.19354743935253,15.567619196304202,15.567619196304198,0.394896944161169,0.6666031558333508,0.2717062116721818,0.2717062116721817,1.3814000000953677,experiment_data_subject0007.csv,41.65,1,中,False,False
0007,pendulumStimulus,block,pendulum,41.650000000033245,4.808175108276474,oscillation,2.042041874017364,1.9068554497789592,0.0311968671319395,0.103989557106465,9.818494908708532,9.168494908708531,0.15,0.5,93.58332169852063,6.10946897183693,-16.553253018047705,-22.662721989884638,22.662721989884638,0.1066303491069871,-0.2889087670806208,-0.3955391161876079,0.3955391161876079,1.5263999999761582,experiment_data_subject0007.csv,41.65,1,中,False,False
0007,pendulumStimulus,block,pendulum,41.64999999999938,4.80817510827547,oscillation,2.036350023226638,1.9011635989882048,0.031196867131946,0.1039895571064867,9.791127493414496,9.141127493414496,0.15,0.5,93.58332169847104,44.63086133166661,19.827442885371244,-24.803418446295364,24.803418446295364,0.7789554782386032,0.3460541606008528,-0.4329013176377504,0.4329013176377504,1.5858000000715256,experiment_data_subject0007.csv,41.65,1,中,False,False
0007,pendulumStimulus,block,pendulum,35.77000000001148,4.647657590940955,oscillation,1.207633626785445,1.0677782292477789,0.0322743225086922,0.1075810750289741,5.6126675926049305,4.96266759260493,0.15,0.5,84.98019986833873,-46.52964148499244,-23.962484352509545,22.567157132482897,22.5671571324829,-0.8120954436856618,-0.4182242489089131,0.3938711947767487,0.3938711947767488,1.3508000000715257,experiment_data_subject0007.csv,35.77,1,中,False,False
0007,pendulumStimulus,block,pendulum,35.76999999995443,4.647657590939518,oscillation,1.9381420888457312,1.7982866913080215,0.0322743225087022,0.1075810750290073,9.007820791543235,8.357820791543237,0.15,0.5,84.98019986825501,-32.17120752596336,-41.31622436279438,-9.14501683683102,9.14501683683102,-0.5614934956704398,-0.7211041496234581,-0.1596106539530183,0.1596106539530183,1.4325999999046326,experiment_data_subject0007.csv,35.77,1,中,False,False
0007,pendulumStimulus,block,pendulum,35.769999999986965,4.647657590940337,oscillation,1.7251336194093887,1.585278221871704,0.0322743225086965,0.1075810750289884,8.017830361634424,7.367830361634424,0.15,0.5,84.98019986830276,-51.58054820367828,-54.3082466784216,-2.727698474743328,2.727698474743334,-0.9002503961378326,-0.9478577155237312,-0.0476073193858984,0.0476073193858985,2.880700000047684,experiment_data_subject0007.csv,35.77,1,中,False,False
0007,pendulumStimulus,block,pendulum,35.76999999999438,4.647657590940525,oscillation,1.7966809281132676,1.6568255305755883,0.0322743225086952,0.107581075028984,8.350357754043696,7.700357754043695,0.15,0.5,84.98019986831365,-26.97590825640656,-38.86889467560104,-11.892986419194472,11.892986419194475,-0.4708184177902171,-0.6783901887001312,-0.207571770909914,0.2075717709099141,0.9247000000476836,experiment_data_subject0007.csv,35.77,1,中,False,False
0007,pendulumStimulus,block,pendulum,35.76999999998756,4.647657590940353,oscillation,1.997460531208998,1.8576051336713133,0.0322743225086964,0.107581075028988,9.28351260047725,8.63351260047725,0.15,0.5,84.98019986830363,19.48291530823132,-17.906661804284216,-37.38957711251554,37.38957711251553,0.3400410200158424,-0.312530206525868,-0.6525712265417105,0.6525712265417104,1.9375,experiment_data_subject0007.csv,35.77,1,中,False,False
0007,pendulumStimulus,block,pendulum,12.249999999982244,4.186465708941215,oscillation,2.058893306720752,1.9036310771480205,0.035829745286015,0.1194324842867167,8.619486226955015,7.969486226955015,0.15,0.5,46.567463442174486,12.138536092697588,27.989227065477404,15.850690972779814,15.850690972779814,0.2118574211897405,0.4885041673808912,0.2766467461911506,0.2766467461911506,2.6203000000715257,experiment_data_subject0007.csv,12.25,0,低,False,False
0007,pendulumStimulus,block,pendulum,12.25000000000141,4.186465708941512,oscillation,1.8379131221023572,1.6826508925296366,0.0358297452860124,0.1194324842867082,7.694360261695153,7.044360261695153,0.15,0.5,46.56746344221306,-1.0486270384555372,-22.435881378186437,-21.38725433973089,21.387254339730895,-0.0183019944464863,-0.3915800006362363,-0.37327800618975,0.37327800618975,1.951,experiment_data_subject0007.csv,12.25,0,低,False,False
0007,pendulumStimulus,block,pendulum,12.250000000011925,4.186465708941675,oscillation,1.6308309348111163,1.475568705238402,0.035829745286011,0.1194324842867035,6.827417785668036,6.177417785668036,0.15,0.5,46.56746344223424,-3.964890521980497,8.753860373905255,12.718750895885751,12.718750895885751,-0.0692003940896762,0.1527836857845086,0.2219840798741848,0.2219840798741848,0.9018000000715256,experiment_data_subject0007.csv,12.25,0,低,False,False
0007,pendulumStimulus,block,pendulum,12.250000000009909,4.186465708941643,oscillation,1.386341276187184,1.231079046614468,0.0358297452860113,0.1194324842867045,5.803870213648042,5.153870213648042,0.15,0.5,46.56746344223016,15.921868145292406,12.757523702028251,-3.164344443264155,3.164344443264153,0.2778890222037554,0.222660793001609,-0.0552282292021464,0.0552282292021463,0.871,experiment_data_subject0007.csv,12.25,0,低,False,False
0007,pendulumStimulus,block,pendulum,12.249999999990903,4.186465708941349,oscillation,2.021842470932497,1.8665802413597703,0.0358297452860138,0.1194324842867128,8.464374173440145,7.814374173440146,0.15,0.5,46.56746344219192,18.946403520150064,15.332467533239756,-3.613935986910308,3.613935986910308,0.3306771228380624,0.2676020409101668,-0.0630750819278955,0.0630750819278955,2.9082000000476835,experiment_data_subject0007.csv,12.25,0,低,False,False
0007,pendulumStimulus,block,pendulum,3.4299999999902835,4.059199382272173,oscillation,1.5461611436744214,1.386031044414267,0.0369530998292663,0.1231769994308879,6.276176359296447,5.626176359296447,0.15,0.5,24.146847996467667,11.547111397179227,4.18128374111417,-7.365827656065056,7.3658276560650595,0.2015351129753401,0.0729771682425484,-0.1285579447327917,0.1285579447327917,0.8301000000238419,experiment_data_subject0007.csv,3.43,0,低,False,False
0007,pendulumStimulus,block,pendulum,3.4299999999987816,4.059199382272287,oscillation,1.4975039897085116,1.3373738904483616,0.0369530998292653,0.1231769994308844,6.0786672699750754,5.428667269975075,0.15,0.5,24.146847996498032,-3.95413863515849,-0.1973976633281102,3.75674097183038,3.75674097183038,-0.0690127382638304,-0.0034452391608187,0.0655674991030116,0.0655674991030116,1.0646000000238418,experiment_data_subject0007.csv,3.43,0,低,False,False
0007,pendulumStimulus,block,pendulum,3.4299999999970114,4.059199382272263,oscillation,2.0516675788507754,1.8915374795906248,0.0369530998292655,0.1231769994308851,8.328127768699098,7.678127768699097,0.15,0.5,24.146847996491708,11.30529294662945,12.431713531204448,1.1264205845749975,1.1264205845749993,0.1973145848211754,0.2169743327842484,0.0196597479630729,0.0196597479630729,1.552899999976158,experiment_data_subject0007.csv,3.43,0,低,False,False
0007,pendulumStimulus,block,pendulum,3.430000000001871,4.059199382272329,oscillation,1.537809961807814,1.3776798625476658,0.0369530998292649,0.1231769994308831,6.242277247022512,5.592277247022512,0.15,0.5,24.14684799650908,8.49824538246085,7.767360659082635,-0.7308847233782154,0.7308847233782154,0.1483223625663466,0.1355660176908687,-0.0127563448754778,0.0127563448754778,1.0823999999761582,experiment_data_subject0007.csv,3.43,0,低,False,False
0007,pendulumStimulus,block,pendulum,3.429999999996049,4.05919938227225,oscillation,2.0247976680816118,1.86466756882146,0.0369530998292656,0.1231769994308855,8.219057443503168,7.569057443503168,0.15,0.5,24.146847996488276,-9.106953972184884,-4.956874623867588,4.150079348317295,4.150079348317295,-0.1589463316422023,-0.0865137827950449,0.0724325488471573,0.0724325488471573,1.3677999999523165,experiment_data_subject0007.csv,3.43,0,低,False,False
0007,pendulumStimulus,block,pendulum,73.99000000000197,7.2875466641281585,oscillation,1.9816560674390016,1.8924628135282544,0.0205830585947877,0.0686101953159592,14.44141106371442,13.79141106371442,0.15,0.5,152.56075984932514,48.29622442828536,-0.6025687262723205,-48.89879315455769,48.89879315455769,0.8429281325556955,-0.0105168082430004,-0.8534449407986961,0.8534449407986961,3.622100000023842,experiment_data_subject0007.csv,73.99,2,高,False,False
0007,pendulumStimulus,block,pendulum,73.98999999999316,7.287546664125708,oscillation,1.4850226972649363,1.3958294433541596,0.0205830585947946,0.0686101953159822,10.82217220360405,10.172172203604047,0.15,0.5,152.56075984929723,-21.47050787762497,-19.76242069441661,1.7080871832083633,1.7080871832083633,-0.3747310545399355,-0.3449193092818339,0.0298117452581015,0.0298117452581015,0.9312000000476836,experiment_data_subject0007.csv,73.99,2,高,False,False
0007,pendulumStimulus,block,pendulum,73.98999999998739,7.287546664124098,oscillation,1.2646003166611064,1.1754070627503097,0.0205830585947992,0.0686101953159974,9.215833819133923,8.565833819133923,0.15,0.5,152.5607598492789,-102.2400102500812,-102.52334543135892,-0.2833351812777259,0.2833351812777131,-1.784424806136668,-1.7893699379366992,-0.0049451318000313,0.004945131800031,2.991,experiment_data_subject0007.csv,73.99,2,高,False,False
0007,pendulumStimulus,block,pendulum,73.9899999999932,7.287546664125715,oscillation,1.6716559933430075,1.5824627394322306,0.0205830585947946,0.0686101953159822,12.182271057852594,11.532271057852594,0.15,0.5,152.56075984929734,-73.28648681659831,-47.72959211704609,25.556894699552224,25.556894699552227,-1.2790904921690582,-0.833038533076385,0.4460519590926732,0.4460519590926733,2.0275,experiment_data_subject0007.csv,73.99,2,高,False,False
0007,pendulumStimulus,block,pendulum,73.98999999998975,7.287546664124757,oscillation,1.3913009363623945,1.3021076824516058,0.0205830585947973,0.0686101953159912,10.139170497581418,9.489170497581418,0.15,0.5,152.56075984928637,57.28936647390744,55.74513956222688,-1.5442269116805662,1.5442269116805791,0.999888071351339,0.9729362273446094,-0.0269518440067295,0.0269518440067297,3.3495,experiment_data_subject0007.csv,73.99,2,高,False,False
0007,pendulumStimulus,block,pendulum,38.70999999997702,4.724659585306799,oscillation,1.5608710142377715,1.4232949649449438,0.0317483190675756,0.1058277302252522,7.374584198846033,6.724584198846032,0.15,0.5,89.28378410377147,-28.56212525998887,-47.04416707275682,-18.482041812767942,18.482041812767942,-0.4985031271538472,-0.8210756092779092,-0.322572482124062,0.322572482124062,2.265899999976158,experiment_data_subject0007.csv,38.71,1,中,False,False
0007,pendulumStimulus,block,pendulum,38.7100000000119,4.724659585307749,oscillation,1.6228184684704663,1.4852424191776663,0.0317483190675692,0.1058277302252309,7.667264832273431,7.017264832273431,0.15,0.5,89.28378410382246,-44.5129898527784,-42.05330912297976,2.4596807297986465,2.4596807297986465,-0.7768982328378091,-0.7339687055549657,0.0429295272828433,0.0429295272828433,1.9856000000238416,experiment_data_subject0007.csv,38.71,1,中,False,False
0007,pendulumStimulus,block,pendulum,38.71000000001529,4.724659585307841,oscillation,2.036726327479223,1.8991502781864256,0.0317483190675686,0.1058277302252288,9.622838565773549,8.972838565773548,0.15,0.5,89.28378410382741,-33.29657668048556,-28.846291447430488,4.450285233055072,4.450285233055072,-0.581134892717237,-0.5034627627475428,0.0776721299696941,0.0776721299696941,1.509600000023842,experiment_data_subject0007.csv,38.71,1,中,False,False
0007,pendulumStimulus,block,pendulum,38.71000000001188,4.724659585307748,oscillation,1.8911627653114176,1.7535867160186172,0.0317483190675692,0.1058277302252309,8.935100286505696,8.285100286505696,0.15,0.5,89.28378410382241,44.9103393746591,43.75389702607975,-1.1564423485793471,1.1564423485793534,0.7838332902758525,0.7636495636836469,-0.0201837265922055,0.0201837265922056,1.464399999976158,experiment_data_subject0007.csv,38.71,1,中,False,False
0007,pendulumStimulus,block,pendulum,38.70999999998376,4.7246595853069815,oscillation,1.9396151784866948,1.802039129193872,0.0317483190675744,0.1058277302252481,9.164021444844074,8.514021444844074,0.15,0.5,89.28378410378131,55.3365853043145,31.958098173144407,-23.37848713117009,23.37848713117009,0.9658056103709962,0.5577740357969547,-0.4080315745740415,0.4080315745740415,1.599899999976158,experiment_data_subject0007.csv,38.71,1,中,False,False
0007,pendulumStimulus,block,pendulum,15.189999999976587,4.233160722010175,oscillation,2.1440546488700587,1.990505080902949,0.0354345156847175,0.1181150522823919,9.07612792544005,8.42612792544005,0.15,0.5,52.22951041132093,11.17950940602828,28.89836363764019,17.718854231611907,17.718854231611914,0.1951192478928691,0.5043715939154269,0.3092523460225577,0.3092523460225578,0.6725,experiment_data_subject0007.csv,15.19,0,低,False,False
0007,pendulumStimulus,block,pendulum,15.190000000020497,4.233160722010891,oscillation,1.5078485782103506,1.3542990102432668,0.0354345156847116,0.118115052282372,6.382965376020023,5.732965376020022,0.15,0.5,52.22951041140213,11.331414235581786,0.5962979632076048,-10.735116272374182,10.73511627237418,0.1977704873182585,0.0104073627809087,-0.1873631245373498,0.1873631245373498,0.5658000000715255,experiment_data_subject0007.csv,15.19,0,低,False,False
0007,pendulumStimulus,block,pendulum,15.189999999984453,4.233160722010304,oscillation,2.042545838685158,1.888996270718053,0.0354345156847165,0.1181150522823883,8.646424817227604,7.996424817227605,0.15,0.5,52.22951041133548,-31.89722362430921,-28.706925272928515,3.19029835138069,3.19029835138069,-0.5567115744891145,-0.5010303641365744,0.05568121035254,0.05568121035254,0.6157999999523163,experiment_data_subject0007.csv,15.19,0,低,False,False
0007,pendulumStimulus,block,pendulum,15.189999999995257,4.23316072201048,oscillation,1.7626189647087869,1.6090693967416885,0.035434515684715,0.1181150522823834,7.461449369276012,6.811449369276012,0.15,0.5,52.22951041135545,27.767935194690644,19.069191339899078,-8.698743854791571,8.698743854791571,0.4846418956277644,0.3328201745740279,-0.1518217210537364,0.1518217210537364,0.7161999999284744,experiment_data_subject0007.csv,15.19,0,低,False,False
0007,pendulumStimulus,block,pendulum,15.190000000006936,4.23316072201067,oscillation,1.8036395478373368,1.6500899798702449,0.0354345156847134,0.1181150522823781,7.635096090570098,6.985096090570098,0.15,0.5,52.229510411377056,22.600147442208232,20.21806126732429,-2.382086174883937,2.382086174883937,0.3944469843027085,0.3528717374847464,-0.0415752468179621,0.0415752468179621,1.428,experiment_data_subject0007.csv,15.19,0,低,False,False
0008,pendulumStimulus,block,pendulum,9.310000000015783,4.142033564160669,oscillation,1.882683889510636,1.725756141357124,0.0362140957277335,0.1207136524257786,7.798139861057611,7.148139861057611,0.15,0.5,40.314909174744415,8.417223604357389,12.663924971859954,4.246701367502566,4.246701367502566,0.1469082657726209,0.2210271869844864,0.0741189212118655,0.0741189212118655,3.0105,experiment_data_subject0008.csv,9.31,0,低,False,False
0008,pendulumStimulus,block,pendulum,9.309999999992792,4.14203356416033,oscillation,2.0636502146148854,1.9067224664613605,0.0362140957277365,0.1207136524257885,8.547708453621523,7.897708453621523,0.15,0.5,40.31490917469248,5.3231056767582094,20.06481619524136,14.74171051848315,14.741710518483153,0.0929057204910317,0.350197106414443,0.2572913859234113,0.2572913859234114,3.3065,experiment_data_subject0008.csv,9.31,0,低,False,False
0008,pendulumStimulus,block,pendulum,9.310000000010232,4.142033564160587,oscillation,1.822647710832365,1.6657199626788497,0.0362140957277343,0.120713652425781,7.549467993908117,6.899467993908116,0.15,0.5,40.31490917473187,-26.275951312874863,-8.96988737435233,17.306063938522534,17.306063938522534,-0.4586018645033931,-0.1565540682155173,0.3020477962878757,0.3020477962878757,3.8093999999985098,experiment_data_subject0008.csv,9.31,0,低,False,False
0008,pendulumStimulus,block,pendulum,9.31000000000954,4.1420335641605766,oscillation,1.870590791142144,1.713663042988628,0.0362140957277343,0.1207136524257813,7.748049841720447,7.098049841720447,0.15,0.5,40.31490917473031,-15.560858474427809,-10.347153957642746,5.213704516785062,5.213704516785062,-0.2715882148156271,-0.1805919047716278,0.0909963100439992,0.0909963100439992,3.059200000001117,experiment_data_subject0008.csv,9.31,0,低,False,False
0008,pendulumStimulus,block,pendulum,9.31000000000112,4.142033564160452,oscillation,2.0353010569592693,1.8783733088057488,0.0362140957277354,0.1207136524257849,8.430285291096538,7.780285291096537,0.15,0.5,40.314909174711296,-17.54136616846547,-8.270768601506088,9.270597566959385,9.270597566959385,-0.3061545949376648,-0.144352143766848,0.1618024511708167,0.1618024511708167,2.602,experiment_data_subject0008.csv,9.31,0,低,False,False
0008,pendulumStimulus,block,pendulum,21.069999999988266,4.334270153866366,oscillation,1.4250222890576074,1.2750547104515135,0.0346079027552523,0.1153596758508413,6.176431576056717,5.526431576056717,0.15,0.5,62.451454040496536,-39.85909680680753,-48.01278381050893,-8.153687003701403,8.153687003701403,-0.6956724761499495,-0.8379811605416101,-0.1423086843916605,0.1423086843916605,2.841300000000745,experiment_data_subject0008.csv,21.07,0,低,False,False
0008,pendulumStimulus,block,pendulum,21.06999999999239,4.3342701538664405,oscillation,1.9820344076895784,1.8320668290834876,0.0346079027552517,0.1153596758508393,8.59067257718529,7.940672577185289,0.15,0.5,62.45145404050333,-17.021255775769916,-26.17293092376089,-9.15167514799098,9.151675147990971,-0.2970769561112866,-0.4568038195166685,-0.1597268634053819,0.1597268634053817,2.016,experiment_data_subject0008.csv,21.07,0,低,False,False
0008,pendulumStimulus,block,pendulum,21.069999999984447,4.334270153866297,oscillation,1.3423302167964848,1.192362638190389,0.0346079027552529,0.1153596758508431,5.81802179529388,5.168021795293879,0.15,0.5,62.45145404049023,43.16843605197987,30.289521662857684,-12.878914389122182,12.878914389122178,0.7534313420436707,0.5286518818710144,-0.2247794601726562,0.2247794601726561,2.55610000000149,experiment_data_subject0008.csv,21.07,0,低,False,False
0008,pendulumStimulus,block,pendulum,21.06999999998042,4.334270153866224,oscillation,1.821157602726832,1.6711900241207331,0.0346079027552535,0.115359675850845,7.8933890429854685,7.243389042985468,0.15,0.5,62.45145404048359,-15.65707754146311,-32.48257535507053,-16.82549781360742,16.825497813607427,-0.2732675543385902,-0.5669278894731469,-0.2936603351345566,0.2936603351345567,2.0130999999996275,experiment_data_subject0008.csv,21.07,0,低,False,False
0008,pendulumStimulus,block,pendulum,26.95000000001836,4.447612408439804,oscillation,2.120797681758544,1.97465185332112,0.0337259604086362,0.1124198680287873,9.43248608517967,8.78248608517967,0.15,0.5,71.79004313574522,-37.93591751698778,3.270485972674353,41.20640348966213,41.20640348966214,-0.6621066654364286,0.0570807483634567,0.7191874137998854,0.7191874137998855,1.2722000000011175,experiment_data_subject0008.csv,26.95,0,低,False,False
0008,pendulumStimulus,block,pendulum,26.950000000018075,4.447612408439798,oscillation,1.1681604950189504,1.0220146665815264,0.0337259604086362,0.1124198680287875,5.19552511269546,4.54552511269546,0.15,0.5,71.79004313574481,-2.6987489128757023,-2.427670897539667,0.2710780153360351,0.2710780153360351,-0.0471020542142985,-0.042370850316913,0.0047312038973854,0.0047312038973854,1.3341999999992549,experiment_data_subject0008.csv,26.95,0,低,False,False
0008,pendulumStimulus,block,pendulum,26.949999999981628,4.447612408439052,oscillation,2.145994973039643,1.9998491446021944,0.0337259604086419,0.1124198680288064,9.544553870538945,8.894553870538944,0.15,0.5,71.79004313568873,7.369456953421252,17.61075020427043,10.24129325084918,10.24129325084918,0.1286212879211912,0.3073655748107829,0.1787442868895917,0.1787442868895917,1.5755999999996275,experiment_data_subject0008.csv,26.95,0,低,False,False
0008,pendulumStimulus,block,pendulum,26.950000000009165,4.447612408439616,oscillation,1.571030390818042,1.424884562380612,0.0337259604086376,0.1124198680287921,6.987334260238062,6.337334260238062,0.15,0.5,71.7900431357311,48.08561738856328,57.20511188013737,9.119494491574091,9.119494491574091,0.8392523462846667,0.9984175512801208,0.1591652049954541,0.1591652049954541,2.653,experiment_data_subject0008.csv,26.95,0,低,False,False
0008,pendulumStimulus,block,pendulum,26.950000000006437,4.44761240843956,oscillation,1.6502462510451663,1.5041004226077348,0.033725960408638,0.1124198680287935,7.339655703129347,6.689655703129347,0.15,0.5,71.79004313572689,10.017899559385224,-13.890488389856191,-23.908387949241416,23.908387949241416,0.1748453314453613,-0.2424347571130362,-0.4172800885583976,0.4172800885583976,1.785199999999255,experiment_data_subject0008.csv,26.95,0,低,False,False
0008,pendulumStimulus,block,pendulum,41.64999999998655,4.80817510827509,oscillation,1.170300051096663,1.0351136268582195,0.0311968671319484,0.1039895571064949,5.627007574896041,4.9770075748960405,0.15,0.5,93.58332169845228,-50.576514948955904,-50.194432078575566,0.38208287038033,0.38208287038033,-0.8827267100434123,-0.8760581059398048,0.0066686041036074,0.0066686041036074,3.116300000000745,experiment_data_subject0008.csv,41.65,1,中,False,False
0008,pendulumStimulus,block,pendulum,41.64999999999459,4.808175108275329,oscillation,2.03045243047347,1.8952660062350333,0.0311968671319469,0.1039895571064897,9.762770834739682,9.11277083473968,0.15,0.5,93.58332169846406,-52.54294973997042,-14.620860275558474,37.92208946441193,37.92208946441195,-0.917047471672382,-0.2551821512825408,0.6618653203898412,0.6618653203898415,1.440800000000745,experiment_data_subject0008.csv,41.65,1,中,False,False
0008,pendulumStimulus,block,pendulum,41.65000000002975,4.80817510827637,oscillation,1.2764805802067607,1.1412941559683532,0.0311968671319401,0.1039895571064672,6.137542151948326,5.487542151948325,0.15,0.5,93.58332169851552,-58.981882597988495,-48.87771265264952,10.104169945338985,10.104169945338985,-1.0294280503596462,-0.8530770166324255,0.1763510337272207,0.1763510337272207,2.1599000000003725,experiment_data_subject0008.csv,41.65,1,中,False,False
0008,pendulumStimulus,block,pendulum,41.649999999984615,4.808175108275033,oscillation,1.3519017600843923,1.2167153358459473,0.0311968671319488,0.1039895571064961,6.50018039167098,5.85018039167098,0.15,0.5,93.58332169844944,-14.543144605842478,-12.408770855798371,2.1343737500441087,2.1343737500441087,-0.2538257569656042,-0.216573907559196,0.0372518494064081,0.0372518494064081,2.148699999999255,experiment_data_subject0008.csv,41.65,1,中,False,False
0008,pendulumStimulus,block,pendulum,41.65000000003859,4.808175108276632,oscillation,1.339121693504767,1.203935269266367,0.0311968671319384,0.1039895571064615,6.438731593662871,5.78873159366287,0.15,0.5,93.5833216985285,-56.20744859573272,-16.458443737769006,39.74900485796371,39.74900485796371,-0.981005042140999,-0.2872540329783113,0.6937510091626877,0.6937510091626877,1.6404000000003724,experiment_data_subject0008.csv,41.65,1,中,False,False
0008,pendulumStimulus,block,pendulum,50.47000000000581,5.1106799991685286,oscillation,2.1229524586446624,1.995767817832529,0.0293503017258767,0.0978343390862559,10.849730669580929,10.199730669580928,0.15,0.5,106.70834371566411,-26.133673472113674,21.23874636032965,47.37241983244332,47.37241983244332,-0.4561186477294821,0.3706860529837144,0.8268047007131964,0.8268047007131964,2.0009000000003727,experiment_data_subject0008.csv,50.47,1,中,False,False
0008,pendulumStimulus,block,pendulum,50.469999999983,5.110679999167618,oscillation,1.349351464966711,1.2221668241545558,0.029350301725882,0.0978343390862733,6.896103543852896,6.246103543852896,0.15,0.5,106.7083437156293,38.08426731061064,21.85840840653239,-16.22585890407825,16.22585890407825,0.6646958577798017,0.3815011959395974,-0.2831946618402042,0.2831946618402042,1.83360000000149,experiment_data_subject0008.csv,50.47,1,中,False,False
0008,pendulumStimulus,block,pendulum,50.47000000004016,5.110679999169899,oscillation,1.3596366368796375,1.2324519960675389,0.0293503017258689,0.0978343390862297,6.948667766239391,6.29866776623939,0.15,0.5,106.70834371571652,52.57819556378883,36.82948658378986,-15.748708979998971,15.748708979998971,0.9176626273455912,0.6427958027062115,-0.2748668246393798,0.2748668246393798,1.6104000000003724,experiment_data_subject0008.csv,50.47,1,中,False,False
0008,pendulumStimulus,block,pendulum,50.47000000003487,5.1106799991696885,oscillation,1.524213856514891,1.397029215702787,0.0293503017258701,0.0978343390862337,7.789769270947951,7.139769270947951,0.15,0.5,106.70834371570844,-33.39891287892516,-20.779630660948705,12.619282217976457,12.619282217976451,-0.5829209963239823,-0.3626729723819203,0.2202480239420619,0.2202480239420618,1.3181000000014902,experiment_data_subject0008.csv,50.47,1,中,False,False
0008,pendulumStimulus,block,pendulum,50.470000000023575,5.110679999169238,oscillation,2.0086026682615143,1.8814180274493992,0.0293503017258727,0.0978343390862423,10.265325482962083,9.615325482962083,0.15,0.5,106.70834371569124,-20.96741304156535,-18.457184546315137,2.5102284952502134,2.510228495250217,-0.365950393200914,-0.322138640981415,0.043811752219499,0.0438117522194991,1.702,experiment_data_subject0008.csv,50.47,1,中,False,False
0008,pendulumStimulus,block,pendulum,3.430000000000179,4.059199382272306,oscillation,1.890239643498225,1.7301095442380756,0.0369530998292651,0.1231769994308838,7.672859593234618,7.022859593234617,0.15,0.5,24.146847996503027,-12.07900429132153,-8.10661777714104,3.9723865141804913,3.9723865141804913,-0.210818395246085,-0.141487171411815,0.0693312238342699,0.0693312238342699,1.677699999999255,experiment_data_subject0008.csv,3.43,0,低,False,False
0008,pendulumStimulus,block,pendulum,3.4300000000028805,4.059199382272342,oscillation,1.8812715165381249,1.7211414172779769,0.0369530998292648,0.1231769994308827,7.636456177818108,6.986456177818107,0.15,0.5,24.146847996512683,2.953007114330048,2.1398516490836506,-0.8131554652463975,0.813155465246397,0.0515396969798759,0.03734745678074,-0.0141922401991359,0.0141922401991359,1.162,experiment_data_subject0008.csv,3.43,0,低,False,False
0008,pendulumStimulus,block,pendulum,3.43000000000298,4.059199382272344,oscillation,1.5812695614126435,1.421139462152496,0.0369530998292648,0.1231769994308827,6.418688426892263,5.768688426892263,0.15,0.5,24.146847996513028,2.285054864892777,2.1398516490836506,-0.1452032158091273,0.1452032158091269,0.0398817309810931,0.03734745678074,-0.0025342742003531,0.0025342742003531,0.887300000000745,experiment_data_subject0008.csv,3.43,0,低,False,False
0008,pendulumStimulus,block,pendulum,3.429999999990453,4.059199382272175,oscillation,1.6679817150411187,1.5078516157809645,0.0369530998292663,0.1231769994308878,6.770670347336193,6.120670347336192,0.15,0.5,24.146847996468274,-14.19899532239797,-10.148771675910345,4.050223646487626,4.050223646487626,-0.2478192188511183,-0.1771294807777783,0.0706897380733399,0.0706897380733399,1.2405,experiment_data_subject0008.csv,3.43,0,低,False,False
0008,pendulumStimulus,block,pendulum,3.4300000000038406,4.059199382272355,oscillation,2.1187099452194675,1.9585798459593209,0.0369530998292647,0.1231769994308824,8.600266100849158,7.950266100849158,0.15,0.5,24.146847996516108,-3.117181105307563,-5.679240388433149,-2.5620592831255853,2.5620592831255853,-0.054405073668573,-0.0991214437904001,-0.044716370121827,0.044716370121827,1.0227000000011175,experiment_data_subject0008.csv,3.43,0,低,False,False
0008,pendulumStimulus,block,pendulum,47.53000000000552,4.999536822392912,oscillation,1.9015352562818075,1.771523212548345,0.0300027793231065,0.1000092644103552,9.506795532859238,8.856795532859238,0.15,0.5,102.26889899596482,19.3863766146092,23.786188042380825,4.399811427771625,4.3998114277716285,0.3383561019565623,0.4151472978380499,0.0767911958814875,0.0767911958814876,1.692199999999255,experiment_data_subject0008.csv,47.53,1,中,False,False
0008,pendulumStimulus,block,pendulum,47.52999999999764,4.9995368223926295,oscillation,1.43043436108189,1.3004223173484206,0.0300027793231082,0.1000092644103609,7.151509260244583,6.501509260244583,0.15,0.5,102.26889899595302,-19.248653172710352,-11.104476553950615,8.14417661875974,8.144176618759738,-0.3359523744382484,-0.1938096775769519,0.1421426968612964,0.1421426968612964,2.100699999999255,experiment_data_subject0008.csv,47.53,1,中,False,False
0008,pendulumStimulus,block,pendulum,47.52999999998367,4.999536822392129,oscillation,1.1399587802406,1.0099467365071175,0.0300027793231112,0.1000092644103709,5.699265897822096,5.049265897822096,0.15,0.5,102.26889899593212,0.8910203641115325,-8.380299427358063,-9.271319791469596,9.271319791469594,0.0155512390560649,-0.1462638173103935,-0.1618150563664585,0.1618150563664585,1.452,experiment_data_subject0008.csv,47.53,1,中,False,False
0008,pendulumStimulus,block,pendulum,47.53000000001648,4.9995368223933045,oscillation,1.8898119602634795,1.759799916530028,0.0300027793231042,0.1000092644103474,9.448184482736538,8.798184482736538,0.15,0.5,102.2688989959812,26.08264407912723,7.690255490646188,-18.39238858848104,18.39238858848104,0.4552280168065745,0.1342202786313479,-0.3210077381752265,0.3210077381752265,1.2895,experiment_data_subject0008.csv,47.53,1,中,False,False
0008,pendulumStimulus,block,pendulum,47.53000000001418,4.999536822393222,oscillation,1.4374253628592255,1.3074133191257715,0.0300027793231047,0.100009264410349,7.186461031056636,6.536461031056636,0.15,0.5,102.26889899597778,5.248684082574562,23.926919590329472,18.67823550775491,18.67823550775491,0.091606818637944,0.417603526711182,0.325996708073238,0.325996708073238,1.97810000000149,experiment_data_subject0008.csv,47.53,1,中,False,False
0008,pendulumStimulus,block,pendulum,44.5899999999978,4.899324052705736,oscillation,2.0162824365150254,1.8836110734846443,0.0306164683916263,0.1020548946387545,9.87842103826619,9.22842103826619,0.15,0.5,97.90320773348134,41.75466595928309,39.20325779733232,-2.551408161950767,2.551408161950767,0.7287563990598864,0.6842259260715888,-0.0445304729882975,0.0445304729882975,1.5665999999996274,experiment_data_subject0008.csv,44.59,1,中,False,False
0008,pendulumStimulus,block,pendulum,44.59000000002327,4.899324052706563,oscillation,1.333913895378619,1.2012425323482605,0.0306164683916212,0.1020548946387373,6.535276431867973,5.885276431867973,0.15,0.5,97.90320773351893,-2.325080740073936,25.059106186881586,27.38418692695552,27.384186926955525,-0.0405803142889966,0.4373639105679651,0.4779442248569617,0.4779442248569618,1.627199999999255,experiment_data_subject0008.csv,44.59,1,中,False,False
0008,pendulumStimulus,block,pendulum,44.5899999999722,4.899324052704905,oscillation,1.3294110387403812,1.1967396757099775,0.0306164683916315,0.1020548946387718,6.513215478032163,5.863215478032163,0.15,0.5,97.90320773344358,-37.18662856868902,-16.903341913652806,20.28328665503621,20.28328665503621,-0.6490291062398097,-0.2950189709836004,0.3540101352562092,0.3540101352562092,1.331800000000745,experiment_data_subject0008.csv,44.59,1,中,False,False
0008,pendulumStimulus,block,pendulum,44.58999999997904,4.899324052705127,oscillation,1.422646283249208,1.2899749202188104,0.0306164683916301,0.1020548946387672,6.970005154014396,6.320005154014396,0.15,0.5,97.90320773345364,64.3943210113282,38.9258500364576,-25.46847097487061,25.46847097487061,1.123892921233842,0.6793842472737399,-0.4445086739601021,0.4445086739601021,2.3280999999996275,experiment_data_subject0008.csv,44.59,1,中,False,False
0008,pendulumStimulus,block,pendulum,44.59000000000291,4.899324052705902,oscillation,1.647842803581434,1.5151714405510577,0.0306164683916253,0.1020548946387511,8.073315882664847,7.423315882664847,0.15,0.5,97.90320773348888,-34.7787607118867,-21.750524606867472,13.028236105019229,13.028236105019223,-0.6070038841856699,-0.3796182684258826,0.2273856157597872,0.2273856157597871,1.494,experiment_data_subject0008.csv,44.59,1,中,False,False
0008,pendulumStimulus,block,pendulum,68.10999999999747,6.263260624859311,oscillation,1.5911779807790665,1.487398170400411,0.023949187010459,0.0798306233681967,9.965962394156673,9.315962394156672,0.15,0.5,137.51888712456218,-11.715229732918342,-59.10769638958976,-47.39246665667143,47.39246665667143,-0.2044693314669609,-1.0316239152675064,-0.8271545838005454,0.8271545838005454,1.463300000000745,experiment_data_subject0008.csv,68.11,2,高,False,False
0008,pendulumStimulus,block,pendulum,68.10999999998565,6.263260624857945,oscillation,1.735545389717795,1.6317655793391168,0.0239491870104642,0.0798306233682141,10.870173102073204,10.220173102073202,0.15,0.5,137.51888712453658,91.4600909759159,90.44463731258617,-1.0154536633297393,1.0154536633297393,1.5962797217032865,1.5785567118767443,-0.0177230098265419,0.0177230098265419,2.99,experiment_data_subject0008.csv,68.11,2,高,False,False
0008,pendulumStimulus,block,pendulum,68.1099999999762,6.263260624856853,oscillation,1.6960211206603757,1.592241310281679,0.0239491870104684,0.079830623368228,10.622622303957725,9.972622303957724,0.15,0.5,137.5188871245161,-89.44132080491663,-105.28456692203194,-15.843246117115305,15.84324611711533,-1.5610455353783002,-1.8375623443257691,-0.2765168089474692,0.2765168089474696,1.799,experiment_data_subject0008.csv,68.11,2,高,False,False
0008,pendulumStimulus,block,pendulum,68.11000000000628,6.263260624860328,oscillation,1.9564037026281784,1.8526238922495395,0.0239491870104551,0.0798306233681837,12.253466277002024,11.603466277002024,0.15,0.5,137.51888712458123,59.23318241479314,-4.990293804712267,-64.2234762195054,64.2234762195054,1.0338140595725458,-0.0870970575341039,-1.1209111171066497,1.1209111171066497,2.2760999999996274,experiment_data_subject0008.csv,68.11,2,高,False,False
0008,pendulumStimulus,block,pendulum,68.10999999999193,6.263260624858671,oscillation,1.2986483780111775,1.1948685676325113,0.0239491870104614,0.0798306233682048,8.133773251533988,7.483773251533988,0.15,0.5,137.51888712455016,36.77135388881165,75.79060044251483,39.019246553703184,39.019246553703184,0.6417811957757842,1.3227955197853551,0.681014324009571,0.681014324009571,2.614300000000745,experiment_data_subject0008.csv,68.11,2,高,False,False
0008,pendulumStimulus,block,pendulum,24.01000000000993,4.389243040716872,oscillation,1.4592128264350193,1.3111235103569925,0.0341744575564677,0.113914858521559,6.404839743354706,5.754839743354705,0.15,0.5,67.20096872812692,-43.70640878294862,-55.590686531954105,-11.88427774900549,11.884277749005497,-0.762820737485021,-0.9702405134266672,-0.207419775941646,0.2074197759416461,2.266099999999628,experiment_data_subject0008.csv,24.01,0,低,False,False
0008,pendulumStimulus,block,pendulum,24.00999999998317,4.389243040716357,oscillation,1.8794422830553277,1.7313529669772834,0.0341744575564717,0.1139148585215723,8.249328961328658,7.599328961328657,0.15,0.5,67.2009687280845,-0.0739331988417616,-5.5760463690418245,-5.502113170200063,5.502113170200063,-0.0012903777463203,-0.0973203683836546,-0.0960299906373342,0.0960299906373342,1.4855,experiment_data_subject0008.csv,24.01,0,低,False,False
0008,pendulumStimulus,block,pendulum,24.01000000001265,4.3892430407169245,oscillation,1.9431068532732605,1.7950175371952355,0.0341744575564672,0.1139148585215576,8.52876823309902,7.878768233099021,0.15,0.5,67.20096872813123,38.465050181775055,38.98216812071894,0.5171179389438872,0.5171179389438809,0.671341772616818,0.6803671832725159,0.0090254106556978,0.0090254106556977,1.1435999999996276,experiment_data_subject0008.csv,24.01,0,低,False,False
0008,pendulumStimulus,block,pendulum,24.00999999997858,4.389243040716268,oscillation,1.958706213729973,1.8106168976519257,0.0341744575564724,0.1139148585215747,8.597237617421994,7.947237617421995,0.15,0.5,67.20096872807723,18.921839362383345,20.493308198057974,1.5714688356746374,1.5714688356746338,0.3302483974070538,0.3576757026820579,0.0274273052750041,0.027427305275004,1.0855,experiment_data_subject0008.csv,24.01,0,低,False,False
0008,pendulumStimulus,block,pendulum,24.009999999997166,4.389243040716626,oscillation,1.9967642695275525,1.8486749534495173,0.0341744575564696,0.1139148585215654,8.764283673975427,8.114283673975427,0.15,0.5,67.20096872810669,43.88326673265759,28.402322419386262,-15.480944313271316,15.480944313271324,0.765907491015769,0.495714041431292,-0.270193449584477,0.270193449584477,2.3535,experiment_data_subject0008.csv,24.01,0,低,False,False
0008,pendulumStimulus,block,pendulum,15.190000000015417,4.233160722010807,oscillation,2.092059651094853,1.9385100831277668,0.0354345156847123,0.1181150522823743,8.856024743118368,8.206024743118368,0.15,0.5,52.22951041139272,-10.741182360987716,-9.882642618374453,0.8585397426132645,0.8585397426132629,-0.1874689977563737,-0.1724846524885476,0.0149843452678261,0.0149843452678261,2.1445,experiment_data_subject0008.csv,15.19,0,低,False,False
0008,pendulumStimulus,block,pendulum,15.189999999987045,4.2331607220103455,oscillation,1.9366163503689784,1.7830667824018749,0.0354345156847161,0.1181150522823872,8.198008267984985,7.548008267984984,0.15,0.5,52.22951041134028,1.0793555146185574,-3.871758271687405,-4.951113786305962,4.951113786305962,0.0188383075296516,-0.0675749296822703,-0.0864132372119219,0.0864132372119219,2.86,experiment_data_subject0008.csv,15.19,0,低,False,False
0008,pendulumStimulus,block,pendulum,15.19000000000307,4.233160722010607,oscillation,1.40774532564301,1.254195757675916,0.0354345156847139,0.1181150522823799,5.95921221910602,5.30921221910602,0.15,0.5,52.22951041136991,8.583264996177004,5.912092308410321,-2.671172687766682,2.671172687766684,0.1498062347544672,0.1031854764635921,-0.046620758290875,0.046620758290875,2.6424000000003725,experiment_data_subject0008.csv,15.19,0,低,False,False
0008,pendulumStimulus,block,pendulum,15.189999999992729,4.233160722010439,oscillation,1.9385298529485293,1.7849802849814296,0.0354345156847153,0.1181150522823846,8.206108431946387,7.556108431946387,0.15,0.5,52.22951041135078,-6.4689665501386,-3.3427851056047344,3.126181444533865,3.126181444533865,-0.1129047655012974,-0.0583426062794289,0.0545621592218684,0.0545621592218684,2.0205,experiment_data_subject0008.csv,15.19,0,低,False,False
0008,pendulumStimulus,block,pendulum,29.88999999998895,4.509792396991587,oscillation,2.0073570722406022,1.863226269138977,0.0332609545619134,0.1108698485397115,9.05276366243796,8.402763662437959,0.15,0.5,76.26096482561364,-46.87023270129418,-40.9866623084186,5.883570392875578,5.883570392875566,-0.8180398818134993,-0.7153522066849641,0.1026876751285351,0.1026876751285349,2.224300000000745,experiment_data_subject0008.csv,29.89,1,中,False,False
0008,pendulumStimulus,block,pendulum,29.88999999997804,4.509792396991349,oscillation,1.5212546777137852,1.3771238746121526,0.0332609545619152,0.1108698485397174,6.860542779441154,6.210542779441154,0.15,0.5,76.26096482559723,11.991230359647284,-5.958503878009857,-17.94973423765714,17.94973423765714,0.2092864511409488,-0.1039955111641225,-0.3132819623050714,0.3132819623050714,1.371699999999255,experiment_data_subject0008.csv,29.89,1,中,False,False
0008,pendulumStimulus,block,pendulum,29.89000000001516,4.50979239699216,oscillation,1.2278423699707763,1.0837115668691697,0.0332609545619092,0.1108698485396974,5.537314184799042,4.887314184799042,0.15,0.5,76.26096482565308,24.64233729173453,22.69235748247186,-1.9499798092626728,1.9499798092626728,0.4300899211277501,0.3960563531087054,-0.0340335680190446,0.0340335680190446,3.957199999999255,experiment_data_subject0008.csv,29.89,1,中,False,False
0008,pendulumStimulus,block,pendulum,29.89000000003479,4.509792396992589,oscillation,1.235375534665668,1.0912447315640748,0.033260954561906,0.1108698485396869,5.571287193665883,4.921287193665883,0.15,0.5,76.26096482568262,-34.88096668827462,-17.386225303973653,17.494741384300966,17.494741384300966,-0.6087877149888546,-0.3034468760478922,0.3053408389409624,0.3053408389409624,1.8574000000003723,experiment_data_subject0008.csv,29.89,1,中,False,False
0008,pendulumStimulus,block,pendulum,29.889999999975565,4.509792396991295,oscillation,1.9408782482304927,1.796747445128858,0.0332609545619156,0.1108698485397187,8.752957967355659,8.102957967355659,0.15,0.5,76.26096482559349,-14.656972552338797,-17.27486867889322,-2.617896126554424,2.617896126554424,-0.2558124294127489,-0.3015033362963297,-0.0456909068835808,0.0456909068835808,1.2654000000003724,experiment_data_subject0008.csv,29.89,1,中,False,False
0008,pendulumStimulus,block,pendulum,6.369999999989915,4.099668686115592,oscillation,1.8709914143950244,1.7124420169275254,0.0365883224924997,0.1219610749749991,7.670444913586403,7.020444913586402,0.15,0.5,33.12294020771681,-16.634701058233908,-13.834375156232506,2.8003259020014024,2.8003259020014024,-0.2903303035511667,-0.2414553964323621,0.0488749071188045,0.0488749071188045,1.1434000000003726,experiment_data_subject0008.csv,6.37,0,低,False,False
0008,pendulumStimulus,block,pendulum,6.369999999991059,4.099668686115608,oscillation,1.5812284177922202,1.422679020324722,0.0365883224924996,0.1219610749749986,6.482512630018894,5.832512630018893,0.15,0.5,33.12294020771987,-4.094901807324942,5.731420212195345,9.826322019520289,9.826322019520289,-0.0714695190836866,0.1000321535181608,0.1715016726018475,0.1715016726018475,1.3666000000014902,experiment_data_subject0008.csv,6.37,0,低,False,False
0008,pendulumStimulus,block,pendulum,6.369999999994614,4.099668686115658,oscillation,2.125001434684592,1.9664520372170955,0.0365883224924991,0.1219610749749972,8.711801839727269,8.061801839727268,0.15,0.5,33.122940207729386,12.218268484178544,7.668138629282461,-4.550129854896085,4.550129854896085,0.2132490139415723,0.1338342665803438,-0.0794147473612285,0.0794147473612285,0.7986000000014901,experiment_data_subject0008.csv,6.37,0,低,False,False
0008,pendulumStimulus,block,pendulum,6.37000000001199,4.099668686115903,oscillation,1.3449320457697291,1.1863826483022422,0.0365883224924969,0.1219610749749899,5.513775792995959,4.863775792995959,0.15,0.5,33.122940207775855,18.37566666264672,6.3733345630669485,-12.002332099579776,12.002332099579776,0.3207158855121434,0.1112356724566724,-0.209480213055471,0.209480213055471,1.4272000000011176,experiment_data_subject0008.csv,6.37,0,低,False,False
0008,pendulumStimulus,block,pendulum,6.3699999999848655,4.099668686115521,oscillation,1.2680417119812744,1.1094923145137727,0.0365883224925003,0.1219610749750012,5.198550899297947,4.548550899297947,0.15,0.5,33.12294020770331,8.622992929437627,13.954916729827705,5.3319238003900775,5.331923800390078,0.1504996179948776,0.2435592437771334,0.0930596257822557,0.0930596257822558,1.674199999999255,experiment_data_subject0008.csv,6.37,0,低,False,False
0008,pendulumStimulus,block,pendulum,32.82999999998624,4.576276236943942,oscillation,1.882295512043206,1.7402586317621171,0.0327777416033282,0.1092591386777609,8.613904222669554,7.963904222669554,0.15,0.5,80.64796494241646,6.070542914412729,-10.542218921197453,-16.612761835610183,16.612761835610183,0.1059509612401144,-0.1839964306409401,-0.2899473918810546,0.2899473918810546,1.420199999999255,experiment_data_subject0008.csv,32.83,1,中,False,False
0008,pendulumStimulus,block,pendulum,32.83000000001782,4.576276236944682,oscillation,2.011135649083426,1.86909876880236,0.0327777416033229,0.1092591386777432,9.2035122801728,8.5535122801728,0.15,0.5,80.64796494246325,31.32474810075773,11.323898220288848,-20.00084988046888,20.00084988046888,0.5467199917160628,0.1976393081047665,-0.3490806836112962,0.3490806836112962,1.1267999999988825,experiment_data_subject0008.csv,32.83,1,中,False,False
0008,pendulumStimulus,block,pendulum,32.830000000005946,4.576276236944404,oscillation,1.1469096747769705,1.0048727944958955,0.0327777416033249,0.1092591386777498,5.248575490603484,4.598575490603484,0.15,0.5,80.64796494244565,9.449430156107637,26.77222400898124,17.322793852873605,17.322793852873602,0.16492366866132,0.4672634570381986,0.3023397883768786,0.3023397883768785,1.2585,experiment_data_subject0008.csv,32.83,1,中,False,False
0008,pendulumStimulus,block,pendulum,32.83000000000315,4.576276236944338,oscillation,1.315715922190131,1.173679041909054,0.0327777416033254,0.1092591386777514,6.021079509288001,5.371079509288001,0.15,0.5,80.64796494244152,-31.070068625376503,-19.48159659725745,11.588472028119051,11.588472028119051,-0.5422749963334086,-0.3400180041674662,0.2022569921659423,0.2022569921659423,1.8366000000014904,experiment_data_subject0008.csv,32.83,1,中,False,False
0008,pendulumStimulus,block,pendulum,32.83000000002099,4.576276236944756,oscillation,2.105172235433254,1.9631353551521895,0.0327777416033224,0.1092591386777414,9.63384967568907,8.98384967568907,0.15,0.5,80.64796494246794,43.4445683818396,7.340059854458548,-36.10450852738106,36.10450852738106,0.7582507603709262,0.1281082117537574,-0.6301425486171689,0.6301425486171687,1.307699999999255,experiment_data_subject0008.csv,32.83,1,中,False,False
0008,pendulumStimulus,block,pendulum,38.70999999997317,4.724659585306694,oscillation,1.588264452625437,1.450688403332606,0.0317483190675763,0.1058277302252545,7.50400887009866,6.85400887009866,0.15,0.5,89.28378410376584,55.67430076583776,53.9595556872881,-1.714745078549661,1.714745078549661,0.9716998571094696,0.9417719096564092,-0.0299279474530603,0.0299279474530603,2.0455,experiment_data_subject0008.csv,38.71,1,中,False,False
0008,pendulumStimulus,block,pendulum,38.71000000000598,4.724659585307587,oscillation,1.43589017573406,1.2983141264412552,0.0317483190675703,0.1058277302252345,6.784092282230923,6.134092282230923,0.15,0.5,89.28378410381379,-8.264076920792798,-15.093171952746976,-6.829095031954177,6.829095031954176,-0.1442353519059089,-0.2634255451450967,-0.1191901932391877,0.1191901932391877,0.8575,experiment_data_subject0008.csv,38.71,1,中,False,False
0008,pendulumStimulus,block,pendulum,38.7100000000197,4.72465958530796,oscillation,1.4414897403739009,1.3039136910811069,0.0317483190675678,0.1058277302252262,6.810548318980634,6.160548318980633,0.15,0.5,89.28378410383385,-25.39976973127832,-29.427447338109214,-4.027677606830897,4.027677606830897,-0.443309611059202,-0.5136058465072468,-0.0702962354480448,0.0702962354480448,1.0815999999996275,experiment_data_subject0008.csv,38.71,1,中,False,False
0008,pendulumStimulus,block,pendulum,38.70999999996194,4.724659585306387,oscillation,1.346211613487832,1.2086355641949922,0.0317483190675784,0.1058277302252614,6.360391603516064,5.710391603516063,0.15,0.5,89.28378410374943,-42.34168737605032,-15.66209446165198,26.679592914398334,26.67959291439833,-0.7390018555621964,-0.2733551161141958,0.4656467394480006,0.4656467394480005,1.1253000000007451,experiment_data_subject0008.csv,38.71,1,中,False,False
0008,pendulumStimulus,block,pendulum,38.71000000000767,4.724659585307633,oscillation,1.469186095619918,1.331610046327114,0.03174831906757,0.1058277302252335,6.941404169271342,6.291404169271342,0.15,0.5,89.28378410381627,-59.76446113314566,-30.185423099598555,29.579038033547103,29.579038033547103,-1.0430866224535729,-0.526835019195547,0.5162516032580259,0.5162516032580259,1.09589999999851,experiment_data_subject0008.csv,38.71,1,中,False,False
0008,pendulumStimulus,block,pendulum,18.12999999998325,4.282342728140865,oscillation,2.000851707211718,1.8490656309295448,0.0350275560651169,0.1167585202170564,8.568332758466335,7.918332758466335,0.15,0.5,57.486385366749616,-10.399129798176128,-7.522534655751538,2.8765951424245904,2.8765951424245904,-0.1814990543204268,-0.1312929978382425,0.0502060564821843,0.0502060564821843,1.0484000000003726,experiment_data_subject0008.csv,18.13,0,低,False,False
0008,pendulumStimulus,block,pendulum,18.13000000002112,4.282342728141516,oscillation,2.1299673576420166,1.9781812813598665,0.0350275560651116,0.1167585202170387,9.12125022517709,8.471250225177089,0.15,0.5,57.48638536681525,20.119498654698305,6.595325448266129,-13.524173206432176,13.524173206432176,0.3511514953750551,0.1151101443128148,-0.2360413510622402,0.2360413510622402,1.310699999999255,experiment_data_subject0008.csv,18.13,0,低,False,False
0008,pendulumStimulus,block,pendulum,18.12999999998656,4.282342728140922,oscillation,1.561103618382497,1.4093175421003252,0.0350275560651164,0.1167585202170549,6.685180728054766,6.035180728054765,0.15,0.5,57.48638536675534,28.848150019797504,46.21530870306978,17.367158683272283,17.367158683272276,0.5034952009547338,0.8066093016941581,0.3031141007394243,0.3031141007394242,2.0839000000003725,experiment_data_subject0008.csv,18.13,0,低,False,False
0008,pendulumStimulus,block,pendulum,18.13000000001704,4.282342728141446,oscillation,1.4203490234492366,1.2685629471670836,0.0350275560651121,0.1167585202170406,6.082421311990642,5.432421311990642,0.15,0.5,57.48638536680817,-1.216449701544896,1.1495956352699357,2.366045336814832,2.366045336814832,-0.0212310524768607,0.0200642289020162,0.041295281378877,0.041295281378877,1.6110999999996274,experiment_data_subject0008.csv,18.13,0,低,False,False
0008,pendulumStimulus,block,pendulum,18.12999999998555,4.282342728140904,oscillation,1.969413899262457,1.8176278229802847,0.0350275560651166,0.1167585202170554,8.433705290206206,7.783705290206204,0.15,0.5,57.48638536675359,-0.5500991889583722,-12.91383841973633,-12.363739230777956,12.363739230777956,-0.009601042059874,-0.2253889994949404,-0.2157879574350664,0.2157879574350663,1.1087999999988825,experiment_data_subject0008.csv,18.13,0,低,False,False
0008,pendulumStimulus,block,pendulum,35.769999999987114,4.647657590940342,oscillation,1.570121458636931,1.430266061099246,0.0322743225086964,0.1075810750289883,7.297386915932254,6.647386915932254,0.15,0.5,84.98019986830298,-7.40392687024672,-13.344120410275586,-5.940193540028866,5.940193540028866,-0.1292229014626842,-0.2328988369418855,-0.1036759354792012,0.1036759354792012,1.942,experiment_data_subject0008.csv,35.77,1,中,False,False
0008,pendulumStimulus,block,pendulum,35.77000000003855,4.647657590941637,oscillation,2.0581142435765982,1.9182588460389525,0.0322743225086875,0.1075810750289583,9.565410287183882,8.915410287183882,0.15,0.5,84.98019986837845,15.193353761946096,-1.9465515205218509,-17.13990528246795,17.13990528246795,0.2651740475662261,-0.0339737330928082,-0.2991477806590344,0.2991477806590344,1.177699999999255,experiment_data_subject0008.csv,35.77,1,中,False,False
0008,pendulumStimulus,block,pendulum,35.770000000013,4.647657590940994,oscillation,1.4276916528105157,1.2878362552728504,0.0322743225086919,0.1075810750289732,6.635421947707886,5.985421947707886,0.15,0.5,84.98019986834095,32.899902803938105,33.91454220077787,1.014639396839765,1.0146393968397711,0.5742116275148343,0.5919204257101376,0.0177087981953032,0.0177087981953033,1.4204000000003725,experiment_data_subject0008.csv,35.77,1,中,False,False
0008,pendulumStimulus,block,pendulum,35.76999999998863,4.64765759094038,oscillation,1.5950796409960442,1.4552242434583604,0.0322743225086962,0.1075810750289874,7.413384001629721,6.763384001629721,0.15,0.5,84.98019986830518,-47.72037794306128,-35.62871325424282,12.09166468881846,12.091664688818469,-0.8328777154024984,-0.6218383545354808,0.2110393608670177,0.2110393608670178,2.6435,experiment_data_subject0008.csv,35.77,1,中,False,False
0008,pendulumStimulus,block,pendulum,35.77000000001092,4.647657590940941,oscillation,1.988322802724633,1.848467405186966,0.0322743225086923,0.1075810750289744,9.241043567324107,8.591043567324107,0.15,0.5,84.98019986833789,31.997756414827784,13.2120478555923,-18.78570855923548,18.78570855923548,0.5584662026898813,0.2305937360111419,-0.3278724666787393,0.3278724666787393,1.2945,experiment_data_subject0008.csv,35.77,1,中,False,False
0008,pendulumStimulus,block,pendulum,71.0500000000414,6.666037126459757,oscillation,1.4846496912576372,1.3871404833626002,0.0225021248988547,0.0750070829961823,9.896729961710426,9.246729961710423,0.15,0.5,144.340912303965,-44.1014298401758,-42.756168857630726,1.345260982545072,1.3452609825450657,-0.7697151555483442,-0.7462359221043188,0.0234792334440254,0.0234792334440253,1.715,experiment_data_subject0008.csv,71.05,2,高,False,False
0008,pendulumStimulus,block,pendulum,71.04999999999798,6.666037126452633,oscillation,1.2000426719823147,1.1025334640871731,0.0225021248988787,0.0750070829962625,7.999529004761528,7.349529004761528,0.15,0.5,144.34091230385616,94.98154362192663,56.40872039892989,-38.57282322299674,38.57282322299674,1.65774066482924,0.984517897798216,-0.673222767031024,0.673222767031024,1.7005999999996275,experiment_data_subject0008.csv,71.05,2,高,False,False
0008,pendulumStimulus,block,pendulum,71.04999999996646,6.666037126447463,oscillation,2.0867456023043074,1.9892363944090905,0.0225021248988962,0.0750070829963207,13.910323658411484,13.260323658411483,0.15,0.5,144.34091230377717,34.6204219071728,46.90615137467969,12.28572946750689,12.28572946750689,0.6042403507097399,0.8186667809270248,0.2144264302172849,0.2144264302172849,2.965800000000745,experiment_data_subject0008.csv,71.05,2,高,False,False
0008,pendulumStimulus,block,pendulum,71.04999999997293,6.666037126448526,oscillation,1.645543224636641,1.5480340167414397,0.0225021248988926,0.0750070829963087,10.969252228603676,10.319252228603675,0.15,0.5,144.34091230379337,76.57367122800797,46.12330330701137,-30.4503679209966,30.4503679209966,1.3364626832683886,0.8050035046033374,-0.5314591786650512,0.5314591786650512,1.4392000000011176,experiment_data_subject0008.csv,71.05,2,高,False,False
0008,pendulumStimulus,block,pendulum,71.04999999997058,6.66603712644814,oscillation,1.1273879711443509,1.029878763249144,0.0225021248988939,0.075007082996313,7.515210071559288,6.865210071559288,0.15,0.5,144.34091230378746,-10.737091490258418,-14.28772450615369,-3.550633015895272,3.550633015895272,-0.187397598592874,-0.2493678352502627,-0.0619702366573886,0.0619702366573886,1.4304000000003725,experiment_data_subject0008.csv,71.05,2,高,False,False
0008,pendulumStimulus,block,pendulum,12.25000000001598,4.186465708941737,oscillation,1.3723602135011097,1.2170979839283973,0.0358297452860105,0.1194324842867018,5.745338974138358,5.0953389741383575,0.15,0.5,46.56746344224239,-8.15462596473143,-7.188538589549518,0.9660873751819132,0.9660873751819132,-0.1423250723531824,-0.1254636667943083,0.0168614055588741,0.0168614055588741,1.05189999999851,experiment_data_subject0008.csv,12.25,0,低,False,False
0008,pendulumStimulus,block,pendulum,12.250000000010672,4.186465708941656,oscillation,1.4628098330737225,1.307547603501007,0.0358297452860112,0.1194324842867041,6.124003204865806,5.474003204865806,0.15,0.5,46.56746344223171,-2.559957543811045,2.5055593279056865,5.065516871716731,5.065516871716731,-0.0446796878507697,0.0437302598760104,0.0884099477267801,0.0884099477267801,1.1097999999988823,experiment_data_subject0008.csv,12.25,0,低,False,False
0008,pendulumStimulus,block,pendulum,12.250000000010882,4.186465708941658,oscillation,1.7774951956977267,1.6222329661250114,0.0358297452860112,0.119432484286704,7.441422684597075,6.791422684597075,0.15,0.5,46.56746344223213,14.855354127911536,16.304676077592298,1.4493219496807617,1.4493219496807617,0.2592748410817871,0.28457028102514,0.0252954399433528,0.0252954399433528,1.253,experiment_data_subject0008.csv,12.25,0,低,False,False
0008,pendulumStimulus,block,pendulum,12.250000000018364,4.186465708941774,oscillation,1.6535373417005963,1.4982751121278852,0.0358297452860102,0.1194324842867007,6.922477379484283,6.2724773794842825,0.15,0.5,46.5674634422472,9.165868499320084,12.587071413400416,3.421202914080331,3.421202914080331,0.1599745841179671,0.2196858393474935,0.0597112552295264,0.0597112552295264,0.8132000000011176,experiment_data_subject0008.csv,12.25,0,低,False,False
0008,pendulumStimulus,block,pendulum,12.249999999974044,4.186465708941088,oscillation,2.095263466546067,1.9400012369733304,0.035829745286016,0.1194324842867203,8.771748653892143,8.121748653892142,0.15,0.5,46.56746344215799,-0.5109021194659632,-8.215517561211913,-7.70461544174595,7.70461544174595,-0.0089169241400984,-0.1433878311985626,-0.1344709070584641,0.1344709070584641,0.793800000000745,experiment_data_subject0008.csv,12.25,0,低,False,False
0008,pendulumStimulus,block,pendulum,65.16999999998968,5.966582060675574,oscillation,1.9691641555074164,1.860224063275382,0.0251400212843156,0.0838000709477189,11.749179524775917,11.099179524775916,0.15,0.5,131.4908168556317,27.3806907365842,39.79366133465093,12.412970598066728,12.412970598066732,0.4778832048237056,0.6945304117132197,0.216647206889514,0.2166472068895141,1.3755,experiment_data_subject0008.csv,65.17,2,高,False,False
0008,pendulumStimulus,block,pendulum,65.1700000000213,5.966582060678377,oscillation,1.3274990705213492,1.2185589782893658,0.0251400212843038,0.0838000709476795,7.920632139739902,7.270632139739901,0.15,0.5,131.4908168556934,-52.0007387554258,-57.9946118181489,-5.993873062723095,5.993873062723095,-0.9075841047515986,-1.0121969246427132,-0.1046128198911146,0.1046128198911146,1.5315,experiment_data_subject0008.csv,65.17,2,高,False,False
0008,pendulumStimulus,block,pendulum,65.16999999995993,5.966582060672936,oscillation,1.3695188500825362,1.2605787578504533,0.0251400212843267,0.0838000709477559,8.171346602655888,7.521346602655887,0.15,0.5,131.49081685557363,-36.47871562665998,-46.29133113398,-9.81261550732002,9.812615507320029,-0.6366736945839232,-0.8079361434189113,-0.171262448834988,0.1712624488349882,2.227700000001118,experiment_data_subject0008.csv,65.17,2,高,False,False
0008,pendulumStimulus,block,pendulum,65.17000000002614,5.966582060678806,oscillation,1.8601053004058916,1.7511652081739155,0.025140021284302,0.0838000709476735,11.098470916375351,10.448470916375353,0.15,0.5,131.49081685570283,-40.66143239496925,-26.052269214052437,14.609163180916823,14.609163180916823,-0.7096758738692969,-0.4546978754011703,0.2549779984681266,0.2549779984681266,2.708199999999255,experiment_data_subject0008.csv,65.17,2,高,False,False
0008,pendulumStimulus,block,pendulum,65.16999999999797,5.96658206067631,oscillation,1.6284565861243183,1.5195164938922971,0.0251400212843125,0.0838000709477085,9.716319853359543,9.066319853359545,0.15,0.5,131.49081685564786,67.98607602326831,48.882513595227536,-19.10356242804077,19.103562428040767,1.186580872117205,0.8531608088876113,-0.3334200632295938,0.3334200632295936,3.4610999999996275,experiment_data_subject0008.csv,65.17,2,高,False,False
0008,pendulumStimulus,block,pendulum,53.4099999999865,5.235252547606393,oscillation,1.989279588864175,1.8651212996337565,0.0286519128993273,0.0955063763310911,10.41438103550257,9.76438103550257,0.15,0.5,111.25380918533853,49.14909084843183,59.20654696991451,10.05745612148268,10.05745612148268,0.8578134596669488,1.0333491833616804,0.1755357236947315,0.1755357236947315,1.6489000000003726,experiment_data_subject0008.csv,53.41,1,中,False,False
0008,pendulumStimulus,block,pendulum,53.41000000002111,5.23525254760795,oscillation,1.95498603227823,1.8308277430478483,0.0286519128993188,0.0955063763310627,10.234845606022562,9.584845606022562,0.15,0.5,111.25380918539278,47.29004631329093,46.96033705305009,-0.3297092602408393,0.3297092602408393,0.8253670115875327,0.8196124994220152,-0.0057545121655174,0.0057545121655174,2.7490999999996277,experiment_data_subject0008.csv,53.41,1,中,False,False
0008,pendulumStimulus,block,pendulum,53.4099999999609,5.235252547605241,oscillation,2.07783944759799,1.9536811583675444,0.0286519128993336,0.0955063763311121,10.878014261552046,10.228014261552046,0.15,0.5,111.25380918529837,66.02198631312521,66.94883834957693,0.9268520364517148,0.9268520364517274,1.1523010398706668,1.1684776595855637,0.0161766197148969,0.0161766197148971,1.426300000000745,experiment_data_subject0008.csv,53.41,1,中,False,False
0008,pendulumStimulus,block,pendulum,53.41000000001705,5.235252547607769,oscillation,1.3281097285849548,1.2039514393545687,0.0286519128993198,0.095506376331066,6.952989840077047,6.302989840077046,0.15,0.5,111.25380918538642,-30.052780030162893,-22.605680360879795,7.447099669283096,7.447099669283096,-0.5245199609039433,-0.3945435519507724,0.1299764089531708,0.1299764089531708,1.2459000000003726,experiment_data_subject0008.csv,53.41,1,中,False,False
0008,pendulumStimulus,block,pendulum,62.229999999981054,5.732602578905725,oscillation,1.7262092848242012,1.6128227398730814,0.0261661257579507,0.0872204191931691,9.895671797914224,9.245671797914223,0.15,0.5,125.97980059744,-84.5765823919033,-75.10346721202481,9.473115179878482,9.473115179878482,-1.4761398328229736,-1.3108027825134392,0.1653370503095343,0.1653370503095343,1.975800000000745,experiment_data_subject0008.csv,62.23,2,高,False,False
0008,pendulumStimulus,block,pendulum,62.23000000003857,5.732602578909848,oscillation,1.365618235052364,1.2522316901013255,0.0261661257579319,0.0872204191931064,7.828546616067497,7.178546616067496,0.15,0.5,125.97980059754389,13.59020840938288,-9.566744119448504,-23.156952528831383,23.156952528831383,0.2371938827759527,-0.1669711835801821,-0.4041650663561348,0.4041650663561348,1.4094000000003726,experiment_data_subject0008.csv,62.23,2,高,False,False
0008,pendulumStimulus,block,pendulum,62.23000000002217,5.732602578908672,oscillation,1.9616681124016744,1.8482815674506128,0.0261661257579372,0.0872204191931243,11.245463680116746,10.595463680116746,0.15,0.5,125.97980059751428,72.70893867109676,59.81241894427362,-12.896519726823142,12.896519726823142,1.269010375441269,1.0439236441598054,-0.2250867312814635,0.2250867312814635,1.8521000000014904,experiment_data_subject0008.csv,62.23,2,高,False,False
0008,pendulumStimulus,block,pendulum,62.23000000000937,5.732602578907755,oscillation,1.6677784771591708,1.554391932208091,0.0261661257579414,0.0872204191931382,9.56071119920951,8.91071119920951,0.15,0.5,125.97980059749116,87.38129548439238,74.76995317237628,-12.611342312016095,12.611342312016108,1.5250913108607005,1.3049818644199451,-0.2201094464407549,0.2201094464407551,1.8039000000003724,experiment_data_subject0008.csv,62.23,2,高,False,False
0008,pendulumStimulus,block,pendulum,62.23000000001007,5.732602578907805,oscillation,1.8817396078657636,1.7683530629146844,0.0261661257579412,0.0872204191931375,10.787265328884237,10.137265328884236,0.15,0.5,125.9798005974924,41.83136135053749,42.48013573083161,0.6487743802941179,0.6487743802941179,0.7300949861583811,0.7414182351970993,0.0113232490387181,0.0113232490387181,2.093099999999628,experiment_data_subject0008.csv,62.23,2,高,False,False
0008,pendulumStimulus,block,pendulum,56.3499999999887,5.376706026623513,oscillation,1.4884916477040355,1.367599786259234,0.0278981218718773,0.0929937395729244,8.00318201278905,7.353182012789051,0.15,0.5,115.94447977235164,-55.95762758467102,2.7613693588988384,58.718996943569856,58.718996943569856,-0.9766448429573114,0.0481949871764697,1.024839830133781,1.024839830133781,1.0795999999996275,experiment_data_subject0008.csv,56.35,2,高,False,False
0008,pendulumStimulus,block,pendulum,56.34999999999946,5.376706026624068,oscillation,1.1474676470407128,1.0265757855959237,0.0278981218718744,0.0929937395729147,6.16959621319994,5.519596213199939,0.15,0.5,115.94447977236916,-34.32368709837647,-25.61866707472351,8.705020023652958,8.705020023652958,-0.5990613512909682,-0.4471300904261894,0.1519312608647787,0.1519312608647787,1.173699999999255,experiment_data_subject0008.csv,56.35,2,高,False,False
0008,pendulumStimulus,block,pendulum,56.350000000017545,5.376706026624998,oscillation,1.8499856684957263,1.7290938070509585,0.0278981218718696,0.0929937395728987,9.946829092970848,9.296829092970848,0.15,0.5,115.94447977239852,52.02575130236136,44.071732493364905,-7.954018808996454,7.954018808996454,0.9080206560499336,0.7691968390673876,-0.1388238169825461,0.1388238169825461,1.511,experiment_data_subject0008.csv,56.35,2,高,False,False
0008,pendulumStimulus,block,pendulum,56.35000000001759,5.376706026625,oscillation,2.072750050867405,1.9518581894226368,0.0278981218718696,0.0929937395728986,11.144567690186054,10.494567690186054,0.15,0.5,115.94447977239858,45.037695850556496,56.286077020896585,11.248381170340092,11.248381170340092,0.7860560801039989,0.9823773670457666,0.1963212869417677,0.1963212869417677,1.642800000000745,experiment_data_subject0008.csv,56.35,2,高,False,False
0008,pendulumStimulus,block,pendulum,56.3499999999851,5.376706026623327,oscillation,1.9092504536402424,1.7883585921954364,0.0278981218718782,0.0929937395729276,10.265478420420813,9.615478420420812,0.15,0.5,115.9444797723458,-13.676840387434412,-6.430314193447164,7.246526193987247,7.246526193987247,-0.2387058960304673,-0.1122301546133766,0.1264757414170907,0.1264757414170907,1.8195999999996275,experiment_data_subject0008.csv,56.35,2,高,False,False
0008,pendulumStimulus,block,pendulum,73.98999999999832,7.287546664127136,oscillation,1.239512705609793,1.1503194516990334,0.0205830585947906,0.0686101953159688,9.033006682909848,8.383006682909848,0.15,0.5,152.56075984931354,-92.53752791110476,-71.85572277077776,20.68180514032701,20.681805140327025,-1.6150845437049288,-1.2541189487503346,0.3609655949545942,0.3609655949545944,1.6898000000007452,experiment_data_subject0008.csv,73.99,2,高,False,False
0008,pendulumStimulus,block,pendulum,73.9899999999567,7.287546664115561,oscillation,1.978463739988195,1.8892704860772935,0.0205830585948233,0.0686101953160778,14.418146828424566,13.768146828424566,0.15,0.5,152.5607598491815,-73.72685519728238,-82.54965343253879,-8.822798235256412,8.822798235256425,-1.286776370333671,-1.4407632487780406,-0.1539868784443696,0.1539868784443698,1.4783000000007451,experiment_data_subject0008.csv,73.99,2,高,False,False
0008,pendulumStimulus,block,pendulum,73.98999999999039,7.2875466641249345,oscillation,2.0469090208808547,1.957715766970068,0.0205830585947968,0.0686101953159895,14.91694500688751,14.266945006887507,0.15,0.5,152.5607598492884,-70.27973701542487,-100.46951798890652,-30.189780973481632,30.189780973481646,-1.2266128083548968,-1.7535238867980902,-0.5269110784431934,0.5269110784431936,2.267,experiment_data_subject0008.csv,73.99,2,高,False,False
0008,pendulumStimulus,block,pendulum,73.9900000000097,7.287546664130303,oscillation,1.2627318542381678,1.173538600327447,0.0205830585947817,0.068610195315939,9.202217312044432,8.552217312044432,0.15,0.5,152.56075984934964,-72.26425541310961,-46.02880285165716,26.23545256145246,26.23545256145246,-1.2612491884608978,-0.8033541605127725,0.4578950279481253,0.4578950279481253,1.398800000000745,experiment_data_subject0008.csv,73.99,2,高,False,False
0008,pendulumStimulus,block,pendulum,73.99000000001239,7.287546664131057,oscillation,1.2660784233758062,1.1768851694650948,0.0205830585947795,0.0686101953159319,9.226605590800665,8.576605590800664,0.15,0.5,152.5607598493582,-84.43884131449455,-53.0941729169866,31.344668397507945,31.34466839750794,-1.4737357975069465,-0.926668131024618,0.5470676664823284,0.5470676664823283,1.8480999999996277,experiment_data_subject0008.csv,73.99,2,高,False,False
0008,pendulumStimulus,block,pendulum,59.28999999999267,5.539996411479636,oscillation,1.915741447844153,1.7984128519892693,0.0270758298126654,0.0902527660422182,10.613200746379407,9.963200746379409,0.15,0.5,120.83049743177544,-55.02085718671698,-54.02219378814623,0.9986633985707528,0.9986633985707464,-0.960295115177796,-0.9428651507535798,0.017429964424216,0.0174299644242159,1.308,experiment_data_subject0008.csv,59.29,2,高,False,False
0008,pendulumStimulus,block,pendulum,59.28999999998372,5.539996411479097,oscillation,1.3131798200966731,1.1958512242417785,0.027075829812668,0.0902527660422269,7.275011490962338,6.625011490962337,0.15,0.5,120.83049743176016,44.6356380952022,53.88914847053841,9.253510375336203,9.253510375336218,0.7790388484898886,0.9405430719069616,0.161504223417073,0.1615042234170732,1.6379000000003725,experiment_data_subject0008.csv,59.29,2,高,False,False
0008,pendulumStimulus,block,pendulum,59.29000000001163,5.539996411480774,oscillation,2.056659762068238,1.9393311662133783,0.0270758298126598,0.0902527660421996,11.393887701494942,10.74388770149494,0.15,0.5,120.8304974318077,-3.361501562533991,-16.02687580957367,-12.66537424703968,12.66537424703968,-0.0586692700771522,-0.2797217516852923,-0.2210524816081401,0.2210524816081401,3.346,experiment_data_subject0008.csv,59.29,2,高,False,False
0008,pendulumStimulus,block,pendulum,59.28999999998449,5.5399964114791445,oscillation,2.06935447689201,1.952025881037116,0.0270758298126678,0.0902527660422262,11.46421637606004,10.814216376060038,0.15,0.5,120.83049743176149,-41.08904640313412,-32.01062797851226,9.07841842462186,9.078418424621868,-0.7171391462394237,-0.5586908538560555,0.1584482923833681,0.1584482923833682,2.166699999999255,experiment_data_subject0008.csv,59.29,2,高,False,False
0008,pendulumStimulus,block,pendulum,59.290000000014246,5.53999641148093,oscillation,1.979117980246015,1.8617893843911588,0.0270758298126591,0.0902527660421971,10.964306508460307,10.314306508460309,0.15,0.5,120.83049743181212,-16.579741628511112,-29.04541710551789,-12.465675477006776,12.465675477006776,-0.2893710805474854,-0.5069381611063684,-0.2175670805588829,0.2175670805588829,1.3481999999992549,experiment_data_subject0008.csv,59.29,2,高,False,False
0009,pendulumStimulus,block,pendulum,29.8899999999972,4.509792396991768,oscillation,1.228230821357032,1.0841000182554126,0.0332609545619121,0.1108698485397071,5.539066019906897,4.889066019906896,0.15,0.5,76.26096482562603,-40.52924805761589,-39.81806095482427,0.7111871027916209,0.7111871027916209,-0.7073688219629137,-0.6949562654214806,0.0124125565414331,0.0124125565414331,7.852899999976158,experiment_data_subject0009.csv,29.89,1,中,False,False
0009,pendulumStimulus,block,pendulum,29.889999999979736,4.5097923969913865,oscillation,1.929120222029212,1.78498941892758,0.0332609545619149,0.1108698485397164,8.699931710189674,8.049931710189673,0.15,0.5,76.26096482559977,-21.46900046223525,-11.828162554503075,9.640837907732177,9.640837907732177,-0.3747047451781896,-0.2064403810371818,0.1682643641410077,0.1682643641410077,7.7195,experiment_data_subject0009.csv,29.89,1,中,False,False
0009,pendulumStimulus,block,pendulum,29.890000000032455,4.509792396992538,oscillation,1.5107640541781588,1.3666332510765642,0.0332609545619064,0.1108698485396881,6.813232245182284,6.163232245182284,0.15,0.5,76.26096482567911,38.79815561505849,16.272100029245017,-22.52605558581347,22.526055585813477,0.6771555591838962,0.2840017217241911,-0.3931538374597051,0.3931538374597052,6.798399999976158,experiment_data_subject0009.csv,29.89,1,中,False,False
0009,pendulumStimulus,block,pendulum,29.890000000032646,4.509792396992542,oscillation,1.9836847730138256,1.839553969912231,0.0332609545619064,0.110869848539688,8.946006507367628,8.296006507367627,0.15,0.5,76.26096482567938,38.82818202564798,24.12368398713873,-14.70449803850925,14.70449803850925,0.6776796189112386,0.4210377132862042,-0.2566419056250343,0.2566419056250343,5.76540000000596,experiment_data_subject0009.csv,29.89,1,中,False,False
0009,pendulumStimulus,block,pendulum,29.889999999960708,4.509792396990971,oscillation,1.9465743935824789,1.8024435904808345,0.033260954561918,0.1108698485397267,8.778646400355573,8.128646400355573,0.15,0.5,76.26096482557114,-8.936345813583664,-2.562299674682438,6.374046138901226,6.374046138901226,-0.1559686575438463,-0.0447205657459881,0.1112480917978582,0.1112480917978582,11.44309999999404,experiment_data_subject0009.csv,29.89,1,中,False,False
0009,pendulumStimulus,block,pendulum,47.53000000000908,4.999536822393039,oscillation,1.9753936321757095,1.845381588442251,0.0300027793231058,0.1000092644103527,9.876053202783192,9.226053202783191,0.15,0.5,102.26889899597016,22.380127521448017,-17.654396600036804,-40.03452412148482,40.03452412148482,0.3906069122654657,-0.3081273481235347,-0.6987342603890004,0.6987342603890004,7.762,experiment_data_subject0009.csv,47.53,1,中,False,False
0009,pendulumStimulus,block,pendulum,47.53000000002295,4.999536822393536,oscillation,2.0264119140154846,1.896399870282039,0.0300027793231028,0.1000092644103427,10.13112098145738,9.48112098145738,0.15,0.5,102.26889899599088,26.459555489550343,26.25983092553319,-0.1997245640171537,0.1997245640171505,0.4618063619067935,0.458320510667584,-0.0034858512392095,0.0034858512392094,9.190700000017882,experiment_data_subject0009.csv,47.53,1,中,False,False
0009,pendulumStimulus,block,pendulum,47.53000000003048,4.999536822393806,oscillation,1.9277708898115065,1.797758846078068,0.0300027793231012,0.1000092644103373,9.6379615487515,8.9879615487515,0.15,0.5,102.26889899600216,8.036227553784546,27.658353508832263,19.62212595504772,19.62212595504772,0.14025863025303,0.4827293344096495,0.3424707041566195,0.3424707041566195,10.066,experiment_data_subject0009.csv,47.53,1,中,False,False
0009,pendulumStimulus,block,pendulum,47.52999999999847,4.99953682239266,oscillation,1.4301148131306676,1.3001027693971992,0.030002779323108,0.1000092644103602,7.14991166849597,6.49991166849597,0.15,0.5,102.26889899595427,53.89618761107818,62.811696850341264,8.915509239263086,8.915509239263086,0.9406659280858912,1.096270918803007,0.1556049907171157,0.1556049907171157,5.763300000011921,experiment_data_subject0009.csv,47.53,1,中,False,False
0009,pendulumStimulus,block,pendulum,47.52999999996631,4.999536822391507,oscillation,2.0623598189376056,1.9323477752041072,0.030002779323115,0.1000092644103833,10.31084385579924,9.66084385579924,0.15,0.5,102.26889899590616,28.916561215799977,34.45288447616755,5.536323260367568,5.536323260367568,0.5046892015702041,0.6013162709183655,0.0966270693481613,0.0966270693481613,11.14319999998808,experiment_data_subject0009.csv,47.53,1,中,False,False
0009,pendulumStimulus,block,pendulum,71.04999999998891,6.666037126451149,oscillation,1.6234428619427117,1.5259336540475488,0.0225021248988837,0.0750070829962792,10.821930390382224,10.171930390382224,0.15,0.5,144.34091230383345,-7.1679641830593575,3.951985600466704,11.11994978352606,11.11994978352606,-0.1251045756594113,0.0689751607195491,0.1940797363789604,0.1940797363789604,16.210199999988077,experiment_data_subject0009.csv,71.05,2,高,False,False
0009,pendulumStimulus,block,pendulum,71.04999999997192,6.666037126448361,oscillation,1.9141946574600333,1.8166854495648292,0.0225021248988931,0.0750070829963105,12.760092653877686,12.110092653877686,0.15,0.5,144.34091230379082,-10.935532751273804,-50.80083770315386,-39.86530495188005,39.86530495188005,-0.190861051969402,-0.8866418806913086,-0.6957808287219065,0.6957808287219065,6.597900000005961,experiment_data_subject0009.csv,71.05,2,高,False,False
0009,pendulumStimulus,block,pendulum,71.05000000002539,6.66603712645713,oscillation,1.418155343497222,1.3206461356021464,0.0225021248988635,0.0750070829962119,9.453476170836046,8.803476170836046,0.15,0.5,144.3409123039249,-37.58002754529976,-33.02803863331248,4.5519889119872765,4.5519889119872765,-0.6558952136556432,-0.5764480196271908,0.0794471940284523,0.0794471940284523,13.443,experiment_data_subject0009.csv,71.05,2,高,False,False
0009,pendulumStimulus,block,pendulum,71.04999999998378,6.666037126450307,oscillation,1.424234091762603,1.3267248838674277,0.0225021248988866,0.0750070829962887,9.493997332445746,8.843997332445745,0.15,0.5,144.34091230382057,3.788609952453784,-15.43515579004579,-19.223765742499577,19.223765742499577,0.0661237177441443,-0.2693942890945656,-0.33551800683871,0.33551800683871,5.341599999994039,experiment_data_subject0009.csv,71.05,2,高,False,False
0009,pendulumStimulus,block,pendulum,62.23000000003663,5.7326025789097095,oscillation,1.2396302859697388,1.1262437410186976,0.0261661257579325,0.0872204191931085,7.106307774244705,6.456307774244705,0.15,0.5,125.9798005975404,-78.68628215905682,-82.21714030530562,-3.5308581462488045,3.5308581462488045,-1.3733346998288138,-1.434959799901719,-0.0616251000729051,0.0616251000729051,12.25909999999404,experiment_data_subject0009.csv,62.23,2,高,False,False
0009,pendulumStimulus,block,pendulum,62.23000000001022,5.732602578907816,oscillation,1.4753744305044685,1.3619878855533898,0.0261661257579412,0.0872204191931373,8.457735265164565,7.807735265164565,0.15,0.5,125.97980059749268,-30.66413352680134,-51.84276359272643,-21.17863006592508,21.17863006592509,-0.5351900923138643,-0.9048269180261208,-0.3696368257122563,0.3696368257122565,15.54209999999404,experiment_data_subject0009.csv,62.23,2,高,False,False
0009,pendulumStimulus,block,pendulum,62.23000000002951,5.732602578909199,oscillation,2.0050723814338443,1.891685836482793,0.0261661257579348,0.0872204191931163,11.494283104707264,10.844283104707264,0.15,0.5,125.97980059752751,51.29099467354033,40.148884692643215,-11.142109980897114,11.142109980897114,0.8951967336761528,0.7007302288901757,-0.1944665047859771,0.1944665047859771,15.51340000000596,experiment_data_subject0009.csv,62.23,2,高,False,False
0009,pendulumStimulus,block,pendulum,62.23000000001853,5.732602578908413,oscillation,1.696110574615017,1.5827240296639502,0.0261661257579384,0.0872204191931282,9.723127854151876,9.073127854151876,0.15,0.5,125.9798005975077,-86.56923082306257,-76.96841859213308,9.600812230929495,9.600812230929495,-1.5109181087814023,-1.3433523244859409,0.1675657842954619,0.1675657842954619,8.576399999976157,experiment_data_subject0009.csv,62.23,2,高,False,False
0009,pendulumStimulus,block,pendulum,62.23000000003765,5.732602578909782,oscillation,1.271074491872254,1.1576879469212145,0.0261661257579322,0.0872204191931074,7.286564910093325,6.636564910093325,0.15,0.5,125.97980059754222,-69.80790913695813,-60.53525715690988,9.272651980048252,9.272651980048252,-1.2183778583729523,-1.056539550929539,0.1618383074434135,0.1618383074434135,4.8845,experiment_data_subject0009.csv,62.23,2,高,False,False
0009,pendulumStimulus,block,pendulum,32.82999999996641,4.576276236943478,oscillation,2.070650064301027,1.9286131840199232,0.0327777416033315,0.1092591386777719,9.475866684286274,8.825866684286273,0.15,0.5,80.64796494238709,-37.57901695946378,-45.92289325931294,-8.343876299849157,8.343876299849164,-0.6558775756054315,-0.8015056894169209,-0.1456281138114894,0.1456281138114895,4.893799999982119,experiment_data_subject0009.csv,32.83,1,中,False,False
0009,pendulumStimulus,block,pendulum,32.829999999988694,4.576276236944,oscillation,1.500556064684209,1.3585191844031217,0.0327777416033278,0.1092591386777595,6.866959061016549,6.216959061016548,0.15,0.5,80.64796494242009,11.211716352826558,24.73328796376191,13.521571610935352,13.521571610935352,0.1956813651565137,0.4316773098115293,0.2359959446550156,0.2359959446550156,6.028299999982119,experiment_data_subject0009.csv,32.83,1,中,False,False
0009,pendulumStimulus,block,pendulum,32.829999999990534,4.576276236944042,oscillation,1.929751490390192,1.7877146101091057,0.0327777416033275,0.1092591386777585,8.831075888679985,8.181075888679985,0.15,0.5,80.64796494242282,22.742766857927624,-6.675499914479369,-29.418266772406994,29.418266772406994,0.3969361626842825,-0.1165094527242648,-0.5134456154085474,0.5134456154085474,4.297800000011921,experiment_data_subject0009.csv,32.83,1,中,False,False
0009,pendulumStimulus,block,pendulum,32.82999999998777,4.576276236943978,oscillation,1.4413116475644383,1.2992747672833502,0.032777741603328,0.10925913867776,6.595840242779714,5.945840242779713,0.15,0.5,80.64796494241874,-17.447643672828658,-18.03428992447446,-0.586646251645804,0.5866462516458008,-0.3045188288056163,-0.3147577374413188,-0.0102389086357024,0.0102389086357024,6.369800000011921,experiment_data_subject0009.csv,32.83,1,中,False,False
0009,pendulumStimulus,block,pendulum,32.82999999998203,4.576276236943843,oscillation,1.754829290470378,1.612792410189286,0.0327777416033289,0.1092591386777632,8.030583581872616,7.380583581872616,0.15,0.5,80.64796494241023,-44.21947324871325,-36.25913501972168,7.960338228991574,7.960338228991574,-0.7717754016875996,-0.6328412900193223,0.1389341116682773,0.1389341116682773,3.33509999999404,experiment_data_subject0009.csv,32.83,1,中,False,False
0009,pendulumStimulus,block,pendulum,6.369999999987932,4.099668686115564,oscillation,1.43726722521787,1.27871782775037,0.0365883224925,0.121961074975,5.892319436805908,5.242319436805907,0.15,0.5,33.1229402077115,12.53354284175737,-12.91340115476316,-25.44694399652053,25.44694399652053,0.2187515895284327,-0.2253813677814549,-0.4441329573098877,0.4441329573098878,4.2119000000059605,experiment_data_subject0009.csv,6.37,0,低,False,False
0009,pendulumStimulus,block,pendulum,6.369999999994958,4.099668686115663,oscillation,2.1059342247721275,1.9473848273046317,0.0365883224924991,0.121961074974997,8.633632596317556,7.983632596317556,0.15,0.5,33.122940207730295,-13.008300775285049,-3.9249406626225993,9.083360112662447,9.083360112662447,-0.2270376786184551,-0.0685031375081722,0.1585345411102828,0.1585345411102828,6.5178000000119205,experiment_data_subject0009.csv,6.37,0,低,False,False
0009,pendulumStimulus,block,pendulum,6.37000000000266,4.099668686115772,oscillation,1.9462552219450904,1.787705824477598,0.0365883224924981,0.1219610749749938,7.979001588597587,7.329001588597586,0.15,0.5,33.122940207750894,8.187219555400482,3.924955588314514,-4.2622639670859686,4.2622639670859686,0.1428939378254047,0.0685033980106393,-0.0743905398147653,0.0743905398147653,5.6239000000059605,experiment_data_subject0009.csv,6.37,0,低,False,False
0009,pendulumStimulus,block,pendulum,6.369999999993782,4.099668686115646,oscillation,1.8947982413050264,1.7362488438375294,0.0365883224924992,0.1219610749749975,7.768045016385215,7.118045016385215,0.15,0.5,33.12294020772714,13.930854928120278,11.86843629083447,-2.062418637285807,2.062418637285807,0.2431392861133768,0.2071432903382448,-0.035995995775132,0.035995995775132,5.652300000011921,experiment_data_subject0009.csv,6.37,0,低,False,False
0009,pendulumStimulus,block,pendulum,6.370000000010947,4.099668686115888,oscillation,2.0849404877338937,1.9263910902664063,0.0365883224924971,0.1219610749749903,8.547565229977831,7.897565229977832,0.15,0.5,33.12294020777306,-13.202334083018428,-8.671524434215202,4.530809648803227,4.530809648803227,-0.2304241986969379,-0.1513466525441937,0.0790775461527442,0.0790775461527442,3.848900000005961,experiment_data_subject0009.csv,6.37,0,低,False,False
0009,pendulumStimulus,block,pendulum,73.98999999995019,7.287546664113755,oscillation,2.0353864982191565,1.9461932443082333,0.0205830585948284,0.0686101953160948,14.832974085279192,14.182974085279191,0.15,0.5,152.5607598491609,63.603975567497855,51.85397596350354,-11.749999603994322,11.749999603994322,1.1100987910108664,0.9050226108131356,-0.2050761801977308,0.2050761801977308,7.820100000023841,experiment_data_subject0009.csv,73.99,2,高,False,False
0009,pendulumStimulus,block,pendulum,73.98999999997076,7.287546664119479,oscillation,1.0999416104915876,1.0107483565807345,0.0205830585948122,0.0686101953160409,8.015875814264177,7.365875814264176,0.15,0.5,152.56075984922617,15.606518026972914,26.787130932648445,11.180612905675533,11.180612905675533,0.2723851243425265,0.4675236319375347,0.1951385075950082,0.1951385075950082,5.314100000023842,experiment_data_subject0009.csv,73.99,2,高,False,False
0009,pendulumStimulus,block,pendulum,73.99000000001081,7.287546664130614,oscillation,1.901056255346712,1.811863001435995,0.0205830585947808,0.0686101953159361,13.854036171976569,13.204036171976568,0.15,0.5,152.56075984935316,-85.27386139204597,-59.12057278871308,26.153288603332904,26.153288603332904,-1.488309647180477,-1.031848650828009,0.4564609963524683,0.4564609963524683,5.897800000011921,experiment_data_subject0009.csv,73.99,2,高,False,False
0009,pendulumStimulus,block,pendulum,73.99000000000925,7.28754666413018,oscillation,1.492717148403259,1.4035238944925368,0.020583058594782,0.0686101953159401,10.878245875336086,10.228245875336086,0.15,0.5,152.56075984934822,-9.690633639497712,7.725137345363525,17.415770984861236,17.415770984861236,-0.1691334636137562,0.1348290818453678,0.3039625454591241,0.3039625454591241,5.084300000011921,experiment_data_subject0009.csv,73.99,2,高,False,False
0009,pendulumStimulus,block,pendulum,73.9899999999484,7.287546664113255,oscillation,1.444513464013875,1.3553202101029456,0.0205830585948298,0.0686101953160995,10.526959275940998,9.876959275940996,0.15,0.5,152.5607598491552,31.092633592606887,24.32190145385725,-6.770732138749633,6.770732138749636,0.5426688293071834,0.4244972607154048,-0.1181715685917786,0.1181715685917786,5.675699999988079,experiment_data_subject0009.csv,73.99,2,高,False,False
0009,pendulumStimulus,block,pendulum,12.24999999999674,4.186465708941439,oscillation,2.063926319433118,1.9086640898603944,0.0358297452860131,0.1194324842867103,8.640556762088464,7.990556762088463,0.15,0.5,46.56746344220366,-5.194149786510879,-8.565108720901504,-3.370958934390626,3.3709589343906243,-0.0906550156163753,-0.1494893479710113,-0.0588343323546359,0.0588343323546359,9.04859999999404,experiment_data_subject0009.csv,12.25,0,低,False,False
0009,pendulumStimulus,block,pendulum,12.250000000013213,4.186465708941695,oscillation,1.9522532877323333,1.7969910581596196,0.0358297452860109,0.119432484286703,8.173041444260098,7.523041444260098,0.15,0.5,46.56746344223683,-3.171532555301032,-6.222322601153099,-3.050790045852068,3.050790045852068,-0.0553536854241921,-0.1086000165113794,-0.0532463310871873,0.0532463310871873,10.0025,experiment_data_subject0009.csv,12.25,0,低,False,False
0009,pendulumStimulus,block,pendulum,12.249999999999046,4.186465708941475,oscillation,2.067367150056848,1.9121049204841256,0.0358297452860127,0.1194324842867092,8.654961681505059,8.004961681505058,0.15,0.5,46.56746344220831,5.863676710915447,0.975991007310457,-4.88768570360499,4.88768570360499,0.1023404648779862,0.0170342565474235,-0.0853062083305627,0.0853062083305627,3.72990000000596,experiment_data_subject0009.csv,12.25,0,低,False,False
0009,pendulumStimulus,block,pendulum,12.249999999992111,4.186465708941368,oscillation,1.535189921110613,1.3799276915378869,0.0358297452860137,0.1194324842867123,6.427019961441985,5.777019961441985,0.15,0.5,46.567463442194345,-20.872063152716336,-23.10871820933395,-2.236655056617616,2.236655056617616,-0.3642862236990881,-0.4033232186684456,-0.0390369949693575,0.0390369949693575,5.565700000017881,experiment_data_subject0009.csv,12.25,0,低,False,False
0009,pendulumStimulus,block,pendulum,12.250000000015056,4.186465708941723,oscillation,1.616881375740945,1.461619146168232,0.0358297452860106,0.1194324842867022,6.769018434965984,6.119018434965984,0.15,0.5,46.56746344224054,-6.655858035288642,2.553520995866942,9.209379031155583,9.209379031155583,-0.1161666372611077,0.0445673488966826,0.1607339861577904,0.1607339861577904,4.355900000005961,experiment_data_subject0009.csv,12.25,0,低,False,False
0009,pendulumStimulus,block,pendulum,38.71000000001096,4.724659585307723,oscillation,1.5049117019924951,1.367335652699694,0.0317483190675694,0.1058277302252315,7.110195497860602,6.460195497860601,0.15,0.5,89.28378410382108,-55.16179730935197,-31.90971402796932,23.25208328138265,23.252083281382653,-0.9627549843659408,-0.5569295731578866,0.4058254112080542,0.4058254112080544,4.099299999982119,experiment_data_subject0009.csv,38.71,1,中,False,False
0009,pendulumStimulus,block,pendulum,38.70999999999948,4.7246595853074105,oscillation,1.5777580143011882,1.440181965008378,0.0317483190675715,0.1058277302252385,7.454369525563695,6.804369525563695,0.15,0.5,89.28378410380431,33.41524051754599,26.872149452641104,-6.543091064904885,6.543091064904883,0.5832059673769915,0.4690074850365792,-0.1141984823404122,0.1141984823404122,4.830600000023842,experiment_data_subject0009.csv,38.71,1,中,False,False
0009,pendulumStimulus,block,pendulum,38.70999999997194,4.72465958530666,oscillation,1.901548156613856,1.763972107321024,0.0317483190675766,0.1058277302252553,8.984167725067865,8.334167725067864,0.15,0.5,89.28378410376405,34.466005632658145,32.266870853347804,-2.199134779310336,2.1991347793103424,0.6015452783007958,0.5631631357067116,-0.0383821425940842,0.0383821425940843,4.561,experiment_data_subject0009.csv,38.71,1,中,False,False
0009,pendulumStimulus,block,pendulum,38.70999999999604,4.724659585307316,oscillation,1.3013902931533556,1.1638142438605428,0.0317483190675721,0.1058277302252406,6.1486261227729,5.4986261227729,0.15,0.5,89.28378410379926,-52.19051007601923,-57.44462918835285,-5.254119112333629,5.254119112333623,-0.9108962391218116,-1.0025979169239951,-0.0917016778021836,0.0917016778021835,7.669199999988079,experiment_data_subject0009.csv,38.71,1,中,False,False
0009,pendulumStimulus,block,pendulum,38.70999999995784,4.724659585306276,oscillation,1.4800897413924443,1.342513692099601,0.0317483190675791,0.1058277302252639,6.9929201837833,6.342920183783299,0.15,0.5,89.28378410374344,-48.28297275055967,-51.87578589129435,-3.5928131407346813,3.5928131407346875,-0.842696847147969,-0.9054032658627076,-0.0627064187147385,0.0627064187147387,3.616899999976158,experiment_data_subject0009.csv,38.71,1,中,False,False
0009,pendulumStimulus,block,pendulum,56.35000000002036,5.376706026625143,oscillation,2.006851506712341,1.885959645267576,0.0278981218718688,0.0929937395728962,10.790250590681993,10.140250590681992,0.15,0.5,115.94447977240308,0.0798864470306739,-12.957571900914468,-13.037458347945142,13.037458347945144,0.0013942815284053,-0.2261522927348579,-0.2275465742632632,0.2275465742632632,8.15,experiment_data_subject0009.csv,56.35,2,高,False,False
0009,pendulumStimulus,block,pendulum,56.34999999999362,5.376706026623766,oscillation,1.962752767432938,1.841860905988142,0.027898121871876,0.09299373957292,10.553144633429152,9.903144633429152,0.15,0.5,115.94447977235964,-37.27472471567413,-39.4363331542479,-2.161608438573768,2.161608438573768,-0.6505666740630208,-0.6882938584550267,-0.0377271843920058,0.0377271843920058,6.272099999994039,experiment_data_subject0009.csv,56.35,2,高,False,False
0009,pendulumStimulus,block,pendulum,56.35000000001985,5.376706026625118,oscillation,1.5169958624192124,1.3961040009744463,0.0278981218718689,0.0929937395728966,8.156440795834747,7.506440795834746,0.15,0.5,115.94447977240227,-12.979693879745192,-24.06214342644064,-11.082449546695448,11.082449546695448,-0.2265383941025105,-0.4199636278784991,-0.1934252337759886,0.1934252337759886,4.123599999994039,experiment_data_subject0009.csv,56.35,2,高,False,False
0009,pendulumStimulus,block,pendulum,56.34999999998225,5.3767060266231805,oscillation,1.5056005502720406,1.3847086888272315,0.027898121871879,0.0929937395729301,8.095171552334858,7.445171552334858,0.15,0.5,115.94447977234115,29.774502142827124,29.501842855036145,-0.2726592877909775,0.2726592877909775,0.5196630955344402,0.5149042932263449,-0.0047588023080953,0.0047588023080953,4.629899999976158,experiment_data_subject0009.csv,56.35,2,高,False,False
0009,pendulumStimulus,block,pendulum,56.35000000000241,5.376706026624219,oscillation,1.4663419488952305,1.3454500874504447,0.0278981218718736,0.0929937395729121,7.884089593716888,7.234089593716888,0.15,0.5,115.94447977237394,53.67925650242919,55.5119130250862,1.832656522657008,1.8326565226570013,0.9368797659899648,0.9688656563684798,0.0319858903785148,0.0319858903785147,3.928300000011921,experiment_data_subject0009.csv,56.35,2,高,False,False
0009,pendulumStimulus,block,pendulum,50.46999999998043,5.110679999167516,oscillation,1.404130059490382,1.276945418678224,0.0293503017258825,0.0978343390862753,7.17605941126739,6.52605941126739,0.15,0.5,106.70834371562538,51.58795281340895,32.93869285517728,-18.649259958231674,18.649259958231667,0.9003796309574581,0.5748886416259752,-0.3254909893314828,0.3254909893314827,3.526899999976158,experiment_data_subject0009.csv,50.47,1,中,False,False
0009,pendulumStimulus,block,pendulum,50.47000000003209,5.1106799991695775,oscillation,1.4157488930135744,1.2885642522014678,0.0293503017258707,0.0978343390862358,7.235439551370945,6.5854395513709445,0.15,0.5,106.70834371570425,-13.430088616938392,-24.9864237938977,-11.556335176959308,11.556335176959308,-0.2343992652001864,-0.4360953635021679,-0.2016960983019814,0.2016960983019814,5.103299999982118,experiment_data_subject0009.csv,50.47,1,中,False,False
0009,pendulumStimulus,block,pendulum,50.46999999998398,5.110679999167657,oscillation,1.953400982274141,1.8262163414619863,0.0293503017258817,0.0978343390862726,9.983207330462909,9.333207330462908,0.15,0.5,106.7083437156308,52.04384669123351,61.46154787482501,9.417701183591497,9.417701183591497,0.9083364801651814,1.07270637378782,0.1643698936226385,0.1643698936226385,8.69859999999404,experiment_data_subject0009.csv,50.47,1,中,False,False
0009,pendulumStimulus,block,pendulum,50.469999999967385,5.110679999166994,oscillation,1.605175489522931,1.4779908487107605,0.0293503017258855,0.0978343390862853,8.203538269457933,7.553538269457934,0.15,0.5,106.70834371560548,-25.60559288865253,-30.74461890861753,-5.139026019964995,5.139026019964995,-0.4469019028322324,-0.5365948272262815,-0.089692924394049,0.089692924394049,6.924200000017882,experiment_data_subject0009.csv,50.47,1,中,False,False
0009,pendulumStimulus,block,pendulum,50.46999999998184,5.110679999167571,oscillation,1.1669006954975705,1.0397160546854138,0.0293503017258822,0.0978343390862742,5.963656045494162,5.313656045494161,0.15,0.5,106.70834371562752,14.576283012321742,14.106804098403108,-0.4694789139186345,0.4694789139186345,0.2544041312675316,0.2462101784509643,-0.0081939528165672,0.0081939528165672,3.5971999999880797,experiment_data_subject0009.csv,50.47,1,中,False,False
0009,pendulumStimulus,block,pendulum,3.430000000005283,4.059199382272375,oscillation,1.3175026149087496,1.1573725156486034,0.0369530998292645,0.1231769994308817,5.348005800579836,4.698005800579836,0.15,0.5,24.14684799652127,-15.804684335731,-15.38329484331618,0.4213894924148166,0.4213894924148166,-0.2758437788968788,-0.2684891448209325,0.0073546340759462,0.0073546340759462,4.846800000011921,experiment_data_subject0009.csv,3.43,0,低,False,False
0009,pendulumStimulus,block,pendulum,3.4299999999905184,4.059199382272176,oscillation,2.066750010342244,1.906619911082089,0.0369530998292663,0.1231769994308878,8.389350365292248,7.739350365292247,0.15,0.5,24.14684799646851,-8.939987045914618,-3.557850385357857,5.382136660556761,5.382136660556761,-0.1560322090368515,-0.0620962035178436,0.0939360055190079,0.0939360055190079,4.213400000005961,experiment_data_subject0009.csv,3.43,0,低,False,False
0009,pendulumStimulus,block,pendulum,3.4299999999974493,4.059199382272269,oscillation,2.045724151522755,1.885594052262604,0.0369530998292654,0.1231769994308849,8.30400221216063,7.654002212160629,0.15,0.5,24.14684799649328,-1.096187167342022,4.7718830582900855,5.868070225632108,5.868070225632108,-0.0191320752882283,0.0832850708872984,0.1024171461755268,0.1024171461755268,5.287,experiment_data_subject0009.csv,3.43,0,低,False,False
0009,pendulumStimulus,block,pendulum,3.4299999999947888,4.059199382272234,oscillation,1.4259986715455508,1.2658685722853988,0.0369530998292658,0.123176999430886,5.788412926658726,5.1384129266587255,0.15,0.5,24.14684799648376,15.13913955312472,14.250033502517498,-0.8891060506072215,0.8891060506072215,0.2642278311209293,0.24871000313843,-0.0155178279824993,0.0155178279824993,4.9597000000178815,experiment_data_subject0009.csv,3.43,0,低,False,False
0009,pendulumStimulus,block,pendulum,24.01000000002847,4.389243040717229,oscillation,1.3917387298871948,1.2436494138091805,0.0341744575564649,0.1139148585215497,6.108679534654006,5.458679534654006,0.15,0.5,67.20096872815633,10.683605029702232,7.893638748852009,-2.789966280850223,2.789966280850223,0.1864640837509305,0.1377699861304733,-0.0486940976204572,0.0486940976204572,4.4315,experiment_data_subject0009.csv,24.01,0,低,False,False
0009,pendulumStimulus,block,pendulum,24.01000000000843,4.389243040716843,oscillation,1.6458992239651589,1.497809907887131,0.0341744575564679,0.1139148585215597,7.224251714510325,6.574251714510325,0.15,0.5,67.20096872812455,27.94023393145211,23.18571801110004,-4.754515920352074,4.754515920352074,0.4876490758812789,0.4046671187326467,-0.0829819571486321,0.0829819571486321,3.75859999999404,experiment_data_subject0009.csv,24.01,0,低,False,False
0009,pendulumStimulus,block,pendulum,24.00999999998964,4.389243040716481,oscillation,1.7061110256338,1.55802170955576,0.0341744575564707,0.1139148585215691,7.488535945952815,6.838535945952815,0.15,0.5,67.20096872809476,37.61133834808362,33.96407996202708,-3.647258386056541,3.647258386056541,0.6564416902556642,0.5927850227480032,-0.063656667507661,0.063656667507661,8.654800000011921,experiment_data_subject0009.csv,24.01,0,低,False,False
0009,pendulumStimulus,block,pendulum,24.010000000019744,4.38924304071706,oscillation,1.4027986774319097,1.254709361353889,0.0341744575564662,0.1139148585215541,6.1572243324451055,5.507224332445105,0.15,0.5,67.20096872814248,3.114497737694309,10.673975203104556,7.559477465410247,7.559477465410246,0.0543582400686803,0.1862960115704049,0.1319377715017245,0.1319377715017245,8.25159999999404,experiment_data_subject0009.csv,24.01,0,低,False,False
0009,pendulumStimulus,block,pendulum,24.01000000000089,4.389243040716698,oscillation,1.6971718327706111,1.5490825166925788,0.034174457556469,0.1139148585215635,7.44929965588881,6.7992996558888095,0.15,0.5,67.20096872811261,43.2091406963908,40.79161258612967,-2.417528110261133,2.417528110261133,0.754141772109495,0.7119479468259217,-0.0421938252835732,0.0421938252835732,3.3285,experiment_data_subject0009.csv,24.01,0,低,False,False
0009,pendulumStimulus,block,pendulum,68.10999999999103,6.263260624858567,oscillation,1.9952820028554328,1.8915021924767643,0.0239491870104618,0.0798306233682061,12.496971203973368,11.846971203973368,0.15,0.5,137.51888712454823,80.82659490515219,76.67547227338486,-4.151122631767334,4.151122631767334,1.4106902042705796,1.3382394466921874,-0.0724507575783921,0.0724507575783921,7.030700000017881,experiment_data_subject0009.csv,68.11,2,高,False,False
0009,pendulumStimulus,block,pendulum,68.10999999999925,6.263260624859514,oscillation,2.0965848836492267,1.9928050732705744,0.0239491870104582,0.0798306233681941,13.131457548435868,12.481457548435866,0.15,0.5,137.51888712456602,-63.75990064224623,-67.52987116244917,-3.769970520202939,3.769970520202939,-1.1128201969516438,-1.1786185952323085,-0.0657983982806647,0.0657983982806647,4.242700000017882,experiment_data_subject0009.csv,68.11,2,高,False,False
0009,pendulumStimulus,block,pendulum,68.11000000000854,6.263260624860589,oscillation,1.409783742288434,1.3060039319097996,0.0239491870104541,0.0798306233681804,8.829843002643758,8.179843002643757,0.15,0.5,137.51888712458612,-47.91244812422147,-4.1065013587226975,43.80594676549877,43.80594676549878,-0.8362299724586457,-0.0716719694473318,0.7645580030113139,0.764558003011314,12.73370000001788,experiment_data_subject0009.csv,68.11,2,高,False,False
0009,pendulumStimulus,block,pendulum,68.10999999996409,6.263260624855456,oscillation,1.340448604096119,1.2366687937173992,0.0239491870104737,0.0798306233682458,8.395578961677682,7.745578961677681,0.15,0.5,137.5188871244899,93.60661272971664,73.85065440674025,-19.7559583229764,19.7559583229764,1.6337435937727924,1.288937074150077,-0.3448065196227155,0.3448065196227155,7.684,experiment_data_subject0009.csv,68.11,2,高,False,False
0009,pendulumStimulus,block,pendulum,68.11000000000519,6.263260624860201,oscillation,1.5438451041843149,1.4400652938056735,0.0239491870104556,0.0798306233681853,9.669504251920811,9.019504251920813,0.15,0.5,137.51888712457887,-2.786671374522933,-19.51586874271166,-16.72919736818873,16.729197368188725,-0.0486365906565012,-0.3406161659473646,-0.2919795752908634,0.2919795752908633,5.444199999988079,experiment_data_subject0009.csv,68.11,2,高,False,False
0009,pendulumStimulus,block,pendulum,53.41000000000799,5.235252547607361,oscillation,1.4367389741288168,1.3125806848984212,0.028651912899322,0.0955063763310735,7.521691374554675,6.871691374554675,0.15,0.5,111.2538091853722,-47.30007315479731,-53.67780961393414,-6.377736459136823,6.377736459136823,-0.8255420129853945,-0.9368545130218168,-0.1113125000364223,0.1113125000364223,7.164,experiment_data_subject0009.csv,53.41,1,中,False,False
0009,pendulumStimulus,block,pendulum,53.41000000002574,5.235252547608159,oscillation,2.0403437390392125,1.916185449808836,0.0286519128993176,0.0955063763310589,10.681714757801394,10.031714757801394,0.15,0.5,111.25380918540006,25.137988138773277,19.713518337021583,-5.424469801751688,5.424469801751688,0.4387406603488748,0.3440658021333038,-0.094674858215571,0.094674858215571,8.966299999982118,experiment_data_subject0009.csv,53.41,1,中,False,False
0009,pendulumStimulus,block,pendulum,53.4099999999566,5.235252547605048,oscillation,1.410941519721433,1.2867832304909823,0.0286519128993347,0.0955063763311157,7.38663518564337,6.73663518564337,0.15,0.5,111.2538091852916,-31.21567646451657,-37.04844882504231,-5.832772360525739,5.832772360525734,-0.544816332543117,-0.6466174147536129,-0.1018010822104958,0.1018010822104957,8.272800000011921,experiment_data_subject0009.csv,53.41,1,中,False,False
0009,pendulumStimulus,block,pendulum,53.41000000002155,5.2352525476079705,oscillation,1.221484701561694,1.097326412331313,0.0286519128993187,0.0955063763310624,6.39478089571502,5.74478089571502,0.15,0.5,111.25380918539346,52.02964421212816,38.14076156472665,-13.888882647401507,13.888882647401513,0.9080886001428474,0.6656818685225845,-0.2424067316202629,0.242406731620263,4.47,experiment_data_subject0009.csv,53.41,1,中,False,False
0009,pendulumStimulus,block,pendulum,53.410000000030266,5.235252547608363,oscillation,1.6308569895969136,1.5066987003665415,0.0286519128993165,0.0955063763310552,8.537948209572148,7.887948209572148,0.15,0.5,111.25380918540716,24.47363992809724,17.08817400935458,-7.385465918742657,7.385465918742657,0.4271455966928451,0.2982448996169577,-0.1289006970758873,0.1289006970758873,10.32969999998808,experiment_data_subject0009.csv,53.41,1,中,False,False
0009,pendulumStimulus,block,pendulum,21.07000000000627,4.334270153866693,oscillation,1.8848396890269203,1.734872110420838,0.0346079027552497,0.1153596758508326,8.16940440897276,7.519404408972759,0.15,0.5,62.4514540405262,-39.68943346086797,-27.65835091159183,12.03108254927614,12.03108254927614,-0.692711292143354,-0.4827292890792524,0.2099820030641015,0.2099820030641015,7.740400000005961,experiment_data_subject0009.csv,21.07,0,低,False,False
0009,pendulumStimulus,block,pendulum,21.070000000021423,4.334270153866968,oscillation,2.042524644540016,1.8925570659339428,0.0346079027552475,0.1153596758508252,8.852853605367528,8.202853605367528,0.15,0.5,62.451454040551184,-40.69398808579549,-27.127597204344468,13.56639088145102,13.566390881451015,-0.710244077864476,-0.4734658893706199,0.2367781884938559,0.2367781884938559,4.070700000017881,experiment_data_subject0009.csv,21.07,0,低,False,False
0009,pendulumStimulus,block,pendulum,21.069999999979476,4.334270153866206,oscillation,1.268888597743005,1.1189210191369057,0.0346079027552536,0.1153596758508455,5.499705977778649,4.849705977778648,0.15,0.5,62.451454040482034,32.30063359654096,21.727788648429947,-10.572844948111015,10.572844948111012,0.5637524067399374,0.3792214510925512,-0.1845309556473862,0.1845309556473862,5.7969000000059605,experiment_data_subject0009.csv,21.07,0,低,False,False
0009,pendulumStimulus,block,pendulum,21.070000000010097,4.334270153866763,oscillation,1.8916855788727809,1.741718000266701,0.0346079027552492,0.1153596758508307,8.199076345008464,7.549076345008465,0.15,0.5,62.45145404053251,-17.450407841528964,-34.71357420328816,-17.263166361759197,17.263166361759197,-0.3045670726505173,-0.6058661649827458,-0.3012990923322285,0.3012990923322285,4.049,experiment_data_subject0009.csv,21.07,0,低,False,False
0009,pendulumStimulus,block,pendulum,21.07000000001091,4.334270153866777,oscillation,1.5643919644815432,1.4144243858754637,0.0346079027552491,0.1153596758508303,6.780497400601368,6.130497400601367,0.15,0.5,62.45145404053386,38.68231579104431,20.91631691233311,-17.765998878711198,17.765998878711198,0.675133772849918,0.3650585975107869,-0.3100751753391311,0.3100751753391311,3.735199999988079,experiment_data_subject0009.csv,21.07,0,低,False,False
0009,pendulumStimulus,block,pendulum,26.9499999999938,4.447612408439301,oscillation,1.418176867902659,1.2720310394652188,0.03372596040864,0.1124198680288001,6.30750103504545,5.65750103504545,0.15,0.5,71.79004313570745,17.728819910235302,32.20504921735986,14.476229307124552,14.47622930712456,0.3094262799267315,0.5620841446097524,0.2526578646830208,0.252657864683021,8.735700000017882,experiment_data_subject0009.csv,26.95,0,低,False,False
0009,pendulumStimulus,block,pendulum,26.950000000024595,4.447612408439932,oscillation,1.5480853418320286,1.401939513394609,0.0337259604086352,0.1124198680287841,6.885283575656104,6.235283575656104,0.15,0.5,71.79004313575483,23.81818416353438,25.7264212352585,1.9082370717241224,1.9082370717241224,0.4157057355000464,0.4490107553102475,0.0333050198102011,0.0333050198102011,7.221800000011921,experiment_data_subject0009.csv,26.95,0,低,False,False
0009,pendulumStimulus,block,pendulum,26.950000000013056,4.447612408439696,oscillation,1.56857231622226,1.4224264877848327,0.033725960408637,0.1124198680287901,6.976401697165118,6.326401697165117,0.15,0.5,71.79004313573708,-42.28798863667672,-33.14362413993083,9.144364496745888,9.144364496745888,-0.7380646357559568,-0.5784653672852668,0.15959926847069,0.15959926847069,4.95909999999404,experiment_data_subject0009.csv,26.95,0,低,False,False
0009,pendulumStimulus,block,pendulum,26.949999999983465,4.447612408439089,oscillation,2.1094973291237054,1.963351500686258,0.0337259604086416,0.1124198680288054,9.382226496579708,8.732226496579708,0.15,0.5,71.79004313569155,16.929399992798324,5.149663865802496,-11.779736126995829,11.779736126995829,0.295473770261435,0.0898785898292329,-0.2055951804322021,0.2055951804322021,4.44909999999404,experiment_data_subject0009.csv,26.95,0,低,False,False
0009,pendulumStimulus,block,pendulum,26.95000000000216,4.447612408439473,oscillation,1.4845679408371468,1.3384221123997122,0.0337259604086387,0.1124198680287957,6.602782794838731,5.952782794838731,0.15,0.5,71.79004313572032,31.59759684349801,28.987662759881065,-2.6099340836169445,2.6099340836169445,0.5514821006368077,0.505930157617671,-0.0455519430191366,0.0455519430191366,3.985399999976158,experiment_data_subject0009.csv,26.95,0,低,False,False
0009,pendulumStimulus,block,pendulum,59.289999999982754,5.53999641147904,oscillation,1.1892171828268052,1.0718885869719088,0.0270758298126683,0.0902527660422279,6.588258925329714,5.9382589253297136,0.15,0.5,120.83049743175854,-25.45805432673549,-6.2622728106930605,19.195781516042427,19.195781516042427,-0.4443268691531225,-0.1092972792047134,0.335029589948409,0.335029589948409,11.72659999999404,experiment_data_subject0009.csv,59.29,2,高,False,False
0009,pendulumStimulus,block,pendulum,59.29000000000507,5.539996411480378,oscillation,1.6275978889507847,1.5102692930959165,0.0270758298126618,0.0902527660422061,9.016886464120386,8.366886464120386,0.15,0.5,120.8304974317965,53.87090966776489,56.83430525256519,2.963395584800297,2.963395584800303,0.940224744746942,0.99194575474077,0.051721009993828,0.0517210099938281,4.07109999999404,experiment_data_subject0009.csv,59.29,2,高,False,False
0009,pendulumStimulus,block,pendulum,59.29000000002894,5.5399964114818125,oscillation,1.178401886504639,1.0610732906498015,0.0270758298126548,0.0902527660421827,6.528342222519099,5.878342222519098,0.15,0.5,120.83049743183716,-73.14541897519977,-74.5811086350775,-1.4356896598777218,1.4356896598777344,-1.2766283938679726,-1.3016859054696763,-0.0250575116017037,0.0250575116017039,5.495399999976158,experiment_data_subject0009.csv,59.29,2,高,False,False
0009,pendulumStimulus,block,pendulum,59.289999999997406,5.539996411479919,oscillation,1.1494701404781782,1.0321415446233004,0.027075829812664,0.0902527660422135,6.368060453352426,5.718060453352425,0.15,0.5,120.83049743178348,-14.629405236723368,-5.740081925661271,8.889323311062096,8.889323311062096,-0.2553312889893232,-0.1001833289370055,0.1551479600523176,0.1551479600523176,12.448799999982118,experiment_data_subject0009.csv,59.29,2,高,False,False
0009,pendulumStimulus,block,pendulum,59.28999999999608,5.539996411479841,oscillation,1.5881073621758977,1.4707787663210183,0.0270758298126644,0.0902527660422148,8.798109087499189,8.148109087499188,0.15,0.5,120.83049743178124,7.295632280748137,-12.571747306113346,-19.867379586861485,19.867379586861485,0.1273328043138383,-0.2194183832204053,-0.3467511875342436,0.3467511875342436,7.874299999982119,experiment_data_subject0009.csv,59.29,2,高,False,False
0009,pendulumStimulus,block,pendulum,15.190000000010162,4.233160722010722,oscillation,1.5155755956036925,1.3620260276366023,0.035434515684713,0.1181150522823767,6.415675082547557,5.765675082547556,0.15,0.5,52.22951041138301,-13.02756194853034,-28.468305256655302,-15.440743308124969,15.440743308124969,-0.2273738495093824,-0.4968656591914444,-0.269491809682062,0.269491809682062,5.219,experiment_data_subject0009.csv,15.19,0,低,False,False
0009,pendulumStimulus,block,pendulum,15.190000000009958,4.23316072201072,oscillation,1.2741879890052557,1.1206384210381657,0.035434515684713,0.1181150522823767,5.393842547514875,4.743842547514874,0.15,0.5,52.22951041138264,9.414661778827876,5.149663865802496,-4.264997913025381,4.26499791302538,0.1643168460022126,0.0898785898292329,-0.0744382561729796,0.0744382561729796,3.033800000011921,experiment_data_subject0009.csv,15.19,0,低,False,False
0009,pendulumStimulus,block,pendulum,15.190000000004872,4.233160722010637,oscillation,1.44144516432043,1.2878955963533372,0.0354345156847137,0.118115052282379,6.101869052533413,5.451869052533413,0.15,0.5,52.229510411373234,-29.411008479336008,-28.453713443021243,0.9572950363147668,0.9572950363147668,-0.513318934296384,-0.4966109839996926,0.0167079502966913,0.0167079502966913,3.2966999999880797,experiment_data_subject0009.csv,15.19,0,低,False,False
0009,pendulumStimulus,block,pendulum,15.18999999999241,4.2331607220104335,oscillation,1.5705732015738323,1.417023633606732,0.0354345156847154,0.1181150522823847,6.648488787944522,5.998488787944521,0.15,0.5,52.22951041135018,6.163663879513175,16.272099499616136,10.10843562010296,10.10843562010296,0.1075762286837519,0.2840017124804233,0.1764254837966714,0.1764254837966714,2.8494000000059603,experiment_data_subject0009.csv,15.19,0,低,False,False
0009,pendulumStimulus,block,pendulum,15.189999999975116,4.233160722010151,oscillation,1.8256370273264289,1.672087459359318,0.0354345156847177,0.1181150522823926,7.72821495672561,7.07821495672561,0.15,0.5,52.229510411318216,1.717112596968826,0.5937158903306217,-1.1233967066382042,1.1233967066382042,0.0299692684445764,0.0103622971076789,-0.0196069713368975,0.0196069713368975,6.165199999988079,experiment_data_subject0009.csv,15.19,0,低,False,False
0009,pendulumStimulus,block,pendulum,41.65000000001302,4.808175108275875,oscillation,1.6147764003759255,1.479589976137504,0.0311968671319433,0.1039895571064779,7.764127693718843,7.114127693718842,0.15,0.5,93.58332169849103,12.140390528401271,17.96403100556818,5.823640477166909,5.823640477166908,0.2118897871985363,0.3135314879775125,0.1016417007789762,0.1016417007789761,4.0675,experiment_data_subject0009.csv,41.65,1,中,False,False
0009,pendulumStimulus,block,pendulum,41.64999999999115,4.808175108275226,oscillation,1.90379758201709,1.7686111577786503,0.0311968671319476,0.1039895571064919,9.153792145049136,8.503792145049136,0.15,0.5,93.583321698459,21.63702873210044,14.011855686309806,-7.625173045790637,7.625173045790634,0.3776373917237668,0.2445530160403958,-0.1330843756833709,0.1330843756833709,5.144199999988079,experiment_data_subject0009.csv,41.65,1,中,False,False
0009,pendulumStimulus,block,pendulum,41.650000000043065,4.808175108276765,oscillation,1.9803644497802235,1.845178025541827,0.0311968671319376,0.1039895571064587,9.52193905274948,8.87193905274948,0.15,0.5,93.58332169853504,-60.64448248347794,-38.31110815553436,22.33337432794359,22.33337432794359,-1.0584458925047178,-0.6686549774017263,0.3897909151029915,0.3897909151029915,7.009299999982119,experiment_data_subject0009.csv,41.65,1,中,False,False
0009,pendulumStimulus,block,pendulum,41.649999999964834,4.808175108274447,oscillation,1.7835499416029486,1.648363517364487,0.0311968671319526,0.1039895571065088,8.57562043357964,7.92562043357964,0.15,0.5,93.58332169842046,-2.5066633582740163,-13.29683153325777,-10.790168174983757,10.790168174983751,-0.0437495288409798,-0.2320734903383539,-0.1883239614973741,0.1883239614973741,5.808899999976158,experiment_data_subject0009.csv,41.65,1,中,False,False
0009,pendulumStimulus,block,pendulum,41.64999999997882,4.808175108274861,oscillation,1.483630944734282,1.348444520495832,0.0311968671319499,0.1039895571064998,7.133557378337691,6.48355737833769,0.15,0.5,93.58332169844095,-57.39888530694132,-36.34300122311412,21.05588408382721,21.055884083827205,-1.001799535580722,-0.6343050313996675,0.3674945041810545,0.3674945041810544,3.701600000023842,experiment_data_subject0009.csv,41.65,1,中,False,False
0009,pendulumStimulus,block,pendulum,9.310000000002733,4.142033564160476,oscillation,1.656543756871086,1.4996160087175667,0.0362140957277352,0.1207136524257842,6.861459841460531,6.21145984146053,0.15,0.5,40.31490917471493,11.085119455236406,11.86843629083447,0.7833168355980632,0.7833168355980648,0.1934718324707554,0.2071432903382448,0.0136714578674893,0.0136714578674893,5.611199999988079,experiment_data_subject0009.csv,9.31,0,低,False,False
0009,pendulumStimulus,block,pendulum,9.310000000002656,4.142033564160475,oscillation,1.3196539399573326,1.162726191803813,0.0362140957277352,0.1207136524257842,5.466050912379885,4.816050912379884,0.15,0.5,40.31490917471476,-14.56027214117763,-22.642590441327144,-8.082318300149513,8.082318300149513,-0.2541246888499543,-0.3951877543817546,-0.1410630655318003,0.1410630655318003,8.23509999999404,experiment_data_subject0009.csv,9.31,0,低,False,False
0009,pendulumStimulus,block,pendulum,9.309999999994444,4.1420335641603545,oscillation,2.094512769755514,1.9375850216019896,0.0362140957277363,0.1207136524257877,8.675542192889807,8.025542192889807,0.15,0.5,40.31490917469621,-16.006880940527243,-17.902995657926354,-1.8961147173991133,1.8961147173991133,-0.279372775386927,-0.3124662202010633,-0.0330934448141363,0.0330934448141363,4.707799999982119,experiment_data_subject0009.csv,9.31,0,低,False,False
0009,pendulumStimulus,block,pendulum,9.30999999999393,4.142033564160347,oscillation,1.503041072086038,1.3461133239325136,0.0362140957277363,0.1207136524257879,6.225646568891922,5.575646568891922,0.15,0.5,40.314909174695046,17.563874643037373,17.46604430193569,-0.0978303411016825,0.0978303411016825,0.3065474419285459,0.3048399803679724,-0.0017074615605734,0.0017074615605734,2.6941999999880792,experiment_data_subject0009.csv,9.31,0,低,False,False
0009,pendulumStimulus,block,pendulum,9.30999999999111,4.142033564160305,oscillation,2.1089374160287715,1.9520096678752448,0.0362140957277367,0.1207136524257892,8.735289561904676,8.085289561904675,0.15,0.5,40.31490917468868,-10.56273135362924,-11.828162554503075,-1.2654312008738342,1.265431200873836,-0.1843544401244677,-0.2064403810371818,-0.0220859409127141,0.0220859409127141,2.565699999988079,experiment_data_subject0009.csv,9.31,0,低,False,False
0009,pendulumStimulus,block,pendulum,35.769999999979134,4.64765759094014,oscillation,1.967902442345736,1.828047044808045,0.0322743225086979,0.1075810750289929,9.1461367243978,8.4961367243978,0.15,0.5,84.98019986829127,16.222226541893278,21.114403592409797,4.892177050516514,4.892177050516514,0.2831312651604515,0.3685158622824697,0.0853845971220181,0.0853845971220181,5.4225,experiment_data_subject0009.csv,35.77,1,中,False,False
0009,pendulumStimulus,block,pendulum,35.76999999997211,4.647657590939963,oscillation,1.5314843886516718,1.3916289911139756,0.0322743225086991,0.107581075028997,7.117815044322992,6.467815044322991,0.15,0.5,84.98019986828095,54.738952546887184,51.23213506866304,-3.5068174782241446,3.5068174782241446,0.955374951036117,0.8941694397746212,-0.0612055112614958,0.0612055112614958,5.225200000017882,experiment_data_subject0009.csv,35.77,1,中,False,False
0009,pendulumStimulus,block,pendulum,35.769999999989686,4.647657590940407,oscillation,1.4106078945550666,1.2707524970173836,0.032274322508696,0.1075810750289868,6.55602248896932,5.906022488969319,0.15,0.5,84.98019986830676,-46.575686863417,-40.40637671211731,6.16931015129969,6.16931015129969,-0.8128990871444971,-0.705224312427608,0.1076747747168891,0.1076747747168891,4.534800000011921,experiment_data_subject0009.csv,35.77,1,中,False,False
0009,pendulumStimulus,block,pendulum,35.76999999999219,4.64765759094047,oscillation,1.9168326586003923,1.7769772610627117,0.0322743225086956,0.1075810750289853,8.908781856306716,8.258781856306715,0.15,0.5,84.98019986831041,16.890923428675563,12.86954048534334,-4.02138294333222,4.021382943332222,0.2948022275326381,0.2246158546879503,-0.0701863728446878,0.0701863728446878,6.394200000017881,experiment_data_subject0009.csv,35.77,1,中,False,False
0009,pendulumStimulus,block,pendulum,35.76999999998561,4.647657590940304,oscillation,1.456853955190964,1.316998557653278,0.0322743225086967,0.1075810750289892,6.770958343734689,6.120958343734689,0.15,0.5,84.98019986830077,-49.88106902141915,-38.87701676289022,11.00405225852892,11.004052258528931,-0.87058888883831,-0.6785319458654621,0.1920569429728479,0.1920569429728481,3.7595,experiment_data_subject0009.csv,35.77,1,中,False,False
0009,pendulumStimulus,block,pendulum,44.59000000003459,4.8993240527069295,oscillation,1.622347313289319,1.4896759502589705,0.0306164683916189,0.1020548946387297,7.948405213842824,7.298405213842824,0.15,0.5,97.90320773353562,-17.333007897228114,-4.788462068371763,12.544545828856348,12.544545828856348,-0.3025180570808095,-0.0835744291999451,0.2189436278808643,0.2189436278808643,7.473800000011921,experiment_data_subject0009.csv,44.59,1,中,False,False
0009,pendulumStimulus,block,pendulum,44.59000000003722,4.899324052707016,oscillation,1.3037770856942703,1.171105722663924,0.0306164683916183,0.1020548946387279,6.387626435310195,5.737626435310195,0.15,0.5,97.90320773353952,-48.59807219665142,-46.05181987667576,2.5462523199756606,2.5462523199756606,-0.8481963699534805,-0.803755883383361,0.0444404865701194,0.0444404865701194,3.78190000000596,experiment_data_subject0009.csv,44.59,1,中,False,False
0009,pendulumStimulus,block,pendulum,44.5900000000066,4.899324052706022,oscillation,1.5825657060675316,1.4498943430371585,0.0306164683916245,0.1020548946387486,7.753502228724345,7.103502228724345,0.15,0.5,97.90320773349433,-27.50448849469881,-40.4511630606405,-12.946674565941692,12.946674565941692,-0.4800438833093932,-0.7060059816692834,-0.2259620983598902,0.2259620983598902,5.338700000017881,experiment_data_subject0009.csv,44.59,1,中,False,False
0009,pendulumStimulus,block,pendulum,44.59000000002234,4.899324052706533,oscillation,1.4030158310968284,1.2703444680664688,0.0306164683916213,0.1020548946387379,6.873829207620738,6.223829207620738,0.15,0.5,97.90320773351756,29.97358105970653,22.269414001329345,-7.704167058377188,7.704167058377188,0.5231376781052901,0.388674596812922,-0.1344630812923681,0.1344630812923681,3.2532999999821186,experiment_data_subject0009.csv,44.59,1,中,False,False
0009,pendulumStimulus,block,pendulum,44.59000000004143,4.899324052707152,oscillation,1.646028272186188,1.5133569091558456,0.0306164683916175,0.102054894638725,8.064425905357787,7.4144259053577874,0.15,0.5,97.90320773354571,-43.1143751930297,-46.02669223161347,-2.912317038583772,2.912317038583772,-0.7524878020585339,-0.8033173232437515,-0.0508295211852175,0.0508295211852175,2.640899999976158,experiment_data_subject0009.csv,44.59,1,中,False,False
0009,pendulumStimulus,block,pendulum,18.130000000009204,4.282342728141311,oscillation,2.0603341608354886,1.9085480845533311,0.0350275560651133,0.1167585202170443,8.823057011194985,8.173057011194985,0.15,0.5,57.48638536679459,-31.80095149858443,-21.654640218529813,10.146311280054617,10.146311280054617,-0.5550313089173231,-0.3779447701481296,0.1770865387691934,0.1770865387691934,3.67659999999404,experiment_data_subject0009.csv,18.13,0,低,False,False
0009,pendulumStimulus,block,pendulum,18.12999999998955,4.282342728140973,oscillation,2.049320674645733,1.8975345983635636,0.035027556065116,0.1167585202170535,8.775893488698108,8.125893488698107,0.15,0.5,57.48638536676053,11.208138714694474,11.94976405393968,0.7416253392452051,0.7416253392452051,0.1956189235916639,0.2085627275777127,0.0129438039860487,0.0129438039860487,4.556600000023842,experiment_data_subject0009.csv,18.13,0,低,False,False
0009,pendulumStimulus,block,pendulum,18.12999999999702,4.282342728141101,oscillation,1.6227811036212512,1.470995027339086,0.035027556065115,0.11675852021705,6.949304858457255,6.299304858457255,0.15,0.5,57.48638536677347,31.57407108521559,27.40757009025701,-4.166500994958574,4.166500994958574,0.5510714986957511,0.4783523380461043,-0.0727191606496467,0.0727191606496467,3.95959999999404,experiment_data_subject0009.csv,18.13,0,低,False,False
0009,pendulumStimulus,block,pendulum,18.12999999999269,4.282342728141027,oscillation,1.3564411829272451,1.2046551066450777,0.0350275560651156,0.116758520217052,5.808746035859501,5.158746035859501,0.15,0.5,57.48638536676596,33.26130567299744,25.994740683565094,-7.266564989432342,7.266564989432342,0.5805192975060737,0.4536938131303323,-0.1268254843757413,0.1268254843757413,6.51009999999404,experiment_data_subject0009.csv,18.13,0,低,False,False
0009,pendulumStimulus,block,pendulum,18.130000000016757,4.28234272814144,oscillation,1.5591631125705336,1.4073770362883806,0.0350275560651122,0.1167585202170407,6.676870817102799,6.026870817102799,0.15,0.5,57.48638536680768,16.41232745864241,17.96914513328209,1.556817674639681,1.556817674639681,0.2864491520687835,0.3136207463444878,0.0271715942757042,0.0271715942757042,4.520700000017881,experiment_data_subject0009.csv,18.13,0,低,False,False
0009,pendulumStimulus,block,pendulum,65.16999999997724,5.966582060674472,oscillation,1.908280331026739,1.7993402387946844,0.0251400212843203,0.0838000709477344,11.385911189842084,10.735911189842083,0.15,0.5,131.49081685560742,-70.11456115725282,-57.78906989805692,12.325491259195898,12.325491259195898,-1.2237299457849873,-1.008609541386237,0.2151204043987502,0.2151204043987502,9.36509999999404,experiment_data_subject0009.csv,65.17,2,高,False,False
0009,pendulumStimulus,block,pendulum,65.16999999997665,5.966582060674418,oscillation,2.0392494260705782,1.9303093338385224,0.0251400212843205,0.0838000709477351,12.167349042833315,11.517349042833317,0.15,0.5,131.49081685560623,-39.451939247429465,-54.19796174187841,-14.746022494448942,14.74602249444895,-0.688566236164418,-0.9459328802656992,-0.2573666441012813,0.2573666441012814,6.539899999976158,experiment_data_subject0009.csv,65.17,2,高,False,False
0009,pendulumStimulus,block,pendulum,65.16999999995427,5.966582060672436,oscillation,1.1376328310836243,1.0286927388515323,0.0251400212843288,0.0838000709477629,6.787779641575548,6.137779641575548,0.15,0.5,131.49081685556257,-56.033171829079365,-56.607777719305616,-0.5746058902262496,0.5746058902262433,-0.9779633387531684,-0.9879921034389696,-0.0100287646858011,0.010028764685801,4.790200000017881,experiment_data_subject0009.csv,65.17,2,高,False,False
0009,pendulumStimulus,block,pendulum,65.16999999997844,5.96658206067458,oscillation,1.343782477630277,1.234842385398224,0.0251400212843198,0.0838000709477328,8.01778842447765,7.3677884244776495,0.15,0.5,131.49081685560978,-82.24588406747742,-85.75996476950814,-3.5140807020307423,3.5140807020307423,-1.435461473191027,-1.4967937516222571,-0.0613322784312302,0.0613322784312302,4.196199999988079,experiment_data_subject0009.csv,65.17,2,高,False,False
0009,pendulumStimulus,block,pendulum,65.17000000002085,5.966582060678337,oscillation,1.5675719385872586,1.4586318463552743,0.025140021284304,0.0838000709476801,9.3530466075975,8.7030466075975,0.15,0.5,131.49081685569251,-20.876598559746604,-31.0813434311547,-10.204744871408096,10.204744871408096,-0.3643653814846844,-0.542471778816761,-0.1781063973320766,0.1781063973320766,5.552300000011921,experiment_data_subject0009.csv,65.17,2,高,False,False
0010,pendulumStimulus,block,pendulum,3.430000000012738,4.059199382272475,oscillation,2.1056680047017395,1.945537905441597,0.0369530998292636,0.1231769994308787,8.547326263956215,7.897326263956215,0.15,0.5,24.146847996547905,-3.650399597138269,9.873193854802537,13.523593451940808,13.523593451940808,-0.0637114919835373,0.1723197404539752,0.2360312324375126,0.2360312324375126,3.7236999999999534,experiment_data_subject0010.csv,3.43,0,低,False,True
0010,pendulumStimulus,block,pendulum,3.4300000000012054,4.05919938227232,oscillation,1.9001756323100003,1.7400455330498517,0.036953099829265,0.1231769994308834,7.713191752881668,7.063191752881668,0.15,0.5,24.1468479965067,-8.434671335527932,13.40413204222191,21.83880337774984,21.838803377749844,-0.1472127861285498,0.2339462375088438,0.3811590236373936,0.3811590236373937,4.221199999999953,experiment_data_subject0010.csv,3.43,0,低,False,True
0010,pendulumStimulus,block,pendulum,3.429999999993857,4.0591993822722205,oscillation,1.916539142706336,1.7564090434461832,0.0369530998292659,0.1231769994308864,7.779614504174089,7.129614504174088,0.15,0.5,24.14684799648043,3.77138449233609,10.29104695176264,6.519662459426549,6.519662459426549,0.0658230767499196,0.1796126527855841,0.1137895760356644,0.1137895760356644,3.379899999999907,experiment_data_subject0010.csv,3.43,0,低,False,True
0010,pendulumStimulus,block,pendulum,3.4300000000002946,4.059199382272308,oscillation,1.287737112126214,1.127607012866065,0.0369530998292651,0.1231769994308838,5.227181690071853,4.5771816900718525,0.15,0.5,24.146847996503435,-7.229613083625527,-15.51217499955348,-8.282561915927953,8.282561915927953,-0.1261805519545256,-0.2707385278877581,-0.1445579759332325,0.1445579759332325,3.985600000000093,experiment_data_subject0010.csv,3.43,0,低,False,True
0010,pendulumStimulus,block,pendulum,3.430000000004313,4.059199382272362,oscillation,1.888485400338556,1.728355301078409,0.0369530998292646,0.1231769994308821,7.66573877048464,7.01573877048464,0.15,0.5,24.146847996517803,-10.11928176940484,9.160248905493235,19.27953067489808,19.27953067489808,-0.176614784813152,0.1598765037030638,0.3364912885162159,0.3364912885162159,3.9585,experiment_data_subject0010.csv,3.43,0,低,False,True
0010,pendulumStimulus,block,pendulum,50.469999999985816,5.11067999916773,oscillation,1.3552843776628614,1.2280997368507087,0.0293503017258813,0.0978343390862712,6.92642476210607,6.276424762106069,0.15,0.5,106.7083437156336,-19.58160365313108,-81.48028802906616,-61.89868437593508,61.89868437593508,-0.3417634565676869,-1.4220993015805257,-1.0803358450128386,1.0803358450128386,3.7238000000000464,experiment_data_subject0010.csv,50.47,1,中,False,True
0010,pendulumStimulus,block,pendulum,50.469999999977794,5.11067999916741,oscillation,2.0587477371659446,1.931563096353784,0.0293503017258832,0.0978343390862773,10.521600883665158,9.871600883665158,0.15,0.5,106.70834371562135,-58.65203939828991,24.68777715199842,83.33981655028833,83.33981655028833,-1.0236712005095927,0.430882996301001,1.4545541968105935,1.4545541968105935,3.5465,experiment_data_subject0010.csv,50.47,1,中,False,True
0010,pendulumStimulus,block,pendulum,50.46999999998802,5.110679999167819,oscillation,1.63192068362648,1.5047360428143293,0.0293503017258808,0.0978343390862695,8.340224398038124,7.690224398038123,0.15,0.5,106.70834371563696,-25.39592060634072,56.94564846860945,82.34156907495017,82.34156907495017,-0.4432424311557202,0.9938890604605016,1.437131491616222,1.437131491616222,3.699100000000093,experiment_data_subject0010.csv,50.47,1,中,False,True
0010,pendulumStimulus,block,pendulum,50.469999999987984,5.110679999167817,oscillation,1.6544681512382096,1.5272835104260594,0.0293503017258808,0.0978343390862695,8.455457289793273,7.8054572897932735,0.15,0.5,106.7083437156369,-47.685564335791305,42.68428819896042,90.36985253475171,90.36985253475171,-0.8322701033311412,0.7449813679420197,1.577251471273161,1.577251471273161,4.692800000000046,experiment_data_subject0010.csv,50.47,1,中,False,True
0010,pendulumStimulus,block,pendulum,50.46999999996991,5.110679999167095,oscillation,2.045645579658861,1.9184609388466924,0.029350301725885,0.0978343390862833,10.454639949347118,9.804639949347118,0.15,0.5,106.70834371560932,-11.27713644017106,-69.00491806268703,-57.72778162251596,57.72778162251598,-0.1968231610776175,-1.2043630202627953,-1.007539859185178,1.007539859185178,3.554300000000046,experiment_data_subject0010.csv,50.47,1,中,False,True
0010,pendulumStimulus,block,pendulum,12.25000000000653,4.186465708941591,oscillation,1.554061612421383,1.3987993828486651,0.0358297452860117,0.1194324842867059,6.506025649984597,5.856025649984597,0.15,0.5,46.56746344222337,-26.053556726726644,16.79918815841184,42.852744885138485,42.852744885138485,-0.4547203467364964,0.2932011450263294,0.7479214917628259,0.7479214917628259,3.4201999999999533,experiment_data_subject0010.csv,12.25,0,低,False,True
0010,pendulumStimulus,block,pendulum,12.249999999978844,4.186465708941163,oscillation,1.666016578981405,1.5107543494086713,0.0358297452860154,0.1194324842867182,6.974721278433118,6.324721278433118,0.15,0.5,46.56746344216765,26.60653779364868,-19.35391488486017,-45.96045267850885,45.96045267850885,0.464371687055477,-0.3377895378915493,-0.8021612249470262,0.8021612249470262,3.11909999999986,experiment_data_subject0010.csv,12.25,0,低,False,True
0010,pendulumStimulus,block,pendulum,12.249999999998636,4.186465708941469,oscillation,2.1011010788657902,1.945838849293068,0.0358297452860128,0.1194324842867094,8.796187617691556,8.146187617691556,0.15,0.5,46.56746344220748,3.152494160611269,36.446147299114,33.29365313850273,33.29365313850272,0.0550214027525615,0.6361052700363778,0.5810838672838163,0.5810838672838161,3.2300999999998603,experiment_data_subject0010.csv,12.25,0,低,False,True
0010,pendulumStimulus,block,pendulum,12.24999999998268,4.186465708941222,oscillation,1.960714432252321,1.8054522026795892,0.0358297452860149,0.1194324842867165,8.208463735650499,7.558463735650498,0.15,0.5,46.56746344217537,23.20721376171509,32.77004993685807,9.562836175142976,9.56283617514298,0.4050422903560671,0.5719452674411332,0.166902977085066,0.1669029770850661,3.3706999999999536,experiment_data_subject0010.csv,12.25,0,低,False,True
0010,pendulumStimulus,block,pendulum,12.250000000013088,4.186465708941692,oscillation,1.956880160681636,1.8016179311089215,0.0358297452860109,0.1194324842867031,8.192411689201977,7.542411689201977,0.15,0.5,46.56746344223658,-20.263062555574617,13.286583137911991,33.54964569348661,33.54964569348661,-0.3536571581323535,0.2318946220965241,0.5855517802288777,0.5855517802288777,3.076899999999907,experiment_data_subject0010.csv,12.25,0,低,False,True
0010,pendulumStimulus,block,pendulum,21.06999999999748,4.334270153866533,oscillation,1.614175791752864,1.464208213146776,0.034607902755251,0.1153596758508368,6.996273957288318,6.346273957288318,0.15,0.5,62.45145404051171,-9.754980412279734,43.79543508613202,53.55041549841175,53.55041549841176,-0.1702565266618352,0.7643745395964501,0.9346310662582852,0.9346310662582856,3.069600000000093,experiment_data_subject0010.csv,21.07,0,低,False,True
0010,pendulumStimulus,block,pendulum,21.07000000000129,4.334270153866602,oscillation,1.495104918389918,1.3451373397838324,0.0346079027552505,0.115359675850835,6.480188624676583,5.830188624676583,0.15,0.5,62.451454040518,-8.268947435104572,39.880333523150505,48.14928095825507,48.14928095825507,-0.1443203584169149,0.6960431267724465,0.8403634851893613,0.8403634851893613,2.8281999999999536,experiment_data_subject0010.csv,21.07,0,低,False,True
0010,pendulumStimulus,block,pendulum,21.070000000015085,4.334270153866853,oscillation,1.4752044255317678,1.3252368469256908,0.0346079027552485,0.1153596758508283,6.393934512434637,5.743934512434636,0.15,0.5,62.451454040540725,-7.348939182865132,-48.322445244148426,-40.973506061283295,40.97350606128328,-0.1282631852698182,-0.8433857721250652,-0.715122586855247,0.7151225868552468,3.516899999999907,experiment_data_subject0010.csv,21.07,0,低,False,True
0010,pendulumStimulus,block,pendulum,21.069999999990827,4.334270153866412,oscillation,1.209133591170766,1.059166012564674,0.034607902755252,0.11535967585084,5.240711636248764,4.590711636248764,0.15,0.5,62.45145404050075,13.58244977673915,-42.82723454118791,-56.40968431792706,56.40968431792706,0.2370584690908669,-0.7474762522675721,-0.984534721358439,0.984534721358439,3.5,experiment_data_subject0010.csv,21.07,0,低,False,True
0010,pendulumStimulus,block,pendulum,21.06999999998385,4.334270153866286,oscillation,1.4137231825323529,1.2637556039262563,0.034607902755253,0.1153596758508434,6.1274581958788366,5.477458195878836,0.15,0.5,62.45145404048924,-1.317384321524996,43.58272389682104,44.900108218346034,44.900108218346034,-0.0229926939247627,0.7606620289871405,0.7836547229119033,0.7836547229119033,3.654199999999953,experiment_data_subject0010.csv,21.07,0,低,False,True
0010,pendulumStimulus,block,pendulum,9.310000000009678,4.142033564160579,oscillation,2.072615929915168,1.915688181761652,0.0362140957277343,0.1207136524257812,8.584844747322515,7.934844747322516,0.15,0.5,40.314909174730616,26.21651996853497,33.911108410988604,7.694588442453636,7.694588442453636,0.4575645918657754,0.5918604947724936,0.1342959029067181,0.1342959029067181,3.4649000000001395,experiment_data_subject0010.csv,9.31,0,低,False,True
0010,pendulumStimulus,block,pendulum,9.3100000000057,4.14203356416052,oscillation,2.055766494049291,1.8988387458957727,0.0362140957277348,0.1207136524257829,8.515053818428761,7.865053818428761,0.15,0.5,40.31490917472164,-9.209147421471702,27.24164918694513,36.45079660841683,36.45079660841683,-0.1607299438062271,0.4754564719854288,0.6361864157916559,0.6361864157916559,2.93,experiment_data_subject0010.csv,9.31,0,低,False,True
0010,pendulumStimulus,block,pendulum,9.310000000016688,4.142033564160682,oscillation,1.4904396913839173,1.3335119432304054,0.0362140957277334,0.1207136524257782,6.173451227069474,5.523451227069474,0.15,0.5,40.31490917474646,-27.417243239913624,-33.908926532696945,-6.491683292783319,6.491683292783329,-0.4785211663566503,-0.5918224138124263,-0.1133012474557759,0.1133012474557761,3.325899999999907,experiment_data_subject0010.csv,9.31,0,低,False,True
0010,pendulumStimulus,block,pendulum,9.310000000011682,4.1420335641606085,oscillation,1.2796780101848464,1.1227502620313317,0.0362140957277341,0.1207136524257803,5.300469269503894,4.650469269503894,0.15,0.5,40.31490917473516,-21.05045342086511,10.319244454555625,31.369697875420734,31.369697875420734,-0.3673997212317998,0.180104792050162,0.5475045132819618,0.5475045132819618,3.614300000000047,experiment_data_subject0010.csv,9.31,0,低,False,True
0010,pendulumStimulus,block,pendulum,9.3099999999775,4.142033564160104,oscillation,1.6810214002976085,1.5240936521440744,0.0362140957277385,0.120713652425795,6.962847062104111,6.312847062104111,0.15,0.5,40.31490917465792,9.11476273084591,-20.827138616096565,-29.94190134694248,29.94190134694248,0.1590826201913308,-0.3635021426201403,-0.5225847628114713,0.5225847628114713,2.596,experiment_data_subject0010.csv,9.31,0,低,False,True
0010,pendulumStimulus,block,pendulum,15.189999999991429,4.233160722010417,oscillation,1.4711008897828002,1.3175513218156991,0.0354345156847155,0.1181150522823852,6.227406504743125,5.5774065047431245,0.15,0.5,52.229510411348365,-18.87790880124084,26.17290716146959,45.05081596271043,45.05081596271043,-0.3294816644728685,0.4568034047864475,0.786285069259316,0.786285069259316,2.6435,experiment_data_subject0010.csv,15.19,0,低,False,True
0010,pendulumStimulus,block,pendulum,15.189999999977337,4.2331607220101874,oscillation,1.5465581849528625,1.3930086169857532,0.0354345156847174,0.1181150522823916,6.546829362845824,5.896829362845824,0.15,0.5,52.22951041132231,-30.8108838522181,-45.609814981837495,-14.798931129619396,14.798931129619396,-0.5377513686707598,-0.796041442658502,-0.2582900739877422,0.2582900739877422,2.9165999999998604,experiment_data_subject0010.csv,15.19,0,低,False,True
0010,pendulumStimulus,block,pendulum,15.189999999970688,4.233160722010079,oscillation,1.7145413967626355,1.5609918287955225,0.0354345156847183,0.1181150522823946,7.257929297035888,6.607929297035888,0.15,0.5,52.22951041131002,-24.37085376048203,-40.73892058330507,-16.368066822823035,16.368066822823035,-0.425351639642453,-0.7110282978871623,-0.2856766582447093,0.2856766582447093,3.775400000000373,experiment_data_subject0010.csv,15.19,0,低,False,True
0010,pendulumStimulus,block,pendulum,15.190000000000964,4.233160722010572,oscillation,1.1538856468940162,1.000336078926921,0.0354345156847142,0.1181150522823809,4.884583398123509,4.234583398123509,0.15,0.5,52.22951041136601,-1.520967586197544,29.42527997582369,30.94624756202124,30.94624756202124,-0.0265458921952578,0.5135680188992808,0.5401139110945387,0.5401139110945387,3.38280000000028,experiment_data_subject0010.csv,15.19,0,低,False,True
0010,pendulumStimulus,block,pendulum,15.189999999998268,4.2331607220105285,oscillation,1.884413025512735,1.730863457545638,0.0354345156847146,0.1181150522823821,7.977023203645533,7.327023203645533,0.15,0.5,52.22951041136103,21.474345918414265,40.5009896162261,19.026643697811835,19.02664369781184,0.3747980409885345,0.7068756191191801,0.3320775781306455,0.3320775781306456,3.314600000000093,experiment_data_subject0010.csv,15.19,0,低,False,True
0010,pendulumStimulus,block,pendulum,73.9900000000068,7.287546664129499,oscillation,1.3322816920863492,1.2430884381756186,0.0205830585947839,0.0686101953159466,9.709065000844678,9.059065000844678,0.15,0.5,152.56075984934046,-14.262529334716174,76.26507398878155,90.52760332349771,90.52760332349774,-0.2489280965530736,1.331076645381323,1.5800047419343966,1.5800047419343968,2.8426000000000933,experiment_data_subject0010.csv,73.99,2,高,False,True
0010,pendulumStimulus,block,pendulum,73.99000000000026,7.287546664127685,oscillation,1.132182859715658,1.0429896058049053,0.0205830585947891,0.0686101953159636,8.250835422503387,7.600835422503387,0.15,0.5,152.5607598493197,92.24373086188062,6.997464548282469,-85.24626631359814,85.24626631359814,1.6099568178633237,0.1221287956591068,-1.4878280222042166,1.4878280222042166,3.352600000000093,experiment_data_subject0010.csv,73.99,2,高,False,True
0010,pendulumStimulus,block,pendulum,73.9900000000136,7.287546664131391,oscillation,1.655252227692472,1.5660589737817645,0.0205830585947786,0.0686101953159287,12.062727850216326,11.412727850216326,0.15,0.5,152.560759849362,-65.70051404326627,40.96889181382458,106.66940585709084,106.66940585709084,-1.1466902903077687,0.7150420530445906,1.8617323433523596,1.861732343352359,3.342799999999814,experiment_data_subject0010.csv,73.99,2,高,False,True
0010,pendulumStimulus,block,pendulum,73.99000000000237,7.287546664128268,oscillation,1.544139356019552,1.4549461021088064,0.0205830585947874,0.0686101953159581,11.252987612909456,10.602987612909455,0.15,0.5,152.56075984932642,-21.74084981703509,61.833880057055424,83.57472987409052,83.57472987409052,-0.3794494114888691,1.0792047962788764,1.4586542077677456,1.4586542077677456,3.011399999999907,experiment_data_subject0010.csv,73.99,2,高,False,True
0010,pendulumStimulus,block,pendulum,73.99000000004392,7.287546664139823,oscillation,1.8566545249358448,1.7674612710252404,0.0205830585947548,0.0686101953158494,13.530456489656324,12.880456489656323,0.15,0.5,152.5607598494582,70.5829786730444,99.10295022467676,28.519971551632384,28.519971551632384,1.2319053737095629,1.729672779860664,0.4977674061511011,0.4977674061511011,3.0586999999997206,experiment_data_subject0010.csv,73.99,2,高,False,True
0010,pendulumStimulus,block,pendulum,65.170000000021,5.966582060678352,oscillation,1.8958581905717948,1.786918098339811,0.0251400212843039,0.0838000709476799,11.311793469455791,10.661793469455793,0.15,0.5,131.4908168556928,32.265652229858745,-60.63634718637168,-92.90199941623042,92.90199941623042,0.5631418667144854,-1.0583039047845857,-1.6214457714990709,1.6214457714990709,2.468100000000093,experiment_data_subject0010.csv,65.17,2,高,False,True
0010,pendulumStimulus,block,pendulum,65.16999999999993,5.966582060676482,oscillation,1.5220472117326551,1.413107119500637,0.0251400212843118,0.0838000709477061,9.08141958902672,8.431419589026719,0.15,0.5,131.49081685565167,86.0532314170043,103.28394390765187,17.23071249064758,17.23071249064758,1.5019122202073505,1.8026448856336637,0.3007326654263129,0.3007326654263129,2.921,experiment_data_subject0010.csv,65.17,2,高,False,True
0010,pendulumStimulus,block,pendulum,65.16999999999149,5.966582060675733,oscillation,1.5121223592105786,1.403182266978547,0.025140021284315,0.0838000709477166,9.022202142012503,8.372202142012505,0.15,0.5,131.4908168556352,77.57937366442818,-1.896087367827254,-79.47546103225542,79.47546103225542,1.35401550207925,-0.0330929674740583,-1.3871084695533082,1.3871084695533082,2.548,experiment_data_subject0010.csv,65.17,2,高,False,True
0010,pendulumStimulus,block,pendulum,65.16999999999891,5.966582060676393,oscillation,1.9988370142783385,1.8898969220463189,0.0251400212843122,0.0838000709477074,11.926225071609096,11.276225071609096,0.15,0.5,131.49081685564968,91.19913506893604,-10.347175905453378,-101.5463109743894,101.5463109743894,1.5917251819239595,-0.1805922878331869,-1.7723174697571469,1.7723174697571469,2.748299999999814,experiment_data_subject0010.csv,65.17,2,高,False,True
0010,pendulumStimulus,block,pendulum,65.1700000000144,5.966582060677765,oscillation,1.857747478028676,1.748807385796681,0.0251400212843064,0.0838000709476881,11.084402775675256,10.434402775675256,0.15,0.5,131.49081685567992,-60.77176048852849,-85.40045266630808,-24.6286921777796,24.6286921777796,-1.0606673127582198,-1.4905190817206464,-0.4298517689624266,0.4298517689624266,3.661799999999814,experiment_data_subject0010.csv,65.17,2,高,False,True
0010,pendulumStimulus,block,pendulum,26.94999999997824,4.447612408438983,oscillation,2.0080425053801565,1.861896676942706,0.0337259604086424,0.1124198680288081,8.930994763601687,8.280994763601687,0.15,0.5,71.7900431356835,18.07785951324504,-46.30798688327166,-64.3858463965167,64.3858463965167,0.3155181702191054,-0.8082268410834376,-1.123745011302543,1.123745011302543,2.366100000000093,experiment_data_subject0010.csv,26.95,0,低,False,True
0010,pendulumStimulus,block,pendulum,26.950000000025867,4.447612408439958,oscillation,1.1798680759001383,1.0337222474627197,0.033725960408635,0.1124198680287835,5.247595894695633,4.597595894695632,0.15,0.5,71.79004313575679,41.357752349691125,30.24067385398925,-11.117078495701875,11.117078495701875,0.7218289497265314,0.5277993267738754,-0.194029622952656,0.194029622952656,5.248099999999628,experiment_data_subject0010.csv,26.95,0,低,False,True
0010,pendulumStimulus,block,pendulum,26.94999999999921,4.447612408439412,oscillation,2.003841783289243,1.8576959548518064,0.0337259604086391,0.1124198680287973,8.912311579906595,8.262311579906594,0.15,0.5,71.79004313571578,4.693282027233843,-13.33121214172949,-18.02449416896333,18.024494168963333,0.0819132240999047,-0.2326735451550245,-0.3145867692549292,0.3145867692549293,3.4763999999999067,experiment_data_subject0010.csv,26.95,0,低,False,True
0010,pendulumStimulus,block,pendulum,26.95000000000013,4.447612408439431,oscillation,1.5159007058445395,1.3697548774071038,0.033725960408639,0.1124198680287968,6.742138789276267,6.092138789276267,0.15,0.5,71.7900431357172,-20.68332720835376,28.82978332852593,49.51311053687969,49.51311053687969,-0.3609921600531002,0.5031746417193476,0.8641668017724478,0.8641668017724478,3.3617000000001864,experiment_data_subject0010.csv,26.95,0,低,False,True
0010,pendulumStimulus,block,pendulum,26.950000000001506,4.44761240843946,oscillation,1.4794934137225175,1.3333475852850825,0.0337259604086388,0.1124198680287961,6.580213265076724,5.930213265076723,0.15,0.5,71.79004313571932,-24.5197059228142,-23.644021292245668,0.8756846305685311,0.8756846305685311,-0.4279495999738624,-0.4126660199613313,0.015283580012531,0.015283580012531,2.850899999999907,experiment_data_subject0010.csv,26.95,0,低,False,True
0010,pendulumStimulus,block,pendulum,62.230000000011245,5.7326025789078905,oscillation,1.1143125710942108,1.0009260261431336,0.0261661257579408,0.0872204191931362,6.387911118764155,5.7379111187641545,0.15,0.5,125.97980059749456,6.422765512888921,-64.74823426676461,-71.17099977965353,71.17099977965354,0.1120984052834539,-1.1300698728076588,-1.2421682780911127,1.2421682780911132,4.04230000000028,experiment_data_subject0010.csv,62.23,2,高,False,True
0010,pendulumStimulus,block,pendulum,62.22999999998984,5.732602578906356,oscillation,1.5454808600180412,1.4320943150669336,0.0261661257579478,0.0872204191931595,8.859627563789836,8.209627563789835,0.15,0.5,125.97980059745588,54.29645261075813,104.3827540960496,50.08630148529148,50.08630148529147,0.9476518702108004,1.821822741275663,0.8741708710648625,0.8741708710648624,3.90330000000028,experiment_data_subject0010.csv,62.23,2,高,False,True
0010,pendulumStimulus,block,pendulum,62.22999999997948,5.732602578905612,oscillation,1.1371074687623195,1.0237209238111973,0.0261661257579512,0.0872204191931708,6.518585207919705,5.868585207919705,0.15,0.5,125.97980059743718,49.50192621517464,49.68634005465908,0.1844138394844466,0.1844138394844402,0.8639715985340923,0.8671902272193402,0.0032186286852479,0.0032186286852478,4.608799999999814,experiment_data_subject0010.csv,62.23,2,高,False,True
0010,pendulumStimulus,block,pendulum,62.22999999996954,5.732602578904901,oscillation,1.4719399165761575,1.358553371625021,0.0261661257579545,0.0872204191931817,8.438046561757545,7.788046561757544,0.15,0.5,125.9798005974192,2.7155632652606587,42.79288503682358,40.077321771562914,40.077321771562914,0.0473955200250066,0.7468767403199863,0.6994812202949796,0.6994812202949796,3.4585,experiment_data_subject0010.csv,62.23,2,高,False,True
0010,pendulumStimulus,block,pendulum,62.22999999998896,5.732602578906293,oscillation,1.9498935836300828,1.836507038678974,0.0261661257579481,0.0872204191931605,11.177964986110643,10.527964986110645,0.15,0.5,125.97980059745429,-58.107794623751495,12.476437842118704,70.5842324658702,70.5842324658702,-1.0141723372571232,0.2177549192653878,1.231927256522511,1.231927256522511,2.737899999999907,experiment_data_subject0010.csv,62.23,2,高,False,True
0010,pendulumStimulus,block,pendulum,53.40999999996585,5.235252547605464,oscillation,1.6581101398384317,1.5339518506079912,0.0286519128993324,0.0955063763311081,8.680625333799602,8.030625333799602,0.15,0.5,111.25380918530612,-71.0960124379317,21.27207006000335,92.36808249793506,92.36808249793506,-1.240859502080749,0.3712676612619662,1.6121271633427152,1.6121271633427152,2.7665,experiment_data_subject0010.csv,53.41,1,中,False,True
0010,pendulumStimulus,block,pendulum,53.41000000000972,5.235252547607439,oscillation,1.3930951225971455,1.2689368333667517,0.0286519128993216,0.0955063763310721,7.293204789636203,6.6432047896362025,0.15,0.5,111.25380918537492,26.567349449103265,-34.27937006533036,-60.84671951443364,60.84671951443364,0.4636877214147537,-0.5982878731495985,-1.0619755945643523,1.0619755945643523,3.5853000000002795,experiment_data_subject0010.csv,53.41,1,中,False,True
0010,pendulumStimulus,block,pendulum,53.40999999997891,5.235252547606052,oscillation,1.3878498633326943,1.2636915741022676,0.0286519128993292,0.0955063763310974,7.265744532707199,6.615744532707199,0.15,0.5,111.2538091853266,-22.69646773765041,-72.87164061598489,-50.17517287833448,50.17517287833448,-0.3961280905946682,-1.271850060078965,-0.8757219694842969,0.8757219694842969,4.0755,experiment_data_subject0010.csv,53.41,1,中,False,True
0010,pendulumStimulus,block,pendulum,53.40999999997013,5.235252547605657,oscillation,1.4653271031035184,1.3411688138730824,0.0286519128993313,0.0955063763311046,7.671357449598312,7.021357449598312,0.15,0.5,111.25380918531285,-37.10874782904098,-63.29244425164128,-26.1836964226003,26.1836964226003,-0.6476698309090629,-1.1046615438260987,-0.4569917129170358,0.4569917129170358,3.7638999999999063,experiment_data_subject0010.csv,53.41,1,中,False,True
0010,pendulumStimulus,block,pendulum,53.41000000000322,5.235252547607145,oscillation,1.1287845151433442,1.0046262259129437,0.0286519128993232,0.0955063763310774,5.909472008603689,5.259472008603689,0.15,0.5,111.25380918536472,-34.93903972818727,-64.90561104166366,-29.966571313476383,29.9665713134764,-0.6098012807419725,-1.1328166156958173,-0.5230153349538448,0.523015334953845,3.771,experiment_data_subject0010.csv,53.41,1,中,False,True
0010,pendulumStimulus,block,pendulum,29.88999999996852,4.509792396991141,oscillation,1.3507101867971374,1.206579383695498,0.0332609545619167,0.1108698485397225,6.091422530956215,5.441422530956214,0.15,0.5,76.26096482558289,-23.76123560797494,34.39224952678809,58.15348513476303,58.15348513476304,-0.4147117957012792,0.6002579914099139,1.0149697871111931,1.0149697871111931,3.138,experiment_data_subject0010.csv,29.89,1,中,False,True
0010,pendulumStimulus,block,pendulum,29.8900000000056,4.509792396991951,oscillation,1.408345651735469,1.2642148486338556,0.0332609545619107,0.1108698485397026,6.351346512533293,5.701346512533292,0.15,0.5,76.26096482563868,11.236642898017942,-54.82713888588032,-66.06378178389826,66.06378178389826,0.1961164154412505,-0.9569140930068272,-1.153030508448078,1.153030508448078,3.10280000000028,experiment_data_subject0010.csv,29.89,1,中,False,True
0010,pendulumStimulus,block,pendulum,29.889999999991492,4.509792396991643,oscillation,2.005864173795024,1.8617333706934005,0.033260954561913,0.1108698485397101,9.046031000378722,8.396031000378722,0.15,0.5,76.26096482561746,-1.599121325729151,36.98387979874607,38.58300112447522,38.58300112447522,-0.0279099322728303,0.6454904726499366,0.6734004049227671,0.6734004049227671,3.795,experiment_data_subject0010.csv,29.89,1,中,False,True
0010,pendulumStimulus,block,pendulum,29.88999999998994,4.509792396991609,oscillation,1.6203010039561645,1.47617020085454,0.0332609545619133,0.110869848539711,7.307221148479381,6.657221148479381,0.15,0.5,76.26096482561513,-6.664395322201248,51.40274418230149,58.06713950450274,58.06713950450274,-0.1163156410269201,0.8971471305415213,1.0134627715684414,1.0134627715684414,2.552799999999814,experiment_data_subject0010.csv,29.89,1,中,False,True
0010,pendulumStimulus,block,pendulum,29.89000000000522,4.509792396991943,oscillation,1.932473713687539,1.788342910585925,0.0332609545619108,0.1108698485397028,8.715055261374848,8.065055261374848,0.15,0.5,76.26096482563811,13.580149058931728,55.5429527407552,41.962803681823466,41.96280368182348,0.2370183139899681,0.9694074016057866,0.7323890876158186,0.7323890876158187,3.089600000000093,experiment_data_subject0010.csv,29.89,1,中,False,True
0010,pendulumStimulus,block,pendulum,32.829999999989994,4.57627623694403,oscillation,1.6580160957838257,1.515979215502739,0.0327777416033276,0.1092591386777588,7.587539659606237,6.937539659606236,0.15,0.5,80.64796494242202,-54.03303113389813,-26.319341430920304,27.71368970297783,27.713689702977828,-0.9430542981191274,-0.4593591649261149,0.4836951331930125,0.4836951331930124,3.787,experiment_data_subject0010.csv,32.83,1,中,False,True
0010,pendulumStimulus,block,pendulum,32.8300000000221,4.576276236944782,oscillation,1.877394349461662,1.7353574691805989,0.0327777416033222,0.1092591386777408,8.591475148815812,7.941475148815812,0.15,0.5,80.64796494246959,13.211651727907984,-67.39514152545304,-80.60679325336103,80.60679325336103,0.2305868222787923,-1.1762671194667094,-1.4068539417455015,1.4068539417455015,4.1295,experiment_data_subject0010.csv,32.83,1,中,False,True
0010,pendulumStimulus,block,pendulum,32.82999999998893,4.576276236944005,oscillation,1.310152455380451,1.168115575099364,0.0327777416033278,0.1092591386777594,5.995619548331399,5.345619548331399,0.15,0.5,80.64796494242046,3.9136881978775753,-8.36400073122874,-12.277688929106317,12.277688929106317,0.068306744949407,-0.1459793513991548,-0.2142860963485618,0.2142860963485618,5.799700000000186,experiment_data_subject0010.csv,32.83,1,中,False,True
0010,pendulumStimulus,block,pendulum,32.83000000002412,4.576276236944829,oscillation,1.4865673476907022,1.3445304674096406,0.0327777416033219,0.1092591386777397,6.802942827855063,6.152942827855062,0.15,0.5,80.64796494247258,31.254498209666544,-7.918403556317706,-39.17290176598425,39.17290176598425,0.5454938998173542,-0.1382022135593722,-0.6836961133767264,0.6836961133767264,3.286,experiment_data_subject0010.csv,32.83,1,中,False,True
0010,pendulumStimulus,block,pendulum,32.8299999999936,4.576276236944114,oscillation,2.099262188336142,1.957225308055058,0.032777741603327,0.1092591386777568,9.606803667597989,8.956803667597987,0.15,0.5,80.64796494242735,-4.547206857868482,12.477772433937698,17.024979291806183,17.024979291806183,-0.0793637314390708,0.2177782122867994,0.2971419437258703,0.2971419437258703,5.267599999999628,experiment_data_subject0010.csv,32.83,1,中,False,True
0010,pendulumStimulus,block,pendulum,71.0499999999941,6.666037126451999,oscillation,1.593282933106771,1.4957737252116203,0.0225021248988808,0.0750070829962696,10.620883185032072,9.970883185032072,0.15,0.5,144.34091230384644,-66.39681136260324,-45.72732328790993,20.66948807469332,20.669488074693305,-1.1588429711030093,-0.7980923494979073,0.3607506216051019,0.3607506216051018,4.4175,experiment_data_subject0010.csv,71.05,2,高,False,True
0010,pendulumStimulus,block,pendulum,71.04999999998587,6.666037126450649,oscillation,2.0821115889047785,1.9846023810096085,0.0225021248988854,0.0750070829962848,13.879433153052409,13.229433153052408,0.15,0.5,144.34091230382583,93.20341045826326,60.247943237561046,-32.9554672207022,32.9554672207022,1.6267063865844107,1.0515249770500923,-0.5751814095343182,0.5751814095343182,4.2392999999998136,experiment_data_subject0010.csv,71.05,2,高,False,True
0010,pendulumStimulus,block,pendulum,71.050000000051,6.666037126461333,oscillation,1.118781098622817,1.0212718907278031,0.0225021248988493,0.0750070829961646,7.457836339802897,6.807836339802897,0.15,0.5,144.3409123039891,45.12787314100904,31.389462887731924,-13.73841025327712,13.738410253277111,0.7876299707329231,0.5478494778234893,-0.2397804929094338,0.2397804929094337,3.414100000000093,experiment_data_subject0010.csv,71.05,2,高,False,True
0010,pendulumStimulus,block,pendulum,71.04999999998874,6.666037126451119,oscillation,1.841140243217487,1.7436310353223234,0.0225021248988838,0.0750070829962795,12.273109216291012,11.623109216291011,0.15,0.5,144.34091230383302,52.59081766595153,61.436875905289256,8.846058239337728,8.846058239337733,0.9178829245868536,1.0722757666864695,0.1543928420996159,0.154392842099616,5.4685,experiment_data_subject0010.csv,71.05,2,高,False,True
0010,pendulumStimulus,block,pendulum,68.11000000000362,6.263260624860021,oscillation,1.8868109180036363,1.7830311076249927,0.0239491870104562,0.0798306233681876,11.817588529288168,11.167588529288167,0.15,0.5,137.51888712457549,-69.73570004552887,-57.03853521800587,12.697164827523002,12.697164827523002,-1.2171175719776384,-0.995510240068944,0.2216073319086943,0.2216073319086943,4.819399999999907,experiment_data_subject0010.csv,68.11,2,高,False,True
0010,pendulumStimulus,block,pendulum,68.1100000000483,6.263260624865181,oscillation,1.994733767714582,1.8909539573360237,0.0239491870104365,0.0798306233681218,12.49353746441571,11.843537464415707,0.15,0.5,137.51888712467218,52.46140137150713,31.66991649301838,-20.791484878488752,20.791484878488752,0.9156241841430685,0.5527443166348265,-0.3628798675082418,0.3628798675082418,3.5202999999998137,experiment_data_subject0010.csv,68.11,2,高,False,True
0010,pendulumStimulus,block,pendulum,68.11000000003585,6.263260624863742,oscillation,1.9717686401123864,1.867988829733804,0.023949187010442,0.0798306233681402,12.349700884957034,11.699700884957034,0.15,0.5,137.51888712464523,-8.222269393775964,16.96440652970977,25.186675923485733,25.18667592348573,-0.1435056729073487,0.2960847495902607,0.4395904224976094,0.4395904224976093,4.043,experiment_data_subject0010.csv,68.11,2,高,False,True
0010,pendulumStimulus,block,pendulum,68.11000000000271,6.263260624859916,oscillation,1.2008212247307797,1.097041414352134,0.0239491870104566,0.079830623368189,7.521056294352352,6.871056294352352,0.15,0.5,137.51888712457352,37.9806726472831,-5.259524491431469,-43.24019713871458,43.24019713871458,0.6628877898172411,-0.0917960194647594,-0.7546838092820006,0.7546838092820006,2.800399999999907,experiment_data_subject0010.csv,68.11,2,高,False,True
0010,pendulumStimulus,block,pendulum,68.10999999996426,6.2632606248554765,oscillation,1.1070493062868902,1.003269495908171,0.0239491870104736,0.0798306233682455,6.93373832984025,6.28373832984025,0.15,0.5,137.51888712449028,63.57705774863258,53.94525076792125,-9.63180698071133,9.63180698071133,1.109628986444212,0.9415222417142252,-0.1681067447299866,0.1681067447299866,3.662399999999907,experiment_data_subject0010.csv,68.11,2,高,False,True
0010,pendulumStimulus,block,pendulum,59.28999999998524,5.53999641147919,oscillation,1.9330256732838151,1.815697077428922,0.0270758298126676,0.0902527660422254,10.70895529328948,10.05895529328948,0.15,0.5,120.83049743176277,-55.40583738010568,-52.06542210490058,3.340415275205091,3.340415275205097,-0.967014287107393,-0.9087130421711516,0.0583012449362413,0.0583012449362414,3.79930000000028,experiment_data_subject0010.csv,59.29,2,高,False,True
0010,pendulumStimulus,block,pendulum,59.29000000002907,5.539996411481819,oscillation,1.4089667168637106,1.291638121008873,0.0270758298126547,0.0902527660421826,7.805670555322276,7.155670555322276,0.15,0.5,120.83049743183736,48.43109714137871,58.41114698382131,9.980049842442597,9.980049842442597,0.8452821054702722,1.0194668347340368,0.1741847292637646,0.1741847292637646,4.2551999999997205,experiment_data_subject0010.csv,59.29,2,高,False,True
0010,pendulumStimulus,block,pendulum,59.29000000000549,5.539996411480405,oscillation,1.482660685917888,1.3653320900630206,0.0270758298126617,0.0902527660422056,8.213934879428175,7.563934879428174,0.15,0.5,120.83049743179724,24.98842773569096,64.22110239248003,39.23267465678907,39.23267465678907,0.4361303388844786,1.1208696860091842,0.6847393471247056,0.6847393471247056,4.426399999999907,experiment_data_subject0010.csv,59.29,2,高,False,True
0010,pendulumStimulus,block,pendulum,59.29000000004582,5.539996411482824,oscillation,1.9153249310520564,1.79799633519724,0.0270758298126498,0.0902527660421662,10.61089324485198,9.96089324485198,0.15,0.5,120.8304974318659,-14.047275787791474,-53.81994214029216,-39.77266635250069,39.77266635250069,-0.2451712134326414,-0.9393351935809422,-0.6941639801483007,0.6941639801483007,3.826600000000093,experiment_data_subject0010.csv,59.29,2,高,False,True
0010,pendulumStimulus,block,pendulum,59.28999999998675,5.53999641147928,oscillation,1.553313219007654,1.4359846231527629,0.0270758298126672,0.090252766042224,8.605349659205732,7.955349659205732,0.15,0.5,120.83049743176532,-39.59302239856344,-73.62714837599006,-34.034125977426626,34.03412597742662,-0.6910286016707947,-1.2850361580154226,-0.5940075563446279,0.5940075563446279,3.046600000000093,experiment_data_subject0010.csv,59.29,2,高,False,True
0010,pendulumStimulus,block,pendulum,41.64999999997872,4.808175108274858,oscillation,1.5683651440700803,1.4331787198316306,0.0311968671319499,0.1039895571064999,7.540974246403673,6.8909742464036725,0.15,0.5,93.5833216984408,-43.69170659165571,18.916912949594742,62.60861954125046,62.60861954125046,-0.7625641358397017,0.3301624152835804,1.0927265511232822,1.0927265511232822,3.2765,experiment_data_subject0010.csv,41.65,1,中,False,True
0010,pendulumStimulus,block,pendulum,41.65000000000765,4.808175108275716,oscillation,1.5726260994484695,1.4374396752100438,0.0311968671319444,0.1039895571064814,7.561461665992862,6.911461665992862,0.15,0.5,93.5833216984832,-18.04119136192007,45.50615477451829,63.54734613643837,63.54734613643837,-0.3148781902478652,0.7942322307374821,1.1091104209853473,1.109110420985347,5.434700000000186,experiment_data_subject0010.csv,41.65,1,中,False,True
0010,pendulumStimulus,block,pendulum,41.649999999976,4.808175108274777,oscillation,1.468049675218606,1.3328632509801537,0.0311968671319505,0.1039895571065017,7.058639906096972,6.408639906096972,0.15,0.5,93.5833216984368,18.126125211961156,16.21253313142427,-1.913592080536884,1.913592080536884,0.3163605655774771,0.28296208323202,-0.0333984823454571,0.0333984823454571,3.378,experiment_data_subject0010.csv,41.65,1,中,False,True
0010,pendulumStimulus,block,pendulum,41.64999999998151,4.80817510827494,oscillation,1.2361851765232428,1.100998752284795,0.0311968671319494,0.1039895571064981,5.943794794977519,5.293794794977519,0.15,0.5,93.58332169844488,37.12574577054636,9.866285278728672,-27.25946049181769,27.25946049181769,0.6479665009543932,0.1721991630548617,-0.4757673378995314,0.4757673378995314,3.5076000000000933,experiment_data_subject0010.csv,41.65,1,中,False,True
0010,pendulumStimulus,block,pendulum,41.6499999999842,4.80817510827502,oscillation,1.394321288207384,1.2591348639689386,0.0311968671319489,0.1039895571064964,6.7041409108967045,6.054140910896704,0.15,0.5,93.58332169844884,-34.546174980956536,-33.02846156712055,1.517713413835987,1.5177134138359805,-0.6029444973877809,-0.5764554012146597,0.0264890961731212,0.0264890961731211,4.795599999999627,experiment_data_subject0010.csv,41.65,1,中,False,True
0010,pendulumStimulus,block,pendulum,47.52999999996476,4.999536822391451,oscillation,1.6094728924616946,1.4794608487281948,0.0300027793231153,0.1000092644103844,8.046618990503118,7.396618990503118,0.15,0.5,102.26889899590384,-27.36028428926968,4.307242988783334,31.66752727805301,31.66752727805301,-0.4775270451294326,0.0751755718377103,0.552702616967143,0.552702616967143,3.508100000000093,experiment_data_subject0010.csv,47.53,1,中,False,True
0010,pendulumStimulus,block,pendulum,47.530000000014624,4.999536822393238,oscillation,1.999957773816144,1.8699457300826907,0.0300027793231046,0.1000092644103487,9.998862533425418,9.348862533425418,0.15,0.5,102.26889899597845,-70.10454628496014,-23.742052693650745,46.36249359130939,46.36249359130939,-1.2235551532893132,-0.4143769906861941,0.809178162603119,0.809178162603119,3.3957000000001862,experiment_data_subject0010.csv,47.53,1,中,False,True
0010,pendulumStimulus,block,pendulum,47.53000000003049,4.999536822393806,oscillation,1.726747212447515,1.5967351687140765,0.0300027793231012,0.1000092644103373,8.632936271597211,7.982936271597211,0.15,0.5,102.26889899600216,-49.703066266770506,-18.114619929366174,31.588446337404328,31.588446337404328,-0.8674821546920716,-0.3161597605148225,0.5513223941772492,0.5513223941772492,3.1085,experiment_data_subject0010.csv,47.53,1,中,False,True
0010,pendulumStimulus,block,pendulum,47.53000000002498,4.999536822393608,oscillation,2.0324603162988235,1.90244827256538,0.0300027793231023,0.1000092644103413,10.161360191389727,9.511360191389729,0.15,0.5,102.26889899599392,-48.63853504661631,-12.512156744659066,36.12637830195724,36.12637830195724,-0.8489025799101082,-0.2183783317199161,0.630524248190192,0.630524248190192,2.9047999999998138,experiment_data_subject0010.csv,47.53,1,中,False,True
0010,pendulumStimulus,block,pendulum,18.130000000009485,4.282342728141315,oscillation,1.456624608165591,1.3048385318834337,0.0350275560651132,0.1167585202170442,6.237765798409611,5.5877657984096105,0.15,0.5,57.48638536679508,26.482756145236923,23.851611564023173,-2.6311445812137477,2.6311445812137477,0.4622112897371459,0.4162891536989587,-0.0459221360381872,0.0459221360381872,4.162100000000093,experiment_data_subject0010.csv,18.13,0,低,False,True
0010,pendulumStimulus,block,pendulum,18.13000000002096,4.282342728141512,oscillation,1.1904941640375175,1.0387080877553672,0.0350275560651116,0.1167585202170388,5.098104026260973,4.448104026260973,0.15,0.5,57.48638536681495,4.544555081416923,27.180497953306293,22.63594287188937,22.63594287188937,0.0793174492089642,0.4743891816167748,0.3950717324078105,0.3950717324078105,4.0174000000003725,experiment_data_subject0010.csv,18.13,0,低,False,True
0010,pendulumStimulus,block,pendulum,18.13000000001957,4.282342728141489,oscillation,2.122579367975705,1.970793291693553,0.0350275560651118,0.1167585202170394,9.089612321353917,8.439612321353916,0.15,0.5,57.48638536681256,-38.310852191115366,-24.696214944461005,13.61463724665436,13.614637246654368,-0.668650509979847,-0.431030263561073,0.2376202464187739,0.237620246418774,3.682399999999907,experiment_data_subject0010.csv,18.13,0,低,False,True
0010,pendulumStimulus,block,pendulum,18.12999999999469,4.282342728141061,oscillation,1.3127713672863477,1.160985291004181,0.0350275560651153,0.1167585202170511,5.621736918410488,4.971736918410488,0.15,0.5,57.48638536676943,-35.9637518788362,-33.29514476614607,2.668607112690125,2.668607112690125,-0.6276858816559885,-0.5811099010974065,0.046575980558582,0.046575980558582,3.3845,experiment_data_subject0010.csv,18.13,0,低,False,True
0010,pendulumStimulus,block,pendulum,18.13000000000187,4.2823427281411846,oscillation,1.563442085548315,1.411656009266153,0.0350275560651143,0.1167585202170477,6.695194845917715,6.045194845917715,0.15,0.5,57.486385366781874,12.715132884693691,10.673683792786388,-2.0414490919073054,2.0414490919073054,0.2219209336665094,0.1862909255008786,-0.0356300081656308,0.0356300081656308,2.9466999999997205,experiment_data_subject0010.csv,18.13,0,低,False,True
0010,pendulumStimulus,block,pendulum,35.76999999999426,4.647657590940521,oscillation,1.4672462652887712,1.3273908677510915,0.0322743225086952,0.1075810750289841,6.819258242648488,6.169258242648487,0.15,0.5,84.98019986831345,34.79732986348496,45.84052309339235,11.043193229907386,11.043193229907386,0.6073279770203616,0.8000680588161926,0.192740081795831,0.192740081795831,3.586299999999813,experiment_data_subject0010.csv,35.77,1,中,False,True
0010,pendulumStimulus,block,pendulum,35.769999999983064,4.64765759094024,oscillation,1.9891894675310349,1.849334069993347,0.0322743225086972,0.1075810750289906,9.245071528588989,8.595071528588987,0.15,0.5,84.98019986829703,-20.04216335595155,-41.30141645193876,-21.259253095987216,21.25925309598721,-0.3498017397839108,-0.7208457028236859,-0.371043963039775,0.3710439630397749,3.253899999999907,experiment_data_subject0010.csv,35.77,1,中,False,True
0010,pendulumStimulus,block,pendulum,35.76999999999235,4.647657590940473,oscillation,1.9932711048967715,1.8534157073590904,0.0322743225086955,0.1075810750289852,9.264041581475784,8.614041581475783,0.15,0.5,84.98019986831066,-14.225840086188612,45.05973089531789,59.285570981506496,59.285570981506496,-0.2482877483661852,0.7864406641859094,1.0347284125520946,1.0347284125520946,5.958100000000093,experiment_data_subject0010.csv,35.77,1,中,False,True
0010,pendulumStimulus,block,pendulum,35.770000000003485,4.647657590940754,oscillation,1.532474758008817,1.3926193604711443,0.0322743225086936,0.1075810750289787,7.122417941984772,6.472417941984772,0.15,0.5,84.98019986832699,-17.48911179305976,-31.24391396200745,-13.75480216894769,13.75480216894769,-0.305242584038262,-0.5453091698468565,-0.2400665858085945,0.2400665858085945,3.494100000000093,experiment_data_subject0010.csv,35.77,1,中,False,True
0010,pendulumStimulus,block,pendulum,56.34999999996802,5.376706026622447,oscillation,1.5950077509642786,1.474115889519453,0.0278981218718828,0.0929937395729428,8.575887787119152,7.925887787119152,0.15,0.5,115.944479772318,-65.36976891076134,13.5632248061887,78.93299371695005,78.93299371695005,-1.1409176987606129,0.2367229300561625,1.3776406288167753,1.3776406288167753,3.509,experiment_data_subject0010.csv,56.35,2,高,False,True
0010,pendulumStimulus,block,pendulum,56.34999999998031,5.37670602662308,oscillation,1.397471231701325,1.2765793702565134,0.0278981218718795,0.0929937395729318,7.5137919935208926,6.863791993520892,0.15,0.5,115.944479772338,9.138162831521957,31.116211330730643,21.97804849920869,21.97804849920869,0.159491028993426,0.5430803384676159,0.38358930947419,0.38358930947419,2.9165999999996277,experiment_data_subject0010.csv,56.35,2,高,False,True
0010,pendulumStimulus,block,pendulum,56.35000000002189,5.376706026625223,oscillation,1.6400944879878827,1.5192026265431195,0.0278981218718684,0.0929937395728948,8.818305917799258,8.168305917799257,0.15,0.5,115.9444797724056,75.85033877652747,61.19870219321332,-14.651636583314149,14.651636583314149,1.3238381504035317,1.0681188512190474,-0.2557192991844843,0.2557192991844843,2.8527999999998137,experiment_data_subject0010.csv,56.35,2,高,False,True
0010,pendulumStimulus,block,pendulum,56.3499999999758,5.376706026622849,oscillation,1.6339606999554788,1.5130688385106623,0.0278981218718807,0.0929937395729358,8.785326342715512,8.135326342715512,0.15,0.5,115.94447977233068,-66.95128865663852,-29.228602595686787,37.722686060951744,37.72268606095173,-1.1685204255114736,-0.5101353510516954,0.6583850744597782,0.658385074459778,3.1726000000000933,experiment_data_subject0010.csv,56.35,2,高,False,True
0010,pendulumStimulus,block,pendulum,38.71000000000978,4.72465958530769,oscillation,1.184892925067215,1.0473168757744131,0.0317483190675696,0.1058277302252322,5.598215715982086,4.948215715982085,0.15,0.5,89.28378410381936,34.1708892079767,2.670424544051997,-31.500464663924703,31.500464663924703,0.5963945250133909,0.0466077007197757,-0.5497868242936151,0.5497868242936151,3.782100000000093,experiment_data_subject0010.csv,38.71,1,中,False,True
0010,pendulumStimulus,block,pendulum,38.71000000002328,4.724659585308059,oscillation,1.507477285905141,1.3699012366123495,0.0317483190675672,0.105827730225224,7.1223170084859015,6.472317008485901,0.15,0.5,89.28378410383908,23.166198354507745,2.429884827533351,-20.736313526974392,20.736313526974392,0.4043264364562526,0.0424094906847115,-0.3619169457715411,0.3619169457715411,3.1286999999997205,experiment_data_subject0010.csv,38.71,1,中,False,True
0010,pendulumStimulus,block,pendulum,38.70999999999242,4.724659585307218,oscillation,1.941761224862544,1.804185175569728,0.0317483190675728,0.1058277302252428,9.174160783424702,8.524160783424701,0.15,0.5,89.28378410379398,6.501201163724456,13.060335452000407,6.559134288275952,6.559134288275953,0.1134673656414787,0.2279458550523489,0.1144784894108702,0.1144784894108702,2.637200000000186,experiment_data_subject0010.csv,38.71,1,中,False,True
0010,pendulumStimulus,block,pendulum,38.70999999998556,4.72465958530703,oscillation,1.6857613463479912,1.54818529705517,0.0317483190675741,0.105827730225247,7.964648503563121,7.314648503563121,0.15,0.5,89.28378410378396,-37.03154017214236,14.52649059372906,51.55803076587142,51.55803076587142,-0.6463223030884319,0.253535089620558,0.8998573927089899,0.8998573927089899,3.075600000000093,experiment_data_subject0010.csv,38.71,1,中,False,True
0010,pendulumStimulus,block,pendulum,38.70999999998599,4.724659585307043,oscillation,2.006485528411704,1.868909479118884,0.031748319067574,0.1058277302252467,9.479961084590226,8.829961084590225,0.15,0.5,89.28378410378458,-6.759828739070151,-37.80078503129801,-31.040956292227868,31.040956292227868,-0.1179812683677107,-0.6597481586347381,-0.5417668902670274,0.5417668902670274,3.078399999999907,experiment_data_subject0010.csv,38.71,1,中,False,True
0010,pendulumStimulus,block,pendulum,44.59000000002538,4.899324052706631,oscillation,1.6337598476864224,1.5010884846560657,0.0306164683916207,0.1020548946387359,8.004318918116411,7.3543189181164115,0.15,0.5,97.90320773352204,-15.398445646797978,35.698206344771535,51.09665199156952,51.09665199156952,-0.2687535762260125,0.6230512377725933,0.8918048139986059,0.8918048139986059,2.816399999999907,experiment_data_subject0010.csv,44.59,1,中,False,True
0010,pendulumStimulus,block,pendulum,44.58999999999587,4.899324052705674,oscillation,1.749634377735489,1.6169630147051066,0.0306164683916267,0.1020548946387558,8.572025790280206,7.922025790280206,0.15,0.5,97.9032077334785,15.283518251803594,28.71223726208781,13.42871901028422,13.42871901028422,0.2667477147826205,0.5011230758372344,0.2343753610546138,0.2343753610546138,3.487899999999907,experiment_data_subject0010.csv,44.59,1,中,False,True
0010,pendulumStimulus,block,pendulum,44.59000000000337,4.899324052705917,oscillation,1.503891610151904,1.3712202471215278,0.0306164683916252,0.1020548946387508,7.368052338279853,6.718052338279852,0.15,0.5,97.90320773348957,64.13006117267824,60.036445501603566,-4.093615671074666,4.093615671074666,1.119280716968611,1.0478336451971209,-0.0714470717714901,0.0714470717714901,3.4052000000001863,experiment_data_subject0010.csv,44.59,1,中,False,True
0010,pendulumStimulus,block,pendulum,44.58999999998642,4.899324052705366,oscillation,1.562013437582942,1.429342074552551,0.0306164683916286,0.1020548946387622,7.6528100053990995,7.002810005399099,0.15,0.5,97.90320773346453,26.371594850451064,21.65150657057483,-4.720088279876234,4.720088279876234,0.4602711591423526,0.3778900776737168,-0.0823810814686358,0.0823810814686358,2.9325,experiment_data_subject0010.csv,44.59,1,中,False,True
0010,pendulumStimulus,block,pendulum,44.5900000000045,4.899324052705953,oscillation,1.809042222409324,1.6763708593789488,0.030616468391625,0.10205489463875,8.863084072610635,8.213084072610634,0.15,0.5,97.9032077334912,-50.159906244659005,-64.00463513754272,-13.84472889288371,13.84472889288371,-0.875455516460964,-1.117091619687774,-0.24163610322681,0.24163610322681,4.299399999999907,experiment_data_subject0010.csv,44.59,1,中,False,True
0010,pendulumStimulus,block,pendulum,24.010000000024355,4.389243040717149,oscillation,1.9379058236819904,1.7898165076039732,0.0341744575564655,0.1139148585215518,8.505939650161412,7.855939650161412,0.15,0.5,67.2009687281498,-17.73877070262288,-40.38680927827782,-22.64803857565494,22.64803857565494,-0.3095999540170772,-0.7048827962809427,-0.3952828422638655,0.3952828422638655,2.8753999999999067,experiment_data_subject0010.csv,24.01,0,低,False,True
0010,pendulumStimulus,block,pendulum,24.00999999999074,4.389243040716502,oscillation,2.034398075994613,1.8863087599165735,0.0341744575564705,0.1139148585215686,8.929467597106397,8.279467597106397,0.15,0.5,67.2009687280965,5.817477566645579,-22.68822253318961,-28.505700099835185,28.505700099835185,0.1015341376988731,-0.3959841846293271,-0.4975183223282003,0.4975183223282003,2.730700000000186,experiment_data_subject0010.csv,24.01,0,低,False,True
0010,pendulumStimulus,block,pendulum,24.00999999998249,4.389243040716344,oscillation,1.3029435056825651,1.1548541896045208,0.0341744575564718,0.1139148585215727,5.718935714763756,5.068935714763756,0.15,0.5,67.20096872808342,26.622380548187625,35.807149687487566,9.184769139299943,9.184769139299943,0.4646481952847669,0.6249526578011166,0.1603044625163497,0.1603044625163497,3.4013000000002798,experiment_data_subject0010.csv,24.01,0,低,False,True
0010,pendulumStimulus,block,pendulum,24.009999999999632,4.389243040716673,oscillation,2.0581934334342744,1.9101041173562407,0.0341744575564692,0.1139148585215641,9.033911204150144,8.383911204150143,0.15,0.5,67.20096872811061,2.662597184934788,-14.056097596098576,-16.718694781033363,16.718694781033363,0.0464710875314444,-0.2453251830335802,-0.2917962705650246,0.2917962705650246,3.208600000000093,experiment_data_subject0010.csv,24.01,0,低,False,True
0010,pendulumStimulus,block,pendulum,24.010000000010542,4.389243040716884,oscillation,1.982093044659619,1.8340037285815924,0.0341744575564676,0.1139148585215587,8.699888102325572,8.049888102325571,0.15,0.5,67.2009687281279,5.4101975698605225,32.333403523700255,26.92320595383973,26.92320595383973,0.094425760777462,0.5643243498645059,0.4698985890870437,0.4698985890870437,2.76,experiment_data_subject0010.csv,24.01,0,低,False,True
0010,pendulumStimulus,block,pendulum,6.369999999987983,4.099668686115566,oscillation,2.020553692691824,1.862004295224324,0.0365883224924999,0.1219610749749999,8.283600702543843,7.633600702543843,0.15,0.5,33.12294020771164,20.451071156328503,15.902602868360052,-4.54846828796845,4.54846828796845,0.3569385272375763,0.2775527796899772,-0.079385747547599,0.079385747547599,3.2445,experiment_data_subject0010.csv,6.37,0,低,False,True
0010,pendulumStimulus,block,pendulum,6.370000000000443,4.0996686861157405,oscillation,2.0385031068984856,1.8799537094309928,0.0365883224924984,0.1219610749749947,8.35718735390137,7.70718735390137,0.15,0.5,33.12294020774497,10.602439564739536,9.967426628314287,-0.6350129364252481,0.6350129364252481,0.1850474791484193,0.1739644126150413,-0.011083066533378,0.011083066533378,3.4717000000001863,experiment_data_subject0010.csv,6.37,0,低,False,True
0010,pendulumStimulus,block,pendulum,6.3699999999928885,4.099668686115634,oscillation,1.4295013153281544,1.270951917860657,0.0365883224924993,0.1219610749749979,5.860481779211945,5.210481779211944,0.15,0.5,33.12294020772476,-0.100076979378385,11.816711263689427,11.916788243067812,11.916788243067812,-0.0017466727956032,0.2062405183088803,0.2079871911044836,0.2079871911044836,3.728399999999907,experiment_data_subject0010.csv,6.37,0,低,False,True
0010,pendulumStimulus,block,pendulum,6.369999999995025,4.099668686115664,oscillation,1.5194025975473693,1.3608532000798732,0.0365883224924991,0.121961074974997,6.229047250767751,5.579047250767751,0.15,0.5,33.12294020773048,-5.256656695563526,14.509971995079384,19.76662869064291,19.76662869064291,-0.0917459669845887,0.2532467856863057,0.3449927526708944,0.3449927526708944,3.1717999999998137,experiment_data_subject0010.csv,6.37,0,低,False,True
0010,pendulumStimulus,block,pendulum,6.369999999982136,4.099668686115483,oscillation,2.0565445169162544,1.8979951194487512,0.0365883224925007,0.1219610749750024,8.431151157604061,7.781151157604061,0.15,0.5,33.122940207696,0.8873371107957506,9.604475611879376,8.717138501083625,8.717138501083625,0.0154869541585195,0.1676297223547921,0.1521427681962725,0.1521427681962725,2.5348000000002795,experiment_data_subject0010.csv,6.37,0,低,False,True
